period,model,tau_min,bin_lo,bin_hi,n,p_mean,y_mean,y_lo,y_hi,gap
validation,G-raw-2h,60,0,0.01,25146,0.0035234,0.015152,0.013714,0.016737,0.011628
validation,G-raw-2h,60,0.01,0.02,8382,0.012251,0.023264,0.020249,0.026716,0.011013
validation,G-raw-2h,60,0.02,0.05,16764,0.031453,0.03603,0.033313,0.038959,0.0045765
validation,G-raw-2h,60,0.05,0.1,8382,0.06688,0.059055,0.054208,0.064306,-0.0078248
validation,G-raw-2h,60,0.1,0.2,16764,0.13224,0.10642,0.10184,0.11118,-0.025822
validation,G-raw-2h,60,0.2,0.3,8382,0.22671,0.18599,0.17781,0.19447,-0.040718
validation,G-raw-2h,60,0.3,0.4,8382,0.3086,0.27678,0.26731,0.28646,-0.03182
validation,G-raw-2h,60,0.4,0.5,8382,0.40133,0.38833,0.37795,0.39881,-0.012998
validation,G-raw-2h,60,0.5,0.6,16764,0.54934,0.57224,0.56473,0.57971,0.022903
validation,G-raw-2h,60,0.6,0.7,8382,0.6914,0.74266,0.73319,0.75191,0.051266
validation,G-raw-2h,60,0.7,0.8,8382,0.77329,0.82653,0.81828,0.83449,0.053245
validation,G-raw-2h,60,0.8,0.9,16764,0.86776,0.898,0.89332,0.90249,0.030236
validation,G-raw-2h,60,0.9,0.95,8382,0.93312,0.94083,0.93557,0.94568,0.0077055
validation,G-raw-2h,60,0.95,0.98,16764,0.96855,0.96218,0.95919,0.96496,-0.006366
validation,G-raw-2h,60,0.98,0.99,8382,0.98775,0.9753,0.97176,0.97842,-0.012445
validation,G-raw-2h,60,0.99,1,25146,0.99648,0.98525,0.98368,0.98666,-0.01123
validation,G-raw-2h,45,0,0.01,25146,0.0035268,0.012646,0.011338,0.014104,0.0091193
validation,G-raw-2h,45,0.01,0.02,8382,0.01226,0.021594,0.018694,0.024932,0.0093336
validation,G-raw-2h,45,0.02,0.05,16764,0.03147,0.033524,0.030905,0.036358,0.0020547
validation,G-raw-2h,45,0.05,0.1,8382,0.066905,0.05643,0.051691,0.061577,-0.010474
validation,G-raw-2h,45,0.1,0.2,16764,0.13227,0.10308,0.098566,0.10777,-0.029192
validation,G-raw-2h,45,0.2,0.3,8382,0.22674,0.18516,0.17699,0.19362,-0.041582
validation,G-raw-2h,45,0.3,0.4,8382,0.30863,0.27487,0.26542,0.28453,-0.033751
validation,G-raw-2h,45,0.4,0.5,8382,0.40134,0.3869,0.37653,0.39738,-0.014442
validation,G-raw-2h,45,0.5,0.6,16764,0.54933,0.57146,0.56396,0.57894,0.022134
validation,G-raw-2h,45,0.6,0.7,8382,0.69137,0.73574,0.7262,0.74507,0.044369
validation,G-raw-2h,45,0.7,0.8,8382,0.77326,0.82188,0.81354,0.82992,0.048621
validation,G-raw-2h,45,0.8,0.9,16764,0.86773,0.89806,0.89338,0.90254,0.030326
validation,G-raw-2h,45,0.9,0.95,8382,0.9331,0.94059,0.93532,0.94545,0.0074915
validation,G-raw-2h,45,0.95,0.98,16764,0.96853,0.96337,0.96042,0.96611,-0.0051566
validation,G-raw-2h,45,0.98,0.99,8382,0.98774,0.97686,0.97341,0.97986,-0.010885
validation,G-raw-2h,45,0.99,1,25146,0.99647,0.98684,0.98535,0.98817,-0.0096363
validation,G-raw-2h,30,0,0.01,25146,0.0035339,0.012328,0.011037,0.013768,0.0087941
validation,G-raw-2h,30,0.01,0.02,8382,0.012279,0.021117,0.018251,0.024421,0.0088381
validation,G-raw-2h,30,0.02,0.05,16764,0.031503,0.031794,0.029244,0.034559,0.00029162
validation,G-raw-2h,30,0.05,0.1,8382,0.066954,0.049749,0.045298,0.054614,-0.017205
validation,G-raw-2h,30,0.1,0.2,16764,0.13233,0.093772,0.089452,0.098279,-0.038558
validation,G-raw-2h,30,0.2,0.3,8382,0.2268,0.17848,0.17043,0.18682,-0.048321
validation,G-raw-2h,30,0.3,0.4,8382,0.30867,0.26605,0.2567,0.27561,-0.042624
validation,G-raw-2h,30,0.4,0.5,8382,0.40137,0.37342,0.36312,0.38383,-0.027948
validation,G-raw-2h,30,0.5,0.6,16764,0.54932,0.56067,0.55314,0.56816,0.011349
validation,G-raw-2h,30,0.6,0.7,8382,0.69133,0.73097,0.72137,0.74036,0.039642
validation,G-raw-2h,30,0.7,0.8,8382,0.7732,0.81365,0.80517,0.82184,0.040446
validation,G-raw-2h,30,0.8,0.9,16764,0.86767,0.89794,0.89326,0.90243,0.030266
validation,G-raw-2h,30,0.9,0.95,8382,0.93305,0.94178,0.93656,0.94659,0.0087343
validation,G-raw-2h,30,0.95,0.98,16764,0.9685,0.96534,0.96247,0.96801,-0.0031549
validation,G-raw-2h,30,0.98,0.99,8382,0.98772,0.97829,0.97494,0.98119,-0.0094346
validation,G-raw-2h,30,0.99,1,25146,0.99647,0.98648,0.98498,0.98783,-0.0099872
validation,G-raw-2h,20,0,0.01,25146,0.0035446,0.010618,0.0094238,0.011962,0.0070734
validation,G-raw-2h,20,0.01,0.02,8382,0.012307,0.017895,0.01527,0.020962,0.0055889
validation,G-raw-2h,20,0.02,0.05,16764,0.031553,0.028692,0.026271,0.03133,-0.002861
validation,G-raw-2h,20,0.05,0.1,8382,0.06703,0.047602,0.043247,0.052371,-0.019428
validation,G-raw-2h,20,0.1,0.2,16764,0.13242,0.090849,0.086592,0.095294,-0.041573
validation,G-raw-2h,20,0.2,0.3,8382,0.22689,0.16392,0.15615,0.172,-0.062964
validation,G-raw-2h,20,0.3,0.4,8382,0.30874,0.25292,0.24373,0.26234,-0.055816
validation,G-raw-2h,20,0.4,0.5,8382,0.4014,0.37211,0.36182,0.38251,-0.029298
validation,G-raw-2h,20,0.5,0.6,16764,0.5493,0.56973,0.56222,0.57721,0.020435
validation,G-raw-2h,20,0.6,0.7,8382,0.69126,0.75376,0.74442,0.76286,0.062497
validation,G-raw-2h,20,0.7,0.8,8382,0.77311,0.8325,0.82435,0.84034,0.059385
validation,G-raw-2h,20,0.8,0.9,16764,0.86758,0.90999,0.90556,0.91422,0.042408
validation,G-raw-2h,20,0.9,0.95,8382,0.93297,0.95252,0.94775,0.95687,0.019548
validation,G-raw-2h,20,0.95,0.98,16764,0.96845,0.97167,0.96904,0.97407,0.0032189
validation,G-raw-2h,20,0.98,0.99,8382,0.98769,0.98258,0.97955,0.98517,-0.0051117
validation,G-raw-2h,20,0.99,1,25146,0.99646,0.98966,0.98833,0.99084,-0.006795
validation,G-raw-2h,15,0,0.01,25146,0.0035556,0.0092261,0.0081171,0.010485,0.0056705
validation,G-raw-2h,15,0.01,0.02,8382,0.012335,0.016702,0.014172,0.019676,0.0043672
validation,G-raw-2h,15,0.02,0.05,16764,0.031605,0.025889,0.023591,0.028404,-0.0057164
validation,G-raw-2h,15,0.05,0.1,8382,0.067108,0.044142,0.03995,0.048752,-0.022966
validation,G-raw-2h,15,0.1,0.2,16764,0.13252,0.090492,0.086242,0.094929,-0.042025
validation,G-raw-2h,15,0.2,0.3,8382,0.22698,0.17573,0.16774,0.18403,-0.051243
validation,G-raw-2h,15,0.3,0.4,8382,0.30881,0.26581,0.25646,0.27537,-0.043002
validation,G-raw-2h,15,0.4,0.5,8382,0.40144,0.37724,0.36692,0.38767,-0.024206
validation,G-raw-2h,15,0.5,0.6,16764,0.54928,0.56263,0.55511,0.57013,0.013356
validation,G-raw-2h,15,0.6,0.7,8382,0.69119,0.73813,0.72861,0.74743,0.046939
validation,G-raw-2h,15,0.7,0.8,8382,0.77302,0.83142,0.82326,0.83929,0.058401
validation,G-raw-2h,15,0.8,0.9,16764,0.86748,0.91028,0.90586,0.91452,0.0428
validation,G-raw-2h,15,0.9,0.95,8382,0.93289,0.95013,0.94526,0.95459,0.017239
validation,G-raw-2h,15,0.95,0.98,16764,0.96839,0.9694,0.96668,0.9719,0.0010039
validation,G-raw-2h,15,0.98,0.99,8382,0.98766,0.98234,0.97929,0.98495,-0.0053216
validation,G-raw-2h,15,0.99,1,25146,0.99644,0.98994,0.98863,0.9911,-0.0065056
validation,G-raw-2h,10,0,0.01,25146,0.0035785,0.0081126,0.0070766,0.0092989,0.0045341
validation,G-raw-2h,10,0.01,0.02,8382,0.012395,0.015032,0.012641,0.017868,0.0026376
validation,G-raw-2h,10,0.02,0.05,16764,0.031713,0.026127,0.023819,0.028653,-0.0055851
validation,G-raw-2h,10,0.05,0.1,8382,0.067269,0.047483,0.043134,0.052246,-0.019786
validation,G-raw-2h,10,0.1,0.2,16764,0.13271,0.092639,0.088343,0.097122,-0.040071
validation,G-raw-2h,10,0.2,0.3,8382,0.22716,0.17538,0.16738,0.18367,-0.051787
validation,G-raw-2h,10,0.3,0.4,8382,0.30895,0.26676,0.2574,0.27634,-0.042192
validation,G-raw-2h,10,0.4,0.5,8382,0.40152,0.37724,0.36692,0.38767,-0.024286
validation,G-raw-2h,10,0.5,0.6,16764,0.54924,0.57128,0.56378,0.57876,0.022045
validation,G-raw-2h,10,0.6,0.7,8382,0.69105,0.74541,0.73597,0.75462,0.054361
validation,G-raw-2h,10,0.7,0.8,8382,0.77284,0.83822,0.83019,0.84595,0.065387
validation,G-raw-2h,10,0.8,0.9,16764,0.86729,0.91255,0.90818,0.91673,0.045261
validation,G-raw-2h,10,0.9,0.95,8382,0.93273,0.9518,0.94701,0.95618,0.01907
validation,G-raw-2h,10,0.95,0.98,16764,0.96829,0.97017,0.96749,0.97264,0.0018867
validation,G-raw-2h,10,0.98,0.99,8382,0.98761,0.98199,0.97891,0.98462,-0.0056202
validation,G-raw-2h,10,0.99,1,25146,0.99642,0.98954,0.98821,0.99073,-0.0068804
validation,G-raw-2h,5,0,0.01,25146,0.0036545,0.0069196,0.0059676,0.0080222,0.0032651
validation,G-raw-2h,5,0.01,0.02,8382,0.012591,0.012169,0.010035,0.01475,-0.00042234
validation,G-raw-2h,5,0.02,0.05,16764,0.032067,0.021534,0.019444,0.023844,-0.010533
validation,G-raw-2h,5,0.05,0.1,8382,0.067798,0.043068,0.038928,0.047628,-0.024729
validation,G-raw-2h,5,0.1,0.2,16764,0.13335,0.083572,0.079477,0.087857,-0.049776
validation,G-raw-2h,5,0.2,0.3,8382,0.22777,0.15748,0.14984,0.16543,-0.070293
validation,G-raw-2h,5,0.3,0.4,8382,0.30943,0.24553,0.23643,0.25486,-0.063904
validation,G-raw-2h,5,0.4,0.5,8382,0.40178,0.36757,0.35731,0.37795,-0.03421
validation,G-raw-2h,5,0.5,0.6,16764,0.54911,0.57462,0.56712,0.58209,0.025516
validation,G-raw-2h,5,0.6,0.7,8382,0.69057,0.75901,0.74973,0.76804,0.068438
validation,G-raw-2h,5,0.7,0.8,8382,0.77223,0.84133,0.83335,0.84899,0.0691
validation,G-raw-2h,5,0.8,0.9,16764,0.86665,0.91476,0.91044,0.91889,0.048106
validation,G-raw-2h,5,0.9,0.95,8382,0.9322,0.9586,0.95412,0.96266,0.026399
validation,G-raw-2h,5,0.95,0.98,16764,0.96793,0.97674,0.97434,0.97891,0.0088028
validation,G-raw-2h,5,0.98,0.99,8382,0.98741,0.98676,0.98408,0.98899,-0.00065139
validation,G-raw-2h,5,0.99,1,25146,0.99635,0.99197,0.99079,0.993,-0.0043786
validation,G-raw-2h,3,0,0.01,25146,0.0037772,0.0062833,0.0053792,0.0073382,0.0025062
validation,G-raw-2h,3,0.01,0.02,8382,0.012907,0.011095,0.0090661,0.013572,-0.0018113
validation,G-raw-2h,3,0.02,0.05,16764,0.032632,0.021296,0.019217,0.023593,-0.011336
validation,G-raw-2h,3,0.05,0.1,8382,0.068637,0.040444,0.036433,0.044876,-0.028194
validation,G-raw-2h,3,0.1,0.2,16764,0.13436,0.079038,0.07505,0.08322,-0.055319
validation,G-raw-2h,3,0.2,0.3,8382,0.22874,0.14937,0.1419,0.15716,-0.07937
validation,G-raw-2h,3,0.3,0.4,8382,0.31018,0.24266,0.2336,0.25196,-0.067517
validation,G-raw-2h,3,0.4,0.5,8382,0.40219,0.35863,0.34843,0.36896,-0.043569
validation,G-raw-2h,3,0.5,0.6,16764,0.5489,0.57725,0.56975,0.58471,0.028346
validation,G-raw-2h,3,0.6,0.7,8382,0.68982,0.76807,0.75892,0.77699,0.078254
validation,G-raw-2h,3,0.7,0.8,8382,0.77126,0.84932,0.8415,0.85682,0.078058
validation,G-raw-2h,3,0.8,0.9,16764,0.86564,0.91977,0.91556,0.92379,0.054126
validation,G-raw-2h,3,0.9,0.95,8382,0.93136,0.95932,0.95487,0.96334,0.027955
validation,G-raw-2h,3,0.95,0.98,16764,0.96737,0.9799,0.97766,0.98191,0.012529
validation,G-raw-2h,3,0.98,0.99,8382,0.98709,0.98938,0.98695,0.99136,0.0022885
validation,G-raw-2h,3,0.99,1,25146,0.99622,0.99411,0.99309,0.99499,-0.0021085
validation,G-raw-2h,2,0,0.01,25146,0.0039794,0.0073968,0.0064104,0.0085337,0.0034174
validation,G-raw-2h,2,0.01,0.02,8382,0.01342,0.013123,0.0109,0.015792,-0.00029679
validation,G-raw-2h,2,0.02,0.05,16764,0.033544,0.021236,0.019161,0.023531,-0.012308
validation,G-raw-2h,2,0.05,0.1,8382,0.069984,0.039489,0.035527,0.043874,-0.030495
validation,G-raw-2h,2,0.1,0.2,16764,0.13597,0.076473,0.072547,0.080594,-0.059493
validation,G-raw-2h,2,0.2,0.3,8382,0.23027,0.14662,0.13921,0.15436,-0.083646
validation,G-raw-2h,2,0.3,0.4,8382,0.31137,0.22954,0.22066,0.23866,-0.081829
validation,G-raw-2h,2,0.4,0.5,8382,0.40285,0.34693,0.33682,0.35719,-0.055912
validation,G-raw-2h,2,0.5,0.6,16764,0.54858,0.57773,0.57023,0.58518,0.029149
validation,G-raw-2h,2,0.6,0.7,8382,0.68863,0.76831,0.75916,0.77722,0.079682
validation,G-raw-2h,2,0.7,0.8,8382,0.76973,0.85385,0.84613,0.86125,0.084123
validation,G-raw-2h,2,0.8,0.9,16764,0.86403,0.92544,0.92136,0.92932,0.061402
validation,G-raw-2h,2,0.9,0.95,8382,0.93002,0.96182,0.9575,0.96572,0.031807
validation,G-raw-2h,2,0.95,0.98,16764,0.96646,0.97942,0.97716,0.98146,0.012964
validation,G-raw-2h,2,0.98,0.99,8382,0.98658,0.98819,0.98564,0.99029,0.0016091
validation,G-raw-2h,2,0.99,1,25146,0.99602,0.9936,0.99253,0.99451,-0.0024232
validation,G-blend,60,0,0.01,22111,0.0034467,0.0093619,0.008175,0.010719,0.0059151
validation,G-blend,60,0.01,0.02,8497,0.014644,0.017065,0.014521,0.020045,0.0024209
validation,G-blend,60,0.02,0.05,14311,0.033436,0.029488,0.02684,0.032388,-0.0039485
validation,G-blend,60,0.05,0.1,13187,0.07291,0.051718,0.048067,0.05563,-0.021193
validation,G-blend,60,0.1,0.2,16026,0.14627,0.10414,0.099509,0.10897,-0.042129
validation,G-blend,60,0.2,0.3,11496,0.24815,0.19555,0.1884,0.2029,-0.052601
validation,G-blend,60,0.3,0.4,9712,0.34931,0.31755,0.30836,0.32687,-0.031769
validation,G-blend,60,0.4,0.5,5244,0.4175,0.40732,0.3941,0.42068,-0.01018
validation,G-blend,60,0.5,0.6,13626,0.53175,0.5499,0.54154,0.55824,0.018155
validation,G-blend,60,0.6,0.7,9712,0.65069,0.70542,0.69627,0.7144,0.05473
validation,G-blend,60,0.7,0.8,11496,0.75185,0.81585,0.80866,0.82283,0.063996
validation,G-blend,60,0.8,0.9,16026,0.85373,0.89854,0.89377,0.90312,0.044812
validation,G-blend,60,0.9,0.95,13187,0.92709,0.9473,0.94335,0.95098,0.020207
validation,G-blend,60,0.95,0.98,14311,0.96656,0.97058,0.96768,0.97323,0.0040184
validation,G-blend,60,0.98,0.99,8497,0.98536,0.98199,0.97894,0.98461,-0.0033624
validation,G-blend,60,0.99,1,22111,0.99655,0.99123,0.98991,0.99237,-0.0053272
validation,G-blend,45,0,0.01,22682,0.0034002,0.0086412,0.0075171,0.0099317,0.005241
validation,G-blend,45,0.01,0.02,8459,0.014597,0.016669,0.014152,0.019624,0.0020715
validation,G-blend,45,0.02,0.05,14286,0.033403,0.026179,0.023686,0.028928,-0.0072235
validation,G-blend,45,0.05,0.1,13026,0.07291,0.048595,0.045034,0.052423,-0.024315
validation,G-blend,45,0.1,0.2,15939,0.14627,0.1017,0.097103,0.10649,-0.04457
validation,G-blend,45,0.2,0.3,11425,0.24843,0.1986,0.19139,0.20602,-0.049827
validation,G-blend,45,0.3,0.4,9654,0.34986,0.31904,0.30981,0.32841,-0.03082
validation,G-blend,45,0.4,0.5,5113,0.41721,0.40035,0.387,0.41385,-0.016853
validation,G-blend,45,0.5,0.6,13495,0.53137,0.5502,0.5418,0.55858,0.018834
validation,G-blend,45,0.6,0.7,9654,0.65014,0.69204,0.68276,0.70118,0.041903
validation,G-blend,45,0.7,0.8,11425,0.75157,0.80919,0.80188,0.81629,0.057617
validation,G-blend,45,0.8,0.9,15939,0.85373,0.89962,0.89486,0.90419,0.045887
validation,G-blend,45,0.9,0.95,13026,0.92709,0.94641,0.94241,0.95015,0.019325
validation,G-blend,45,0.95,0.98,14286,0.9666,0.97053,0.96763,0.97318,0.0039336
validation,G-blend,45,0.98,0.99,8459,0.9854,0.98392,0.98101,0.98639,-0.0014804
validation,G-blend,45,0.99,1,22682,0.9966,0.99295,0.99177,0.99395,-0.0036538
validation,G-blend,30,0,0.01,25545,0.0031225,0.0077902,0.0067836,0.0089448,0.0046676
validation,G-blend,30,0.01,0.02,8295,0.014567,0.014708,0.012333,0.017532,0.00014093
validation,G-blend,30,0.02,0.05,13667,0.033277,0.026048,0.023508,0.028855,-0.0072292
validation,G-blend,30,0.05,0.1,12598,0.072828,0.046515,0.042974,0.050333,-0.026312
validation,G-blend,30,0.1,0.2,15354,0.14617,0.10304,0.098325,0.10794,-0.043137
validation,G-blend,30,0.2,0.3,11107,0.24862,0.20339,0.196,0.21097,-0.045239
validation,G-blend,30,0.3,0.4,9530,0.35188,0.31857,0.30929,0.328,-0.033307
validation,G-blend,30,0.4,0.5,4488,0.41674,0.38436,0.37023,0.39868,-0.032385
validation,G-blend,30,0.5,0.6,12870,0.52903,0.53287,0.52424,0.54148,0.003834
validation,G-blend,30,0.6,0.7,9530,0.64812,0.67985,0.67042,0.68915,0.031733
validation,G-blend,30,0.7,0.8,11107,0.75138,0.79418,0.78656,0.8016,0.042808
validation,G-blend,30,0.8,0.9,15354,0.85383,0.89104,0.88601,0.89587,0.03721
validation,G-blend,30,0.9,0.95,12598,0.92717,0.94324,0.93907,0.94715,0.016072
validation,G-blend,30,0.95,0.98,13667,0.96672,0.97066,0.96769,0.97336,0.0039366
validation,G-blend,30,0.98,0.99,8295,0.98543,0.98397,0.98103,0.98645,-0.001467
validation,G-blend,30,0.99,1,25545,0.99688,0.99166,0.99047,0.99271,-0.0052157
validation,G-blend,20,0,0.01,28275,0.0029774,0.0067551,0.0058651,0.0077791,0.0037777
validation,G-blend,20,0.01,0.02,8218,0.014578,0.016792,0.014232,0.019805,0.0022141
validation,G-blend,20,0.02,0.05,13325,0.033253,0.027017,0.024397,0.029909,-0.0062365
validation,G-blend,20,0.05,0.1,12102,0.072753,0.050901,0.047125,0.054961,-0.021852
validation,G-blend,20,0.1,0.2,14723,0.14603,0.10365,0.098827,0.10867,-0.042387
validation,G-blend,20,0.2,0.3,10712,0.24878,0.19735,0.18992,0.20499,-0.051427
validation,G-blend,20,0.3,0.4,9408,0.35385,0.31845,0.30911,0.32794,-0.035399
validation,G-blend,20,0.4,0.5,3821,0.41522,0.39047,0.37512,0.40604,-0.024749
validation,G-blend,20,0.5,0.6,12203,0.52655,0.53503,0.52617,0.54387,0.0084869
validation,G-blend,20,0.6,0.7,9408,0.64615,0.69377,0.68438,0.703,0.047622
validation,G-blend,20,0.7,0.8,10712,0.75122,0.80667,0.79908,0.81403,0.055441
validation,G-blend,20,0.8,0.9,14723,0.85397,0.89561,0.89056,0.90044,0.04164
validation,G-blend,20,0.9,0.95,12102,0.92725,0.94769,0.94358,0.95152,0.020448
validation,G-blend,20,0.95,0.98,13325,0.96675,0.97478,0.97198,0.97731,0.0080376
validation,G-blend,20,0.98,0.99,8218,0.98542,0.98613,0.98336,0.98844,0.00070629
validation,G-blend,20,0.99,1,28275,0.99702,0.99211,0.99101,0.99308,-0.0049094
validation,G-blend,15,0,0.01,28830,0.0029085,0.0063822,0.0055265,0.0073695,0.0034738
validation,G-blend,15,0.01,0.02,8260,0.014544,0.01368,0.011392,0.016421,-0.00086377
validation,G-blend,15,0.02,0.05,13247,0.033294,0.025515,0.022964,0.028341,-0.0077789
validation,G-blend,15,0.05,0.1,12011,0.072875,0.049621,0.045879,0.053651,-0.023254
validation,G-blend,15,0.1,0.2,14580,0.14626,0.10672,0.10181,0.11184,-0.039537
validation,G-blend,15,0.2,0.3,10600,0.24893,0.20953,0.20189,0.21738,-0.039402
validation,G-blend,15,0.3,0.4,9386,0.35429,0.32921,0.31978,0.33879,-0.025081
validation,G-blend,15,0.4,0.5,3670,0.4152,0.39728,0.38156,0.41321,-0.017921
validation,G-blend,15,0.5,0.6,12052,0.52582,0.53327,0.52436,0.54217,0.0074485
validation,G-blend,15,0.6,0.7,9386,0.64571,0.67249,0.66293,0.68191,0.026785
validation,G-blend,15,0.7,0.8,10600,0.75107,0.79623,0.78845,0.80379,0.045157
validation,G-blend,15,0.8,0.9,14580,0.85374,0.89335,0.88823,0.89825,0.039605
validation,G-blend,15,0.9,0.95,12011,0.92713,0.94597,0.94178,0.94987,0.018841
validation,G-blend,15,0.95,0.98,13247,0.96671,0.97207,0.96912,0.97474,0.0053633
validation,G-blend,15,0.98,0.99,8260,0.98546,0.98402,0.98108,0.98651,-0.0014365
validation,G-blend,15,0.99,1,28830,0.99709,0.99268,0.99163,0.9936,-0.0044103
validation,G-blend,10,0,0.01,30811,0.0027215,0.0055175,0.0047498,0.0064085,0.002796
validation,G-blend,10,0.01,0.02,8065,0.014599,0.016987,0.014388,0.020046,0.0023875
validation,G-blend,10,0.02,0.05,12831,0.033264,0.027667,0.024968,0.03065,-0.0055966
validation,G-blend,10,0.05,0.1,11761,0.072831,0.056203,0.052183,0.060512,-0.016628
validation,G-blend,10,0.1,0.2,14117,0.1461,0.11348,0.10835,0.11882,-0.032618
validation,G-blend,10,0.2,0.3,10514,0.24919,0.21571,0.20795,0.22368,-0.033474
validation,G-blend,10,0.3,0.4,9289,0.35624,0.33524,0.32571,0.3449,-0.021006
validation,G-blend,10,0.4,0.5,3196,0.41557,0.4005,0.38364,0.4176,-0.01507
validation,G-blend,10,0.5,0.6,11578,0.52331,0.5355,0.5264,0.54457,0.012192
validation,G-blend,10,0.6,0.7,9289,0.64376,0.67876,0.66919,0.68818,0.035001
validation,G-blend,10,0.7,0.8,10514,0.75081,0.79703,0.78924,0.80461,0.046219
validation,G-blend,10,0.8,0.9,14117,0.8539,0.89318,0.88798,0.89817,0.039276
validation,G-blend,10,0.9,0.95,11761,0.92717,0.94201,0.93764,0.94609,0.014842
validation,G-blend,10,0.95,0.98,12831,0.96674,0.97007,0.96698,0.97288,0.0033364
validation,G-blend,10,0.98,0.99,8065,0.9854,0.98053,0.97728,0.98333,-0.0048673
validation,G-blend,10,0.99,1,30811,0.99728,0.99241,0.99137,0.99332,-0.0048732
validation,G-blend,5,0,0.01,34454,0.0024453,0.0052824,0.0045702,0.0061049,0.0028371
validation,G-blend,5,0.01,0.02,7840,0.014569,0.014286,0.011887,0.01716,-0.00028338
validation,G-blend,5,0.02,0.05,12271,0.033201,0.027626,0.024871,0.030677,-0.0055751
validation,G-blend,5,0.05,0.1,11093,0.072734,0.053998,0.049944,0.05836,-0.018736
validation,G-blend,5,0.1,0.2,13455,0.14614,0.11208,0.10686,0.11752,-0.034061
validation,G-blend,5,0.2,0.3,9870,0.24912,0.21074,0.20281,0.2189,-0.038379
validation,G-blend,5,0.3,0.4,9058,0.35726,0.33219,0.32257,0.34196,-0.025065
validation,G-blend,5,0.4,0.5,2543,0.41468,0.40464,0.38572,0.42385,-0.010036
validation,G-blend,5,0.5,0.6,10925,0.51986,0.53199,0.52262,0.54133,0.01213
validation,G-blend,5,0.6,0.7,9058,0.64274,0.67366,0.66393,0.68324,0.030917
validation,G-blend,5,0.7,0.8,9870,0.75088,0.79291,0.7848,0.80079,0.042027
validation,G-blend,5,0.8,0.9,13455,0.85386,0.88673,0.88127,0.89198,0.032872
validation,G-blend,5,0.9,0.95,11093,0.92727,0.94357,0.93912,0.94771,0.016302
validation,G-blend,5,0.95,0.98,12271,0.9668,0.97197,0.96889,0.97474,0.0051676
validation,G-blend,5,0.98,0.99,7840,0.98543,0.98189,0.97869,0.98461,-0.0035431
validation,G-blend,5,0.99,1,34454,0.99755,0.99388,0.993,0.99465,-0.0036788
validation,G-blend,3,0,0.01,37778,0.0022128,0.0051882,0.0045124,0.0059647,0.0029754
validation,G-blend,3,0.01,0.02,7570,0.014545,0.017701,0.014966,0.020926,0.0031563
validation,G-blend,3,0.02,0.05,11722,0.033175,0.029773,0.026847,0.033007,-0.0034015
validation,G-blend,3,0.05,0.1,10525,0.072773,0.058717,0.054385,0.063372,-0.014056
validation,G-blend,3,0.1,0.2,12783,0.14608,0.11461,0.1092,0.12024,-0.031478
validation,G-blend,3,0.2,0.3,9366,0.24866,0.21802,0.20978,0.2265,-0.030641
validation,G-blend,3,0.3,0.4,8861,0.3579,0.33563,0.32587,0.34553,-0.022276
validation,G-blend,3,0.4,0.5,1979,0.41445,0.39717,0.37583,0.41891,-0.017279
validation,G-blend,3,0.5,0.6,10361,0.51634,0.52234,0.51272,0.53195,0.0060028
validation,G-blend,3,0.6,0.7,8861,0.6421,0.68017,0.67038,0.6898,0.038076
validation,G-blend,3,0.7,0.8,9366,0.75134,0.79383,0.78552,0.8019,0.042492
validation,G-blend,3,0.8,0.9,12783,0.85392,0.88336,0.87768,0.88881,0.029444
validation,G-blend,3,0.9,0.95,10525,0.92723,0.93986,0.93515,0.94424,0.01263
validation,G-blend,3,0.95,0.98,11722,0.96683,0.96878,0.96547,0.97177,0.0019513
validation,G-blend,3,0.98,0.99,7570,0.98545,0.98177,0.9785,0.98455,-0.0036847
validation,G-blend,3,0.99,1,37778,0.99779,0.99439,0.99358,0.99509,-0.0033989
validation,G-blend,2,0,0.01,38586,0.0021484,0.0054424,0.0047559,0.0062273,0.003294
validation,G-blend,2,0.01,0.02,7548,0.014533,0.016561,0.013918,0.019695,0.0020277
validation,G-blend,2,0.02,0.05,11577,0.033205,0.033515,0.030388,0.036951,0.00030964
validation,G-blend,2,0.05,0.1,10383,0.072861,0.059809,0.055409,0.064535,-0.013052
validation,G-blend,2,0.1,0.2,12574,0.14601,0.11516,0.1097,0.12086,-0.030848
validation,G-blend,2,0.2,0.3,9268,0.24841,0.21105,0.20286,0.21948,-0.037357
validation,G-blend,2,0.3,0.4,8803,0.35806,0.32319,0.31349,0.33303,-0.034871
validation,G-blend,2,0.4,0.5,1845,0.41447,0.39729,0.3752,0.41981,-0.017177
validation,G-blend,2,0.5,0.6,10227,0.51543,0.52303,0.51334,0.5327,0.0075968
validation,G-blend,2,0.6,0.7,8803,0.64194,0.67534,0.66548,0.68504,0.033394
validation,G-blend,2,0.7,0.8,9268,0.75159,0.79618,0.78786,0.80426,0.044586
validation,G-blend,2,0.8,0.9,12574,0.85399,0.88699,0.88134,0.89241,0.032996
validation,G-blend,2,0.9,0.95,10383,0.92714,0.94183,0.93716,0.94617,0.014689
validation,G-blend,2,0.95,0.98,11577,0.96679,0.96908,0.96576,0.97208,0.0022817
validation,G-blend,2,0.98,0.99,7548,0.98547,0.98092,0.97758,0.98377,-0.0045449
validation,G-blend,2,0.99,1,38586,0.99785,0.99303,0.99215,0.99381,-0.004823
validation,T-blend,60,0,0.01,13825,0.0063579,0.0083183,0.0069349,0.0099748,0.0019604
validation,T-blend,60,0.01,0.02,15923,0.014587,0.014068,0.012352,0.016018,-0.00051959
validation,T-blend,60,0.02,0.05,22291,0.032571,0.033377,0.031098,0.035816,0.00080602
validation,T-blend,60,0.05,0.1,15339,0.071895,0.073864,0.069831,0.078111,0.0019687
validation,T-blend,60,0.1,0.2,14683,0.14454,0.15923,0.1534,0.16524,0.014691
validation,T-blend,60,0.2,0.3,8978,0.24619,0.26621,0.25717,0.27545,0.020012
validation,T-blend,60,0.3,0.4,8584,0.35609,0.37651,0.36632,0.38682,0.020422
validation,T-blend,60,0.4,0.5,961,0.4098,0.43392,0.40291,0.46546,0.024127
validation,T-blend,60,0.5,0.6,9343,0.50928,0.51836,0.50822,0.52848,0.0090778
validation,T-blend,60,0.6,0.7,8584,0.64391,0.64469,0.6345,0.65475,0.00078068
validation,T-blend,60,0.7,0.8,8978,0.75381,0.75139,0.74235,0.76022,-0.0024135
validation,T-blend,60,0.8,0.9,14683,0.85546,0.85269,0.84686,0.85833,-0.0027722
validation,T-blend,60,0.9,0.95,15339,0.9281,0.92372,0.91942,0.92782,-0.0043808
validation,T-blend,60,0.95,0.98,22291,0.96743,0.966,0.96353,0.9683,-0.0014341
validation,T-blend,60,0.98,0.99,15923,0.98541,0.98556,0.98358,0.9873,0.00014278
validation,T-blend,60,0.99,1,13825,0.99364,0.99298,0.99145,0.99424,-0.00065841
validation,T-blend,45,0,0.01,14536,0.0062373,0.0072234,0.005971,0.0087362,0.00098619
validation,T-blend,45,0.01,0.02,15227,0.01458,0.013857,0.012119,0.01584,-0.00072313
validation,T-blend,45,0.02,0.05,21703,0.032558,0.029397,0.027232,0.031729,-0.0031607
validation,T-blend,45,0.05,0.1,15279,0.071905,0.069049,0.065136,0.073178,-0.0028565
validation,T-blend,45,0.1,0.2,14795,0.14465,0.14944,0.14379,0.15528,0.004792
validation,T-blend,45,0.2,0.3,9277,0.247,0.26258,0.25373,0.27164,0.015588
validation,T-blend,45,0.3,0.4,8649,0.35731,0.37507,0.36493,0.38533,0.017759
validation,T-blend,45,0.4,0.5,1118,0.41055,0.41234,0.38384,0.44145,0.0017933
validation,T-blend,45,0.5,0.6,9500,0.51053,0.51747,0.50742,0.52751,0.0069468
validation,T-blend,45,0.6,0.7,8649,0.64269,0.64562,0.63548,0.65564,0.0029369
validation,T-blend,45,0.7,0.8,9277,0.753,0.7496,0.74068,0.75831,-0.0034073
validation,T-blend,45,0.8,0.9,14795,0.85535,0.85259,0.84678,0.85821,-0.0027643
validation,T-blend,45,0.9,0.95,15279,0.92809,0.92774,0.92353,0.93174,-0.00035055
validation,T-blend,45,0.95,0.98,21703,0.96744,0.96719,0.96474,0.96948,-0.00024893
validation,T-blend,45,0.98,0.99,15227,0.98542,0.98759,0.9857,0.98923,0.0021679
validation,T-blend,45,0.99,1,14536,0.99376,0.9945,0.99316,0.99558,0.00073368
validation,T-blend,30,0,0.01,17579,0.0057585,0.0058593,0.004834,0.0071005,0.00010075
validation,T-blend,30,0.01,0.02,14549,0.014545,0.012853,0.011147,0.014816,-0.0016921
validation,T-blend,30,0.02,0.05,20220,0.032684,0.028338,0.026139,0.030717,-0.0043459
validation,T-blend,30,0.05,0.1,14634,0.072051,0.064917,0.061039,0.069024,-0.0071336
validation,T-blend,30,0.1,0.2,14481,0.14457,0.14308,0.13748,0.14888,-0.0014856
validation,T-blend,30,0.2,0.3,9303,0.24688,0.25293,0.2442,0.26186,0.0060481
validation,T-blend,30,0.3,0.4,8632,0.35695,0.36342,0.35333,0.37362,0.0064614
validation,T-blend,30,0.4,0.5,1186,0.41242,0.41315,0.38545,0.44141,0.00073573
validation,T-blend,30,0.5,0.6,9568,0.51086,0.50732,0.4973,0.51733,-0.0035402
validation,T-blend,30,0.6,0.7,8632,0.64305,0.63612,0.62591,0.64621,-0.0069248
validation,T-blend,30,0.7,0.8,9303,0.75312,0.74481,0.73585,0.75357,-0.0083055
validation,T-blend,30,0.8,0.9,14481,0.85543,0.84601,0.84003,0.85179,-0.0094253
validation,T-blend,30,0.9,0.95,14634,0.92795,0.9277,0.92339,0.93179,-0.00024648
validation,T-blend,30,0.95,0.98,20220,0.96732,0.96815,0.96564,0.97048,0.0008345
validation,T-blend,30,0.98,0.99,14549,0.98545,0.98577,0.98372,0.98757,0.00031747
validation,T-blend,30,0.99,1,17579,0.99424,0.9934,0.99209,0.99449,-0.00084027
validation,T-blend,20,0,0.01,19832,0.0057626,0.0051936,0.0042846,0.0062943,-0.000569
validation,T-blend,20,0.01,0.02,15153,0.014467,0.013265,0.011563,0.015214,-0.0012028
validation,T-blend,20,0.02,0.05,19996,0.032549,0.029856,0.027586,0.032307,-0.0026928
validation,T-blend,20,0.05,0.1,14042,0.071847,0.071001,0.06687,0.075368,-0.0008459
validation,T-blend,20,0.1,0.2,13836,0.14438,0.14491,0.13914,0.15088,0.00052745
validation,T-blend,20,0.2,0.3,8551,0.24553,0.24886,0.23981,0.25814,0.0033272
validation,T-blend,20,0.3,0.4,8438,0.35533,0.36383,0.35363,0.37416,0.008496
validation,T-blend,20,0.4,0.5,736,0.41158,0.45109,0.41548,0.4872,0.039508
validation,T-blend,20,0.5,0.6,9118,0.50714,0.50844,0.49818,0.5187,0.0013075
validation,T-blend,20,0.6,0.7,8438,0.64467,0.64648,0.63622,0.65661,0.0018145
validation,T-blend,20,0.7,0.8,8551,0.75447,0.75441,0.74518,0.76342,-5.2737e-05
validation,T-blend,20,0.8,0.9,13836,0.85562,0.85444,0.84846,0.86022,-0.0011779
validation,T-blend,20,0.9,0.95,14042,0.92815,0.92921,0.92485,0.93334,0.0010595
validation,T-blend,20,0.95,0.98,19996,0.96745,0.97104,0.96863,0.97328,0.003593
validation,T-blend,20,0.98,0.99,15153,0.98553,0.98865,0.98683,0.99022,0.0031166
validation,T-blend,20,0.99,1,19832,0.99424,0.99269,0.9914,0.99378,-0.0015488
validation,T-blend,15,0,0.01,21687,0.0053639,0.005441,0.0045458,0.0065115,7.7195e-05
validation,T-blend,15,0.01,0.02,14121,0.014457,0.010764,0.0091902,0.012604,-0.0036934
validation,T-blend,15,0.02,0.05,18906,0.032604,0.028986,0.026688,0.031474,-0.003618
validation,T-blend,15,0.05,0.1,13738,0.072008,0.065585,0.061565,0.069847,-0.0064239
validation,T-blend,15,0.1,0.2,13812,0.14463,0.14545,0.13967,0.15143,0.00082209
validation,T-blend,15,0.2,0.3,8873,0.24641,0.25561,0.24664,0.26479,0.0091962
validation,T-blend,15,0.3,0.4,8540,0.35685,0.37037,0.36019,0.38067,0.013522
validation,T-blend,15,0.4,0.5,907,0.41208,0.43771,0.40575,0.47019,0.025623
validation,T-blend,15,0.5,0.6,9289,0.50858,0.51276,0.50259,0.52291,0.0041727
validation,T-blend,15,0.6,0.7,8540,0.64315,0.63372,0.62345,0.64388,-0.0094238
validation,T-blend,15,0.7,0.8,8873,0.75359,0.74484,0.73567,0.75381,-0.0087454
validation,T-blend,15,0.8,0.9,13812,0.85537,0.85578,0.84982,0.86154,0.00040872
validation,T-blend,15,0.9,0.95,13738,0.92799,0.92917,0.92476,0.93335,0.001183
validation,T-blend,15,0.95,0.98,18906,0.9674,0.96937,0.96682,0.97174,0.0019783
validation,T-blend,15,0.98,0.99,14121,0.98554,0.98704,0.98504,0.98878,0.001498
validation,T-blend,15,0.99,1,21687,0.99464,0.99396,0.99284,0.99491,-0.00067663
validation,T-blend,10,0,0.01,23219,0.0051842,0.0041776,0.003426,0.0050932,-0.0010066
validation,T-blend,10,0.01,0.02,13703,0.014489,0.012479,0.010752,0.014479,-0.0020101
validation,T-blend,10,0.02,0.05,18404,0.032717,0.030809,0.028408,0.033405,-0.0019083
validation,T-blend,10,0.05,0.1,13389,0.072011,0.069759,0.065566,0.074198,-0.0022526
validation,T-blend,10,0.1,0.2,13720,0.14455,0.14847,0.14262,0.15452,0.0039244
validation,T-blend,10,0.2,0.3,8677,0.24594,0.25723,0.24814,0.26653,0.011294
validation,T-blend,10,0.3,0.4,8498,0.3554,0.36856,0.35836,0.37887,0.013153
validation,T-blend,10,0.4,0.5,974,0.4123,0.42813,0.3974,0.45943,0.015826
validation,T-blend,10,0.5,0.6,9356,0.50913,0.51496,0.50483,0.52508,0.0058342
validation,T-blend,10,0.6,0.7,8498,0.6446,0.64756,0.63734,0.65765,0.0029685
validation,T-blend,10,0.7,0.8,8677,0.75406,0.75418,0.74501,0.76312,0.00011562
validation,T-blend,10,0.8,0.9,13720,0.85545,0.86042,0.85452,0.86612,0.0049678
validation,T-blend,10,0.9,0.95,13389,0.92799,0.93076,0.92634,0.93494,0.0027754
validation,T-blend,10,0.95,0.98,18404,0.96728,0.96745,0.96479,0.96992,0.00016951
validation,T-blend,10,0.98,0.99,13703,0.98551,0.98438,0.98217,0.98633,-0.0011278
validation,T-blend,10,0.99,1,23219,0.99482,0.99397,0.99289,0.99489,-0.0008453
validation,T-blend,5,0,0.01,26997,0.0047799,0.0041116,0.0034156,0.0049486,-0.00066829
validation,T-blend,5,0.01,0.02,13220,0.014443,0.011422,0.0097473,0.013381,-0.0030205
validation,T-blend,5,0.02,0.05,17521,0.032662,0.029165,0.026775,0.031762,-0.003497
validation,T-blend,5,0.05,0.1,12665,0.072126,0.068456,0.064188,0.072986,-0.0036697
validation,T-blend,5,0.1,0.2,12946,0.1445,0.14429,0.13834,0.15045,-0.00021032
validation,T-blend,5,0.2,0.3,8168,0.24442,0.24902,0.23976,0.25852,0.0045997
validation,T-blend,5,0.3,0.4,8306,0.35314,0.36058,0.35032,0.37097,0.0074456
validation,T-blend,5,0.4,0.5,761,0.41182,0.42181,0.3872,0.45721,0.0099968
validation,T-blend,5,0.5,0.6,9143,0.50734,0.51187,0.50162,0.52211,0.0045272
validation,T-blend,5,0.6,0.7,8306,0.64686,0.65266,0.64235,0.66283,0.0057978
validation,T-blend,5,0.7,0.8,8168,0.75558,0.75588,0.74644,0.76507,0.00029743
validation,T-blend,5,0.8,0.9,12946,0.8555,0.85424,0.84806,0.86021,-0.0012573
validation,T-blend,5,0.9,0.95,12665,0.92787,0.9302,0.92563,0.93451,0.0023274
validation,T-blend,5,0.95,0.98,17521,0.96734,0.96969,0.96705,0.97213,0.0023555
validation,T-blend,5,0.98,0.99,13220,0.98556,0.98608,0.98394,0.98794,0.00052432
validation,T-blend,5,0.99,1,26997,0.99522,0.99511,0.99421,0.99588,-0.00010957
validation,T-blend,3,0,0.01,30199,0.0044792,0.0037418,0.0031135,0.0044964,-0.00073739
validation,T-blend,3,0.01,0.02,12966,0.014438,0.012957,0.01115,0.015053,-0.0014814
validation,T-blend,3,0.02,0.05,16685,0.03266,0.031525,0.02898,0.034286,-0.0011345
validation,T-blend,3,0.05,0.1,12100,0.072164,0.072397,0.067914,0.077151,0.00023273
validation,T-blend,3,0.1,0.2,12371,0.14478,0.14793,0.14178,0.15429,0.003145
validation,T-blend,3,0.2,0.3,7561,0.24336,0.25155,0.2419,0.26146,0.0081901
validation,T-blend,3,0.3,0.4,8102,0.35006,0.35646,0.3461,0.36695,0.0063936
validation,T-blend,3,0.4,0.5,600,0.41143,0.435,0.39587,0.47496,0.023566
validation,T-blend,3,0.5,0.6,8982,0.50592,0.50768,0.49734,0.51802,0.0017658
validation,T-blend,3,0.6,0.7,8102,0.64994,0.65712,0.64671,0.66738,0.0071833
validation,T-blend,3,0.7,0.8,7561,0.75664,0.76048,0.75073,0.76997,0.0038453
validation,T-blend,3,0.8,0.9,12371,0.85522,0.8545,0.84817,0.8606,-0.00072
validation,T-blend,3,0.9,0.95,12100,0.92784,0.92579,0.92098,0.93032,-0.0020509
validation,T-blend,3,0.95,0.98,16685,0.96734,0.96722,0.9644,0.96981,-0.00012407
validation,T-blend,3,0.98,0.99,12966,0.98556,0.98658,0.98445,0.98842,0.0010186
validation,T-blend,3,0.99,1,30199,0.99552,0.99589,0.99511,0.99655,0.00037314
validation,T-blend,2,0,0.01,30131,0.0046581,0.0037835,0.0031507,0.0045428,-0.00087466
validation,T-blend,2,0.01,0.02,13404,0.01442,0.012981,0.0112,0.015042,-0.0014385
validation,T-blend,2,0.02,0.05,17005,0.032515,0.034402,0.031766,0.037248,0.001887
validation,T-blend,2,0.05,0.1,12149,0.071921,0.074327,0.069796,0.079127,0.0024062
validation,T-blend,2,0.1,0.2,12224,0.14458,0.14774,0.14156,0.15414,0.0031612
validation,T-blend,2,0.2,0.3,7235,0.24259,0.24437,0.2346,0.2544,0.0017808
validation,T-blend,2,0.3,0.4,7946,0.34782,0.34823,0.33783,0.35877,0.00040934
validation,T-blend,2,0.4,0.5,490,0.41093,0.42653,0.38348,0.47073,0.015597
validation,T-blend,2,0.5,0.6,8872,0.50492,0.50575,0.49534,0.51615,0.00082929
validation,T-blend,2,0.6,0.7,7946,0.65218,0.65782,0.64731,0.66817,0.0056314
validation,T-blend,2,0.7,0.8,7235,0.75741,0.75549,0.74546,0.76526,-0.001919
validation,T-blend,2,0.8,0.9,12224,0.85542,0.85447,0.8481,0.86061,-0.00095246
validation,T-blend,2,0.9,0.95,12149,0.92808,0.92855,0.92384,0.933,0.00047467
validation,T-blend,2,0.95,0.98,17005,0.96749,0.96854,0.96581,0.97106,0.0010533
validation,T-blend,2,0.98,0.99,13404,0.98558,0.98411,0.98185,0.98609,-0.001471
validation,T-blend,2,0.99,1,30131,0.99534,0.99492,0.99405,0.99566,-0.00041969
validation,MIX-blend,60,0,0.01,13216,0.0059448,0.0083989,0.0069796,0.010104,0.0024541
validation,MIX-blend,60,0.01,0.02,13988,0.014685,0.012439,0.010732,0.014414,-0.002246
validation,MIX-blend,60,0.02,0.05,22135,0.032887,0.030043,0.027874,0.032375,-0.0028441
validation,MIX-blend,60,0.05,0.1,16501,0.071988,0.067269,0.063547,0.071192,-0.0047198
validation,MIX-blend,60,0.1,0.2,15962,0.14433,0.15293,0.14743,0.15859,0.0085948
validation,MIX-blend,60,0.2,0.3,9350,0.24565,0.2646,0.25576,0.27364,0.018944
validation,MIX-blend,60,0.3,0.4,8656,0.35494,0.37927,0.36911,0.38955,0.024333
validation,MIX-blend,60,0.4,0.5,776,0.4093,0.4317,0.39727,0.4668,0.022404
validation,MIX-blend,60,0.5,0.6,9158,0.50769,0.5166,0.50636,0.52682,0.0089118
validation,MIX-blend,60,0.6,0.7,8656,0.64506,0.64233,0.63217,0.65236,-0.0027291
validation,MIX-blend,60,0.7,0.8,9350,0.75435,0.75251,0.74366,0.76116,-0.0018316
validation,MIX-blend,60,0.8,0.9,15962,0.85567,0.8581,0.8526,0.86343,0.0024314
validation,MIX-blend,60,0.9,0.95,16501,0.92801,0.93103,0.92707,0.9348,0.0030229
validation,MIX-blend,60,0.95,0.98,22135,0.96711,0.96919,0.96683,0.97139,0.0020761
validation,MIX-blend,60,0.98,0.99,13988,0.98531,0.98706,0.98505,0.9888,0.0017456
validation,MIX-blend,60,0.99,1,13216,0.99406,0.99266,0.99106,0.99398,-0.0013948
validation,MIX-blend,45,0,0.01,13294,0.0059095,0.0072965,0.0059853,0.0088924,0.001387
validation,MIX-blend,45,0.01,0.02,13715,0.01468,0.011958,0.01027,0.013918,-0.0027222
validation,MIX-blend,45,0.02,0.05,21759,0.032908,0.027299,0.025216,0.029549,-0.0056094
validation,MIX-blend,45,0.05,0.1,16478,0.07205,0.061658,0.058087,0.065434,-0.010392
validation,MIX-blend,45,0.1,0.2,16044,0.1445,0.14379,0.13845,0.14931,-0.00070415
validation,MIX-blend,45,0.2,0.3,9632,0.24648,0.25986,0.2512,0.26872,0.013384
validation,MIX-blend,45,0.3,0.4,8713,0.35627,0.37679,0.36667,0.38702,0.020524
validation,MIX-blend,45,0.4,0.5,949,0.41,0.41834,0.38734,0.44999,0.008333
validation,MIX-blend,45,0.5,0.6,9331,0.50915,0.5157,0.50556,0.52583,0.0065472
validation,MIX-blend,45,0.6,0.7,8713,0.64373,0.6441,0.63398,0.65408,0.0003648
validation,MIX-blend,45,0.7,0.8,9632,0.75352,0.74907,0.74031,0.75762,-0.0044555
validation,MIX-blend,45,0.8,0.9,16044,0.8555,0.85976,0.8543,0.86505,0.0042569
validation,MIX-blend,45,0.9,0.95,16478,0.92795,0.93337,0.92946,0.93707,0.0054161
validation,MIX-blend,45,0.95,0.98,21759,0.96709,0.97095,0.96864,0.9731,0.003863
validation,MIX-blend,45,0.98,0.99,13715,0.98532,0.98935,0.98749,0.99094,0.0040346
validation,MIX-blend,45,0.99,1,13294,0.99409,0.99436,0.99293,0.9955,0.00026786
validation,MIX-blend,30,0,0.01,15935,0.0054926,0.0056479,0.0045976,0.0069366,0.00015537
validation,MIX-blend,30,0.01,0.02,13337,0.014639,0.011772,0.010077,0.013748,-0.0028677
validation,MIX-blend,30,0.02,0.05,20518,0.032908,0.02432,0.0223,0.026519,-0.0085881
validation,MIX-blend,30,0.05,0.1,15772,0.072085,0.059726,0.056134,0.063533,-0.012358
validation,MIX-blend,30,0.1,0.2,15633,0.14434,0.13727,0.13197,0.14276,-0.0070691
validation,MIX-blend,30,0.2,0.3,9651,0.24653,0.2521,0.24354,0.26086,0.0055669
validation,MIX-blend,30,0.3,0.4,8697,0.35628,0.36231,0.35227,0.37247,0.0060289
validation,MIX-blend,30,0.4,0.5,1041,0.41234,0.42939,0.39964,0.45967,0.017055
validation,MIX-blend,30,0.5,0.6,9423,0.50968,0.50716,0.49707,0.51725,-0.0025208
validation,MIX-blend,30,0.6,0.7,8697,0.64372,0.63355,0.62337,0.64362,-0.010168
validation,MIX-blend,30,0.7,0.8,9651,0.75347,0.74604,0.73726,0.75462,-0.007432
validation,MIX-blend,30,0.8,0.9,15633,0.85566,0.85185,0.8462,0.85733,-0.0038053
validation,MIX-blend,30,0.9,0.95,15772,0.92792,0.93393,0.92995,0.93771,0.0060181
validation,MIX-blend,30,0.95,0.98,20518,0.96709,0.97227,0.96993,0.97443,0.0051765
validation,MIX-blend,30,0.98,0.99,13337,0.98536,0.9871,0.98504,0.98888,0.001743
validation,MIX-blend,30,0.99,1,15935,0.99451,0.99354,0.99217,0.99467,-0.00097119
validation,MIX-blend,20,0,0.01,18580,0.0054209,0.005113,0.0041848,0.0062458,-0.00030787
validation,MIX-blend,20,0.01,0.02,13966,0.014562,0.011528,0.0098871,0.013438,-0.0030343
validation,MIX-blend,20,0.02,0.05,20227,0.03282,0.026845,0.024706,0.029164,-0.0059745
validation,MIX-blend,20,0.05,0.1,15093,0.072,0.065328,0.061496,0.069382,-0.0066716
validation,MIX-blend,20,0.1,0.2,14875,0.14434,0.14071,0.13521,0.14639,-0.0036294
validation,MIX-blend,20,0.2,0.3,8785,0.24498,0.24895,0.24002,0.2581,0.0039684
validation,MIX-blend,20,0.3,0.4,8424,0.35366,0.36574,0.35552,0.37608,0.012079
validation,MIX-blend,20,0.4,0.5,634,0.41078,0.45268,0.41434,0.4916,0.041901
validation,MIX-blend,20,0.5,0.6,9016,0.50627,0.50754,0.49722,0.51786,0.0012683
validation,MIX-blend,20,0.6,0.7,8424,0.64634,0.64554,0.63526,0.65568,-0.00080166
validation,MIX-blend,20,0.7,0.8,8785,0.75502,0.7539,0.74478,0.76279,-0.0011227
validation,MIX-blend,20,0.8,0.9,14875,0.85566,0.85849,0.85279,0.864,0.0028226
validation,MIX-blend,20,0.9,0.95,15093,0.928,0.93427,0.93021,0.93812,0.0062741
validation,MIX-blend,20,0.95,0.98,20227,0.96718,0.97503,0.97279,0.9771,0.0078531
validation,MIX-blend,20,0.98,0.99,13966,0.98544,0.98926,0.98741,0.99084,0.0038219
validation,MIX-blend,20,0.99,1,18580,0.99458,0.99306,0.99176,0.99415,-0.0015221
validation,MIX-blend,15,0,0.01,19279,0.0052236,0.0053426,0.0044075,0.0064748,0.00011901
validation,MIX-blend,15,0.01,0.02,13326,0.014555,0.0097554,0.0082222,0.011571,-0.0047998
validation,MIX-blend,15,0.02,0.05,19445,0.03285,0.023708,0.021662,0.025942,-0.0091423
validation,MIX-blend,15,0.05,0.1,14815,0.07202,0.060007,0.056295,0.063946,-0.012013
validation,MIX-blend,15,0.1,0.2,14948,0.14437,0.13741,0.13198,0.14302,-0.0069647
validation,MIX-blend,15,0.2,0.3,9298,0.24643,0.25285,0.24412,0.26179,0.0064178
validation,MIX-blend,15,0.3,0.4,8600,0.35657,0.36953,0.35939,0.37979,0.012966
validation,MIX-blend,15,0.4,0.5,873,0.41194,0.44674,0.41406,0.47988,0.034795
validation,MIX-blend,15,0.5,0.6,9255,0.50831,0.51313,0.50294,0.5233,0.0048216
validation,MIX-blend,15,0.6,0.7,8600,0.64343,0.63326,0.62301,0.64338,-0.010175
validation,MIX-blend,15,0.7,0.8,9298,0.75357,0.74887,0.73995,0.75758,-0.004697
validation,MIX-blend,15,0.8,0.9,14948,0.85563,0.86199,0.85637,0.86742,0.0063626
validation,MIX-blend,15,0.9,0.95,14815,0.92798,0.93675,0.93272,0.94056,0.0087731
validation,MIX-blend,15,0.95,0.98,19445,0.96715,0.97382,0.97148,0.97598,0.0066738
validation,MIX-blend,15,0.98,0.99,13326,0.98544,0.98799,0.986,0.98971,0.0025486
validation,MIX-blend,15,0.99,1,19279,0.99478,0.99419,0.99301,0.99517,-0.00058584
validation,MIX-blend,10,0,0.01,21868,0.0049402,0.0039784,0.0032268,0.0049043,-0.00096175
validation,MIX-blend,10,0.01,0.02,12803,0.014525,0.011638,0.0099211,0.013648,-0.0028875
validation,MIX-blend,10,0.02,0.05,18737,0.032816,0.026472,0.024268,0.028869,-0.0063442
validation,MIX-blend,10,0.05,0.1,14260,0.071991,0.065147,0.061213,0.069316,-0.0068442
validation,MIX-blend,10,0.1,0.2,14572,0.14442,0.14459,0.13898,0.1504,0.000168
validation,MIX-blend,10,0.2,0.3,8933,0.24572,0.25635,0.2474,0.26551,0.010638
validation,MIX-blend,10,0.3,0.4,8522,0.35479,0.36916,0.35898,0.37946,0.014369
validation,MIX-blend,10,0.4,0.5,889,0.4121,0.43082,0.39864,0.4636,0.018721
validation,MIX-blend,10,0.5,0.6,9271,0.50843,0.51483,0.50465,0.525,0.0064025
validation,MIX-blend,10,0.6,0.7,8522,0.64521,0.64633,0.63611,0.65641,0.0011199
validation,MIX-blend,10,0.7,0.8,8933,0.75428,0.75495,0.74593,0.76376,0.00066867
validation,MIX-blend,10,0.8,0.9,14572,0.85558,0.86419,0.85853,0.86966,0.008616
validation,MIX-blend,10,0.9,0.95,14260,0.92801,0.93541,0.93126,0.93933,0.0074052
validation,MIX-blend,10,0.95,0.98,18737,0.96718,0.97017,0.96763,0.97251,0.0029819
validation,MIX-blend,10,0.98,0.99,12803,0.98547,0.98641,0.98425,0.98827,0.00093479
validation,MIX-blend,10,0.99,1,21868,0.99506,0.99419,0.99309,0.99512,-0.00086741
validation,MIX-blend,5,0,0.01,25862,0.0045287,0.00406,0.0033552,0.0049121,-0.0004687
validation,MIX-blend,5,0.01,0.02,12589,0.014518,0.010724,0.0090678,0.012678,-0.0037944
validation,MIX-blend,5,0.02,0.05,17788,0.032827,0.026591,0.024327,0.029059,-0.0062359
validation,MIX-blend,5,0.05,0.1,13443,0.072152,0.063751,0.059744,0.068006,-0.0084012
validation,MIX-blend,5,0.1,0.2,13628,0.14437,0.14118,0.13543,0.14713,-0.0031865
validation,MIX-blend,5,0.2,0.3,8317,0.24395,0.24937,0.24019,0.25878,0.0054178
validation,MIX-blend,5,0.3,0.4,8279,0.35188,0.36272,0.35243,0.37314,0.010844
validation,MIX-blend,5,0.4,0.5,678,0.41124,0.4233,0.38665,0.46082,0.012063
validation,MIX-blend,5,0.5,0.6,9060,0.50664,0.5106,0.5003,0.52088,0.0039537
validation,MIX-blend,5,0.6,0.7,8279,0.64812,0.65237,0.64205,0.66256,0.0042545
validation,MIX-blend,5,0.7,0.8,8317,0.75605,0.75532,0.74596,0.76444,-0.00072858
validation,MIX-blend,5,0.8,0.9,13628,0.85563,0.85566,0.84966,0.86146,3.1221e-05
validation,MIX-blend,5,0.9,0.95,13443,0.92785,0.93565,0.93138,0.93968,0.0078061
validation,MIX-blend,5,0.95,0.98,17788,0.96717,0.97212,0.96959,0.97444,0.0049429
validation,MIX-blend,5,0.98,0.99,12589,0.98548,0.98681,0.98467,0.98866,0.0013319
validation,MIX-blend,5,0.99,1,25862,0.99547,0.9954,0.9945,0.99615,-7.2636e-05
validation,MIX-blend,3,0,0.01,29009,0.0042417,0.0034472,0.0028353,0.0041906,-0.00079452
validation,MIX-blend,3,0.01,0.02,12432,0.014494,0.011744,0.0099953,0.013794,-0.0027502
validation,MIX-blend,3,0.02,0.05,17125,0.032799,0.029197,0.026779,0.031826,-0.0036022
validation,MIX-blend,3,0.05,0.1,12808,0.072161,0.068551,0.064303,0.073058,-0.0036104
validation,MIX-blend,3,0.1,0.2,13024,0.14449,0.14611,0.14015,0.15229,0.0016214
validation,MIX-blend,3,0.2,0.3,7657,0.24287,0.25232,0.24272,0.26217,0.0094505
validation,MIX-blend,3,0.3,0.4,8030,0.34833,0.35965,0.34922,0.37021,0.011318
validation,MIX-blend,3,0.4,0.5,499,0.41102,0.43487,0.39203,0.4787,0.023849
validation,MIX-blend,3,0.5,0.6,8881,0.505,0.50636,0.49596,0.51675,0.0013624
validation,MIX-blend,3,0.6,0.7,8030,0.65167,0.65517,0.6447,0.66549,0.0035018
validation,MIX-blend,3,0.7,0.8,7657,0.75713,0.75944,0.74973,0.76888,0.0023034
validation,MIX-blend,3,0.8,0.9,13024,0.85551,0.8558,0.84967,0.86173,0.0002981
validation,MIX-blend,3,0.9,0.95,12808,0.92784,0.93059,0.92606,0.93486,0.0027516
validation,MIX-blend,3,0.95,0.98,17125,0.9672,0.96969,0.96702,0.97216,0.0024927
validation,MIX-blend,3,0.98,0.99,12432,0.98551,0.98745,0.98534,0.98926,0.0019459
validation,MIX-blend,3,0.99,1,29009,0.99576,0.99597,0.99517,0.99663,0.0002085
validation,MIX-blend,2,0,0.01,29140,0.0043577,0.0036719,0.0030399,0.0044348,-0.00068578
validation,MIX-blend,2,0.01,0.02,12845,0.014503,0.011911,0.010176,0.013939,-0.0025922
validation,MIX-blend,2,0.02,0.05,17376,0.032752,0.031595,0.029096,0.034301,-0.001157
validation,MIX-blend,2,0.05,0.1,12875,0.072051,0.072,0.067662,0.076594,-5.1055e-05
validation,MIX-blend,2,0.1,0.2,12914,0.1445,0.1472,0.1412,0.15342,0.0027063
validation,MIX-blend,2,0.2,0.3,7289,0.24253,0.25065,0.24084,0.26073,0.0081198
validation,MIX-blend,2,0.3,0.4,7759,0.34533,0.34682,0.33631,0.35749,0.0014913
validation,MIX-blend,2,0.4,0.5,386,0.40988,0.44301,0.39425,0.49288,0.033121
validation,MIX-blend,2,0.5,0.6,8768,0.50397,0.50456,0.4941,0.51502,0.0005948
validation,MIX-blend,2,0.6,0.7,7759,0.65467,0.65485,0.6442,0.66535,0.00018417
validation,MIX-blend,2,0.7,0.8,7289,0.75747,0.7525,0.74247,0.76228,-0.0049644
validation,MIX-blend,2,0.8,0.9,12914,0.8555,0.85535,0.84918,0.86131,-0.00015097
validation,MIX-blend,2,0.9,0.95,12875,0.92795,0.93188,0.9274,0.93611,0.0039345
validation,MIX-blend,2,0.95,0.98,17376,0.96725,0.96996,0.96731,0.97239,0.0027109
validation,MIX-blend,2,0.98,0.99,12845,0.9855,0.98544,0.98322,0.98737,-5.4793e-05
validation,MIX-blend,2,0.99,1,29140,0.99564,0.99516,0.9943,0.9959,-0.000481
validation,EMP-blend,60,0,0.01,10029,0.0068181,0.0077774,0.0062367,0.0096951,0.00095935
validation,EMP-blend,60,0.01,0.02,16375,0.014563,0.011847,0.010301,0.013623,-0.0027158
validation,EMP-blend,60,0.02,0.05,25506,0.032656,0.031679,0.029599,0.0339,-0.00097695
validation,EMP-blend,60,0.05,0.1,15159,0.071223,0.073026,0.068991,0.077277,0.0018028
validation,EMP-blend,60,0.1,0.2,13824,0.14453,0.15343,0.14752,0.15953,0.0089015
validation,EMP-blend,60,0.2,0.3,9190,0.24845,0.2543,0.2455,0.2633,0.0058467
validation,EMP-blend,60,0.3,0.4,8095,0.35929,0.36208,0.35167,0.37261,0.0027867
validation,EMP-blend,60,0.4,0.5,2406,0.41493,0.42269,0.40309,0.44254,0.0077666
validation,EMP-blend,60,0.5,0.6,9110,0.51705,0.51548,0.50521,0.52573,-0.0015762
validation,EMP-blend,60,0.6,0.7,8754,0.64391,0.64508,0.63499,0.65503,0.001164
validation,EMP-blend,60,0.7,0.8,8654,0.75386,0.74867,0.73942,0.7577,-0.0051881
validation,EMP-blend,60,0.8,0.9,14275,0.8552,0.84694,0.84094,0.85275,-0.0082691
validation,EMP-blend,60,0.9,0.95,14435,0.92842,0.92109,0.91658,0.92538,-0.0073229
validation,EMP-blend,60,0.95,0.98,22031,0.96767,0.96287,0.96029,0.96529,-0.004799
validation,EMP-blend,60,0.98,0.99,15797,0.98555,0.98462,0.98258,0.98642,-0.00093381
validation,EMP-blend,60,0.99,1,15910,0.99352,0.99252,0.99106,0.99375,-0.00099765
validation,EMP-blend,45,0,0.01,10508,0.0067746,0.0071374,0.0056982,0.0089368,0.00036283
validation,EMP-blend,45,0.01,0.02,18532,0.014518,0.012141,0.010662,0.013822,-0.0023773
validation,EMP-blend,45,0.02,0.05,22562,0.032424,0.029607,0.027474,0.0319,-0.0028163
validation,EMP-blend,45,0.05,0.1,15024,0.071935,0.06849,0.064561,0.072641,-0.0034449
validation,EMP-blend,45,0.1,0.2,14071,0.14418,0.14576,0.14003,0.15169,0.0015804
validation,EMP-blend,45,0.2,0.3,9279,0.24887,0.25358,0.24483,0.26254,0.0047131
validation,EMP-blend,45,0.3,0.4,8422,0.35896,0.36167,0.35148,0.37199,0.0027156
validation,EMP-blend,45,0.4,0.5,2186,0.41468,0.41812,0.3976,0.43892,0.0034323
validation,EMP-blend,45,0.5,0.6,9278,0.5169,0.5152,0.50502,0.52536,-0.0017077
validation,EMP-blend,45,0.6,0.7,8900,0.64312,0.64596,0.63596,0.65583,0.0028365
validation,EMP-blend,45,0.7,0.8,9312,0.75263,0.74828,0.73937,0.75699,-0.0043517
validation,EMP-blend,45,0.8,0.9,14191,0.85501,0.85153,0.84558,0.85728,-0.0034864
validation,EMP-blend,45,0.9,0.95,14984,0.92833,0.92559,0.92128,0.92968,-0.0027424
validation,EMP-blend,45,0.95,0.98,19788,0.9671,0.96427,0.96159,0.96677,-0.002832
validation,EMP-blend,45,0.98,0.99,15116,0.98548,0.98598,0.98397,0.98773,0.00049818
validation,EMP-blend,45,0.99,1,17397,0.99421,0.99402,0.99276,0.99506,-0.00018735
validation,EMP-blend,30,0,0.01,15556,0.0062833,0.0058498,0.0047674,0.0071763,-0.00043346
validation,EMP-blend,30,0.01,0.02,17059,0.014458,0.011958,0.010434,0.013703,-0.0024996
validation,EMP-blend,30,0.02,0.05,20609,0.03224,0.029696,0.027464,0.032102,-0.0025441
validation,EMP-blend,30,0.05,0.1,13924,0.071915,0.066576,0.062553,0.070837,-0.0053394
validation,EMP-blend,30,0.1,0.2,13942,0.14467,0.14209,0.13639,0.14798,-0.0025795
validation,EMP-blend,30,0.2,0.3,9220,0.24781,0.2487,0.23998,0.25763,0.00089299
validation,EMP-blend,30,0.3,0.4,8693,0.35829,0.35776,0.34775,0.3679,-0.00052833
validation,EMP-blend,30,0.4,0.5,4352,0.46827,0.46163,0.44686,0.47647,-0.0066382
validation,EMP-blend,30,0.5,0.6,7103,0.52003,0.51964,0.50801,0.53124,-0.00038707
validation,EMP-blend,30,0.6,0.7,8736,0.642,0.63954,0.62941,0.64954,-0.0024602
validation,EMP-blend,30,0.7,0.8,9505,0.75232,0.74824,0.73941,0.75686,-0.0040784
validation,EMP-blend,30,0.8,0.9,14036,0.85475,0.84967,0.84366,0.85549,-0.0050814
validation,EMP-blend,30,0.9,0.95,13780,0.928,0.92598,0.92149,0.93023,-0.0020236
validation,EMP-blend,30,0.95,0.98,19073,0.9677,0.9666,0.96396,0.96906,-0.0010942
validation,EMP-blend,30,0.98,0.99,15921,0.98541,0.9853,0.98331,0.98706,-0.00010477
validation,EMP-blend,30,0.99,1,18041,0.99437,0.99335,0.99205,0.99443,-0.001019
validation,EMP-blend,20,0,0.01,19457,0.0061176,0.0049854,0.0040887,0.0060774,-0.0011323
validation,EMP-blend,20,0.01,0.02,14948,0.01461,0.012845,0.01116,0.014779,-0.0017658
validation,EMP-blend,20,0.02,0.05,20735,0.031895,0.029949,0.027715,0.032358,-0.0019457
validation,EMP-blend,20,0.05,0.1,13406,0.071913,0.071088,0.066859,0.075561,-0.00082503
validation,EMP-blend,20,0.1,0.2,13746,0.14472,0.13931,0.13363,0.1452,-0.0054097
validation,EMP-blend,20,0.2,0.3,8673,0.24709,0.24732,0.23835,0.25651,0.00022947
validation,EMP-blend,20,0.3,0.4,8395,0.35844,0.35759,0.34741,0.36791,-0.00084248
validation,EMP-blend,20,0.4,0.5,1224,0.41339,0.41503,0.38774,0.44286,0.0016425
validation,EMP-blend,20,0.5,0.6,9049,0.51094,0.50779,0.49749,0.51809,-0.0031505
validation,EMP-blend,20,0.6,0.7,8572,0.64523,0.64652,0.63634,0.65658,0.0012907
validation,EMP-blend,20,0.7,0.8,8697,0.75376,0.75532,0.74617,0.76424,0.0015586
validation,EMP-blend,20,0.8,0.9,13491,0.85526,0.85576,0.84973,0.86158,0.00049498
validation,EMP-blend,20,0.9,0.95,13007,0.92778,0.92658,0.92197,0.93094,-0.0012053
validation,EMP-blend,20,0.95,0.98,18564,0.96776,0.96773,0.96509,0.97018,-3.1346e-05
validation,EMP-blend,20,0.98,0.99,14655,0.98571,0.98738,0.98544,0.98906,0.0016669
validation,EMP-blend,20,0.99,1,22931,0.99406,0.9925,0.9913,0.99354,-0.0015561
validation,EMP-blend,15,0,0.01,20923,0.0057064,0.0054963,0.0045813,0.0065929,-0.00021004
validation,EMP-blend,15,0.01,0.02,16827,0.014592,0.011826,0.010301,0.013575,-0.0027658
validation,EMP-blend,15,0.02,0.05,18678,0.032092,0.030838,0.028454,0.033416,-0.001254
validation,EMP-blend,15,0.05,0.1,12089,0.072153,0.069816,0.065408,0.074496,-0.0023375
validation,EMP-blend,15,0.1,0.2,13109,0.14526,0.14219,0.13632,0.14828,-0.0030708
validation,EMP-blend,15,0.2,0.3,8824,0.24805,0.24909,0.24018,0.25823,0.0010431
validation,EMP-blend,15,0.3,0.4,8429,0.35974,0.36232,0.35212,0.37264,0.002578
validation,EMP-blend,15,0.4,0.5,5287,0.47005,0.47967,0.46622,0.49314,0.0096137
validation,EMP-blend,15,0.5,0.6,6256,0.52434,0.52238,0.50999,0.53474,-0.0019578
validation,EMP-blend,15,0.6,0.7,8462,0.64077,0.63897,0.62868,0.64914,-0.0018007
validation,EMP-blend,15,0.7,0.8,8810,0.75196,0.75096,0.74183,0.75988,-0.00099619
validation,EMP-blend,15,0.8,0.9,12873,0.85581,0.85404,0.84783,0.86003,-0.0017767
validation,EMP-blend,15,0.9,0.95,12853,0.92769,0.92811,0.92352,0.93245,0.00042071
validation,EMP-blend,15,0.95,0.98,18089,0.96752,0.96561,0.96286,0.96817,-0.0019008
validation,EMP-blend,15,0.98,0.99,14982,0.98581,0.98598,0.98397,0.98774,0.00017776
validation,EMP-blend,15,0.99,1,23059,0.99417,0.99341,0.99228,0.99437,-0.0007605
validation,EMP-blend,10,0,0.01,26147,0.0053716,0.0050484,0.004259,0.0059831,-0.00032324
validation,EMP-blend,10,0.01,0.02,13040,0.014559,0.013804,0.011939,0.015954,-0.00075491
validation,EMP-blend,10,0.02,0.05,17126,0.032825,0.033808,0.031204,0.036621,0.00098286
validation,EMP-blend,10,0.05,0.1,12535,0.071505,0.07156,0.067177,0.076204,5.4589e-05
validation,EMP-blend,10,0.1,0.2,12779,0.14552,0.14391,0.13793,0.1501,-0.0016078
validation,EMP-blend,10,0.2,0.3,8786,0.24803,0.25142,0.24246,0.2606,0.0033959
validation,EMP-blend,10,0.3,0.4,8508,0.35869,0.36048,0.35035,0.37075,0.0017944
validation,EMP-blend,10,0.4,0.5,3782,0.46197,0.4651,0.44924,0.48102,0.0031293
validation,EMP-blend,10,0.5,0.6,7175,0.51769,0.51721,0.50564,0.52876,-0.00047494
validation,EMP-blend,10,0.6,0.7,8677,0.64478,0.64827,0.63815,0.65825,0.0034887
validation,EMP-blend,10,0.7,0.8,8584,0.75336,0.75629,0.7471,0.76526,0.0029338
validation,EMP-blend,10,0.8,0.9,13499,0.85582,0.85932,0.85336,0.86509,0.0035005
validation,EMP-blend,10,0.9,0.95,13048,0.92764,0.92834,0.92379,0.93264,0.0006971
validation,EMP-blend,10,0.95,0.98,18112,0.9674,0.96616,0.96342,0.96869,-0.0012485
validation,EMP-blend,10,0.98,0.99,13413,0.98558,0.98449,0.98226,0.98645,-0.0010901
validation,EMP-blend,10,0.99,1,24339,0.99432,0.99367,0.9926,0.99459,-0.00064858
validation,EMP-blend,5,0,0.01,27854,0.004764,0.0042364,0.003539,0.0050705,-0.00052765
validation,EMP-blend,5,0.01,0.02,13318,0.014311,0.012164,0.010438,0.014171,-0.0021472
validation,EMP-blend,5,0.02,0.05,15986,0.032569,0.029338,0.026833,0.032069,-0.003231
validation,EMP-blend,5,0.05,0.1,12516,0.072316,0.066315,0.062087,0.070809,-0.0060005
validation,EMP-blend,5,0.1,0.2,12921,0.14386,0.13815,0.13231,0.1442,-0.0057172
validation,EMP-blend,5,0.2,0.3,8383,0.24635,0.2412,0.23216,0.25048,-0.0051489
validation,EMP-blend,5,0.3,0.4,8432,0.35611,0.35389,0.34375,0.36416,-0.0022167
validation,EMP-blend,5,0.4,0.5,2585,0.45906,0.47041,0.45122,0.48968,0.011341
validation,EMP-blend,5,0.5,0.6,7490,0.51426,0.50868,0.49735,0.51999,-0.0055782
validation,EMP-blend,5,0.6,0.7,8398,0.64959,0.64956,0.63929,0.65969,-2.6247e-05
validation,EMP-blend,5,0.7,0.8,8290,0.75524,0.75489,0.74551,0.76403,-0.00035231
validation,EMP-blend,5,0.8,0.9,12821,0.85496,0.85337,0.84714,0.85938,-0.0015909
validation,EMP-blend,5,0.9,0.95,12194,0.92771,0.92923,0.92454,0.93365,0.0015179
validation,EMP-blend,5,0.95,0.98,17336,0.9677,0.96822,0.9655,0.97073,0.00051458
validation,EMP-blend,5,0.98,0.99,12377,0.98566,0.98562,0.98337,0.98757,-4.5031e-05
validation,EMP-blend,5,0.99,1,28649,0.9948,0.99476,0.99386,0.99554,-3.5985e-05
validation,EMP-blend,3,0,0.01,29799,0.0042712,0.0036578,0.0030335,0.0044102,-0.00061335
validation,EMP-blend,3,0.01,0.02,12259,0.01453,0.012644,0.010813,0.01478,-0.0018863
validation,EMP-blend,3,0.02,0.05,16653,0.032683,0.029784,0.027309,0.032477,-0.0028987
validation,EMP-blend,3,0.05,0.1,12183,0.072221,0.067717,0.063391,0.072317,-0.0045039
validation,EMP-blend,3,0.1,0.2,12400,0.14477,0.13798,0.13203,0.14417,-0.0067838
validation,EMP-blend,3,0.2,0.3,8228,0.24434,0.24392,0.23476,0.25332,-0.00041668
validation,EMP-blend,3,0.3,0.4,8302,0.35126,0.35425,0.34403,0.36461,0.0029914
validation,EMP-blend,3,0.4,0.5,2171,0.46771,0.49608,0.47508,0.5171,0.028379
validation,EMP-blend,3,0.5,0.6,7270,0.5122,0.49849,0.487,0.50998,-0.013717
validation,EMP-blend,3,0.6,0.7,8023,0.65458,0.65375,0.64326,0.66408,-0.00083454
validation,EMP-blend,3,0.7,0.8,7755,0.75668,0.75564,0.74595,0.76508,-0.0010422
validation,EMP-blend,3,0.8,0.9,12555,0.85509,0.85376,0.84747,0.85984,-0.0013302
validation,EMP-blend,3,0.9,0.95,11987,0.92781,0.92525,0.92041,0.92983,-0.0025603
validation,EMP-blend,3,0.95,0.98,15047,0.96678,0.96591,0.96289,0.96869,-0.0008698
validation,EMP-blend,3,0.98,0.99,11741,0.98575,0.98484,0.98247,0.9869,-0.00091239
validation,EMP-blend,3,0.99,1,33177,0.99509,0.99524,0.99444,0.99592,0.00014532
validation,EMP-blend,2,0,0.01,29480,0.0042273,0.0039688,0.0033129,0.004754,-0.00025849
validation,EMP-blend,2,0.01,0.02,12557,0.014506,0.011786,0.010042,0.013829,-0.0027197
validation,EMP-blend,2,0.02,0.05,16308,0.032702,0.029985,0.027476,0.032716,-0.0027166
validation,EMP-blend,2,0.05,0.1,12624,0.071908,0.067728,0.063475,0.072244,-0.0041803
validation,EMP-blend,2,0.1,0.2,12990,0.14454,0.13749,0.13168,0.14352,-0.0070516
validation,EMP-blend,2,0.2,0.3,7898,0.24272,0.23905,0.22977,0.24858,-0.0036712
validation,EMP-blend,2,0.3,0.4,8114,0.34897,0.34385,0.33359,0.35426,-0.0051212
validation,EMP-blend,2,0.4,0.5,2024,0.47297,0.50148,0.47972,0.52324,0.028511
validation,EMP-blend,2,0.5,0.6,7136,0.51294,0.49524,0.48364,0.50684,-0.017702
validation,EMP-blend,2,0.6,0.7,7574,0.65901,0.65065,0.63984,0.66131,-0.00836
validation,EMP-blend,2,0.7,0.8,7437,0.75687,0.74761,0.73761,0.75736,-0.0092601
validation,EMP-blend,2,0.8,0.9,12751,0.85454,0.85264,0.84638,0.85869,-0.0018966
validation,EMP-blend,2,0.9,0.95,11851,0.9279,0.92802,0.92323,0.93254,0.00012387
validation,EMP-blend,2,0.95,0.98,16368,0.96759,0.96725,0.96442,0.96987,-0.00033979
validation,EMP-blend,2,0.98,0.99,12827,0.98554,0.98332,0.98095,0.98539,-0.0022203
validation,EMP-blend,2,0.99,1,31611,0.99554,0.99478,0.99392,0.99552,-0.00075547
test,G-raw-2h,60,0,0.01,45015,0.0035134,0.012618,0.011628,0.013692,0.0091046
test,G-raw-2h,60,0.01,0.02,15005,0.012225,0.02006,0.017936,0.022429,0.0078347
test,G-raw-2h,60,0.02,0.05,30010,0.031406,0.033589,0.031609,0.035688,0.0021828
test,G-raw-2h,60,0.05,0.1,15005,0.066809,0.058381,0.054741,0.062246,-0.0084288
test,G-raw-2h,60,0.1,0.2,30010,0.13216,0.1062,0.10276,0.10973,-0.025957
test,G-raw-2h,60,0.2,0.3,15005,0.22663,0.18894,0.18275,0.19528,-0.037693
test,G-raw-2h,60,0.3,0.4,15005,0.30854,0.27657,0.26948,0.28379,-0.031965
test,G-raw-2h,60,0.4,0.5,15114,0.40201,0.38454,0.37682,0.39233,-0.017462
test,G-raw-2h,60,0.5,0.6,29901,0.54953,0.56205,0.55642,0.56767,0.012522
test,G-raw-2h,60,0.6,0.7,15005,0.69146,0.72889,0.72172,0.73594,0.03743
test,G-raw-2h,60,0.7,0.8,15005,0.77337,0.81433,0.80803,0.82047,0.040958
test,G-raw-2h,60,0.8,0.9,30010,0.86784,0.89264,0.88908,0.89609,0.024791
test,G-raw-2h,60,0.9,0.95,15005,0.93319,0.93789,0.93391,0.94164,0.0046967
test,G-raw-2h,60,0.95,0.98,30010,0.96859,0.96111,0.95887,0.96324,-0.007481
test,G-raw-2h,60,0.98,0.99,15005,0.98777,0.97601,0.97344,0.97834,-0.011767
test,G-raw-2h,60,0.99,1,45015,0.99649,0.98663,0.98552,0.98765,-0.0098599
test,G-raw-2h,45,0,0.01,45015,0.0035135,0.011618,0.010669,0.012651,0.0081048
test,G-raw-2h,45,0.01,0.02,15005,0.012226,0.019927,0.01781,0.022289,0.0077012
test,G-raw-2h,45,0.02,0.05,30010,0.031407,0.032889,0.03093,0.034967,0.0014825
test,G-raw-2h,45,0.05,0.1,15005,0.06681,0.055781,0.052222,0.059568,-0.011029
test,G-raw-2h,45,0.1,0.2,30010,0.13216,0.10003,0.09669,0.10348,-0.032123
test,G-raw-2h,45,0.2,0.3,15005,0.22663,0.18154,0.17545,0.18779,-0.045091
test,G-raw-2h,45,0.3,0.4,15005,0.30854,0.26764,0.26062,0.27479,-0.040896
test,G-raw-2h,45,0.4,0.5,15106,0.40196,0.37793,0.37023,0.38569,-0.024026
test,G-raw-2h,45,0.5,0.6,29909,0.54952,0.56231,0.55668,0.56792,0.012787
test,G-raw-2h,45,0.6,0.7,15005,0.69146,0.73136,0.72421,0.73839,0.039896
test,G-raw-2h,45,0.7,0.8,15005,0.77337,0.81826,0.81201,0.82435,0.044891
test,G-raw-2h,45,0.8,0.9,30010,0.86784,0.89507,0.89155,0.89849,0.027224
test,G-raw-2h,45,0.9,0.95,15005,0.93319,0.94035,0.93645,0.94403,0.0071632
test,G-raw-2h,45,0.95,0.98,30010,0.96859,0.96358,0.9614,0.96564,-0.0050147
test,G-raw-2h,45,0.98,0.99,15005,0.98777,0.97807,0.97561,0.9803,-0.0097005
test,G-raw-2h,45,0.99,1,45015,0.99649,0.98678,0.98568,0.9878,-0.0097043
test,G-raw-2h,30,0,0.01,45015,0.0035137,0.011752,0.010797,0.01279,0.0082379
test,G-raw-2h,30,0.01,0.02,15005,0.012226,0.019327,0.017244,0.021656,0.0071008
test,G-raw-2h,30,0.02,0.05,30010,0.031407,0.032889,0.03093,0.034967,0.0014816
test,G-raw-2h,30,0.05,0.1,15005,0.066811,0.054382,0.050866,0.058126,-0.01243
test,G-raw-2h,30,0.1,0.2,30010,0.13216,0.098134,0.094819,0.10155,-0.034024
test,G-raw-2h,30,0.2,0.3,15005,0.22663,0.18134,0.17526,0.18759,-0.045293
test,G-raw-2h,30,0.3,0.4,15005,0.30854,0.26978,0.26273,0.27694,-0.038765
test,G-raw-2h,30,0.4,0.5,15102,0.40193,0.38055,0.37283,0.38832,-0.021384
test,G-raw-2h,30,0.5,0.6,29913,0.54951,0.5626,0.55697,0.56821,0.013086
test,G-raw-2h,30,0.6,0.7,15005,0.69146,0.73182,0.72468,0.73885,0.040364
test,G-raw-2h,30,0.7,0.8,15005,0.77337,0.81686,0.81059,0.82297,0.043493
test,G-raw-2h,30,0.8,0.9,30010,0.86784,0.89803,0.89456,0.90141,0.030192
test,G-raw-2h,30,0.9,0.95,15005,0.93319,0.94289,0.93906,0.94649,0.0096971
test,G-raw-2h,30,0.95,0.98,30010,0.96859,0.96531,0.96318,0.96732,-0.003281
test,G-raw-2h,30,0.98,0.99,15005,0.98777,0.97801,0.97554,0.98023,-0.0097666
test,G-raw-2h,30,0.99,1,45015,0.99649,0.98605,0.98492,0.98709,-0.010437
test,G-raw-2h,20,0,0.01,45015,0.0035141,0.0094635,0.00861,0.010401,0.0059495
test,G-raw-2h,20,0.01,0.02,15005,0.012227,0.017128,0.015172,0.019331,0.0049007
test,G-raw-2h,20,0.02,0.05,30010,0.031409,0.028257,0.026442,0.030193,-0.0031517
test,G-raw-2h,20,0.05,0.1,15005,0.066814,0.048584,0.045258,0.052141,-0.01823
test,G-raw-2h,20,0.1,0.2,30010,0.13216,0.091903,0.088686,0.095224,-0.040257
test,G-raw-2h,20,0.2,0.3,15005,0.22663,0.17081,0.16487,0.17692,-0.055825
test,G-raw-2h,20,0.3,0.4,15005,0.30854,0.25745,0.25051,0.2645,-0.051096
test,G-raw-2h,20,0.4,0.5,15099,0.40191,0.37214,0.36447,0.37989,-0.029767
test,G-raw-2h,20,0.5,0.6,29916,0.54951,0.5703,0.56468,0.5759,0.02079
test,G-raw-2h,20,0.6,0.7,15005,0.69146,0.74875,0.74175,0.75563,0.057294
test,G-raw-2h,20,0.7,0.8,15005,0.77337,0.83392,0.82788,0.83979,0.060557
test,G-raw-2h,20,0.8,0.9,30010,0.86784,0.9116,0.90833,0.91476,0.043756
test,G-raw-2h,20,0.9,0.95,15005,0.93319,0.95315,0.94965,0.95642,0.019963
test,G-raw-2h,20,0.95,0.98,30010,0.96859,0.97118,0.96922,0.97301,0.0025852
test,G-raw-2h,20,0.98,0.99,15005,0.98777,0.98227,0.98003,0.98426,-0.0055005
test,G-raw-2h,20,0.99,1,45015,0.99649,0.99067,0.98974,0.99152,-0.0058162
test,G-raw-2h,15,0,0.01,45015,0.0035144,0.0090859,0.0082502,0.010005,0.0055715
test,G-raw-2h,15,0.01,0.02,15005,0.012228,0.016461,0.014546,0.018624,0.0042334
test,G-raw-2h,15,0.02,0.05,30010,0.03141,0.026924,0.025153,0.028817,-0.0044861
test,G-raw-2h,15,0.05,0.1,15005,0.066816,0.045318,0.042105,0.048764,-0.021498
test,G-raw-2h,15,0.1,0.2,30010,0.13216,0.08957,0.086392,0.092854,-0.042593
test,G-raw-2h,15,0.2,0.3,15005,0.22664,0.16794,0.16205,0.17401,-0.058693
test,G-raw-2h,15,0.3,0.4,15005,0.30855,0.25865,0.2517,0.26571,-0.049898
test,G-raw-2h,15,0.4,0.5,15111,0.40199,0.37595,0.36826,0.3837,-0.026039
test,G-raw-2h,15,0.5,0.6,29904,0.54953,0.56638,0.56075,0.57199,0.016853
test,G-raw-2h,15,0.6,0.7,15005,0.69145,0.74395,0.73691,0.75087,0.052497
test,G-raw-2h,15,0.7,0.8,15005,0.77336,0.83032,0.82423,0.83624,0.05696
test,G-raw-2h,15,0.8,0.9,30010,0.86784,0.91113,0.90786,0.9143,0.043292
test,G-raw-2h,15,0.9,0.95,15005,0.93318,0.95501,0.95158,0.95822,0.021831
test,G-raw-2h,15,0.95,0.98,30010,0.96859,0.97354,0.97166,0.9753,0.0049526
test,G-raw-2h,15,0.98,0.99,15005,0.98777,0.98461,0.98251,0.98645,-0.0031671
test,G-raw-2h,15,0.99,1,45015,0.99649,0.99138,0.99048,0.99219,-0.0051049
test,G-raw-2h,10,0,0.01,45015,0.0035152,0.0076641,0.0068994,0.0085128,0.004149
test,G-raw-2h,10,0.01,0.02,15005,0.01223,0.014862,0.013046,0.016926,0.0026321
test,G-raw-2h,10,0.02,0.05,30010,0.031414,0.024892,0.023189,0.026716,-0.0065219
test,G-raw-2h,10,0.05,0.1,15005,0.06682,0.046385,0.043134,0.049867,-0.020436
test,G-raw-2h,10,0.1,0.2,30010,0.13217,0.086838,0.083704,0.090077,-0.04533
test,G-raw-2h,10,0.2,0.3,15005,0.22664,0.16355,0.15771,0.16955,-0.063096
test,G-raw-2h,10,0.3,0.4,15005,0.30855,0.24665,0.23982,0.25361,-0.061898
test,G-raw-2h,10,0.4,0.5,15097,0.4019,0.35994,0.35232,0.36763,-0.041962
test,G-raw-2h,10,0.5,0.6,29918,0.5495,0.56712,0.56149,0.57272,0.017615
test,G-raw-2h,10,0.6,0.7,15005,0.69145,0.74795,0.74094,0.75483,0.0565
test,G-raw-2h,10,0.7,0.8,15005,0.77336,0.83545,0.82944,0.8413,0.062097
test,G-raw-2h,10,0.8,0.9,30010,0.86783,0.91563,0.91243,0.91872,0.047796
test,G-raw-2h,10,0.9,0.95,15005,0.93318,0.95815,0.95482,0.96124,0.024968
test,G-raw-2h,10,0.95,0.98,30010,0.96859,0.97577,0.97397,0.97745,0.0071884
test,G-raw-2h,10,0.98,0.99,15005,0.98777,0.98627,0.98428,0.98801,-0.0014992
test,G-raw-2h,10,0.99,1,45015,0.99648,0.99214,0.99128,0.99291,-0.0043489
test,G-raw-2h,5,0,0.01,45015,0.0035179,0.0057981,0.0051376,0.0065428,0.0022801
test,G-raw-2h,5,0.01,0.02,15005,0.012236,0.011063,0.0095101,0.012866,-0.0011731
test,G-raw-2h,5,0.02,0.05,30010,0.031424,0.019593,0.018086,0.021224,-0.011831
test,G-raw-2h,5,0.05,0.1,15005,0.066835,0.037454,0.034533,0.040613,-0.029381
test,G-raw-2h,5,0.1,0.2,30010,0.13218,0.072309,0.069433,0.075295,-0.059875
test,G-raw-2h,5,0.2,0.3,15005,0.22666,0.13929,0.13384,0.14492,-0.08737
test,G-raw-2h,5,0.3,0.4,15005,0.30856,0.22206,0.21548,0.22878,-0.086501
test,G-raw-2h,5,0.4,0.5,15117,0.40204,0.33796,0.33047,0.34554,-0.064073
test,G-raw-2h,5,0.5,0.6,29898,0.54953,0.56783,0.56221,0.57344,0.018299
test,G-raw-2h,5,0.6,0.7,15005,0.69144,0.76554,0.7587,0.77226,0.074105
test,G-raw-2h,5,0.7,0.8,15005,0.77334,0.85352,0.84777,0.85908,0.080172
test,G-raw-2h,5,0.8,0.9,30010,0.86782,0.92542,0.9224,0.92834,0.057609
test,G-raw-2h,5,0.9,0.95,15005,0.93317,0.96475,0.96167,0.96758,0.03158
test,G-raw-2h,5,0.95,0.98,30010,0.96858,0.98021,0.97857,0.98172,0.011631
test,G-raw-2h,5,0.98,0.99,15005,0.98776,0.9886,0.98678,0.99018,0.00083984
test,G-raw-2h,5,0.99,1,45015,0.99648,0.99436,0.99362,0.99501,-0.0021246
test,G-raw-2h,3,0,0.01,45015,0.0035233,0.0061313,0.0054511,0.0068958,0.002608
test,G-raw-2h,3,0.01,0.02,15005,0.012248,0.010863,0.0093252,0.012651,-0.0013845
test,G-raw-2h,3,0.02,0.05,30010,0.031441,0.017894,0.016455,0.019457,-0.013547
test,G-raw-2h,3,0.05,0.1,15005,0.066857,0.032589,0.029866,0.035552,-0.034267
test,G-raw-2h,3,0.1,0.2,30010,0.13221,0.065811,0.063061,0.068673,-0.066395
test,G-raw-2h,3,0.2,0.3,15005,0.22668,0.13542,0.13004,0.14099,-0.091254
test,G-raw-2h,3,0.3,0.4,15005,0.30857,0.21886,0.21232,0.22555,-0.089713
test,G-raw-2h,3,0.4,0.5,15109,0.40199,0.33814,0.33064,0.34573,-0.06385
test,G-raw-2h,3,0.5,0.6,29906,0.54952,0.58386,0.57827,0.58944,0.034348
test,G-raw-2h,3,0.6,0.7,15005,0.69143,0.78654,0.77991,0.79302,0.095111
test,G-raw-2h,3,0.7,0.8,15005,0.77332,0.86564,0.86009,0.87101,0.09232
test,G-raw-2h,3,0.8,0.9,30010,0.86779,0.93149,0.92858,0.93429,0.063696
test,G-raw-2h,3,0.9,0.95,15005,0.93314,0.96714,0.96417,0.96988,0.034001
test,G-raw-2h,3,0.95,0.98,30010,0.96856,0.98231,0.98075,0.98374,0.013747
test,G-raw-2h,3,0.98,0.99,15005,0.98775,0.99047,0.98878,0.9919,0.0027174
test,G-raw-2h,3,0.99,1,45015,0.99648,0.99505,0.99435,0.99565,-0.0014306
test,G-raw-2h,2,0,0.01,45015,0.0035344,0.0043985,0.0038281,0.0050536,0.00086411
test,G-raw-2h,2,0.01,0.02,15005,0.012269,0.0087971,0.0074236,0.010422,-0.0034723
test,G-raw-2h,2,0.02,0.05,30010,0.031471,0.016728,0.015337,0.018242,-0.014743
test,G-raw-2h,2,0.05,0.1,15005,0.066889,0.031123,0.028462,0.034024,-0.035766
test,G-raw-2h,2,0.1,0.2,30010,0.13223,0.066111,0.063355,0.068978,-0.066123
test,G-raw-2h,2,0.2,0.3,15005,0.22669,0.13209,0.12677,0.1376,-0.094604
test,G-raw-2h,2,0.3,0.4,19229,0.3286,0.23532,0.22938,0.24137,-0.093275
test,G-raw-2h,2,0.4,0.5,10872,0.40278,0.32634,0.31759,0.33522,-0.076436
test,G-raw-2h,2,0.5,0.6,25695,0.54114,0.56731,0.56124,0.57336,0.026173
test,G-raw-2h,2,0.6,0.7,19229,0.6714,0.77055,0.76456,0.77644,0.099151
test,G-raw-2h,2,0.7,0.8,15005,0.77331,0.87278,0.86735,0.87801,0.099469
test,G-raw-2h,2,0.8,0.9,30010,0.86777,0.93595,0.93313,0.93867,0.068189
test,G-raw-2h,2,0.9,0.95,15005,0.93311,0.96714,0.96417,0.96988,0.034033
test,G-raw-2h,2,0.95,0.98,30010,0.96853,0.98151,0.97992,0.98297,0.012977
test,G-raw-2h,2,0.98,0.99,15005,0.98773,0.99007,0.98835,0.99154,0.0023393
test,G-raw-2h,2,0.99,1,45015,0.99647,0.99474,0.99402,0.99536,-0.0017305
test,G-blend,60,0,0.01,44352,0.0032785,0.0077787,0.0070026,0.00864,0.0045001
test,G-blend,60,0.01,0.02,14744,0.014582,0.015939,0.01404,0.01809,0.0013564
test,G-blend,60,0.02,0.05,24366,0.033341,0.027867,0.025873,0.030009,-0.0054745
test,G-blend,60,0.05,0.1,22916,0.072882,0.055376,0.052489,0.058413,-0.017506
test,G-blend,60,0.1,0.2,27840,0.14618,0.10955,0.10594,0.11328,-0.036621
test,G-blend,60,0.2,0.3,20291,0.2489,0.20866,0.20313,0.21431,-0.040234
test,G-blend,60,0.3,0.4,17499,0.3528,0.32539,0.31849,0.33237,-0.027415
test,G-blend,60,0.4,0.5,8161,0.41795,0.39591,0.38535,0.40656,-0.022046
test,G-blend,60,0.5,0.6,22948,0.52918,0.53778,0.53132,0.54422,0.0086027
test,G-blend,60,0.6,0.7,17499,0.6472,0.68067,0.67372,0.68753,0.033472
test,G-blend,60,0.7,0.8,20291,0.7511,0.79178,0.78614,0.79731,0.040678
test,G-blend,60,0.8,0.9,27840,0.85382,0.88858,0.88483,0.89222,0.034753
test,G-blend,60,0.9,0.95,22916,0.92712,0.94179,0.93868,0.94475,0.01467
test,G-blend,60,0.95,0.98,24366,0.96666,0.96934,0.9671,0.97143,0.0026838
test,G-blend,60,0.98,0.99,14744,0.98542,0.98209,0.97982,0.98411,-0.0033233
test,G-blend,60,0.99,1,44352,0.99672,0.99177,0.99089,0.99257,-0.0049511
test,G-blend,45,0,0.01,46463,0.0031841,0.0072961,0.006562,0.0081117,0.004112
test,G-blend,45,0.01,0.02,14916,0.014562,0.017163,0.015199,0.019375,0.0026003
test,G-blend,45,0.02,0.05,23994,0.033284,0.029049,0.026998,0.03125,-0.0042353
test,G-blend,45,0.05,0.1,22408,0.07297,0.052526,0.049681,0.055524,-0.020444
test,G-blend,45,0.1,0.2,27398,0.14626,0.10621,0.10262,0.10992,-0.040053
test,G-blend,45,0.2,0.3,20003,0.24932,0.20722,0.20166,0.21289,-0.042097
test,G-blend,45,0.3,0.4,17284,0.35374,0.3207,0.31378,0.3277,-0.03304
test,G-blend,45,0.4,0.5,7695,0.4173,0.39376,0.3829,0.40473,-0.023541
test,G-blend,45,0.5,0.6,22498,0.52828,0.53667,0.53015,0.54318,0.0083852
test,G-blend,45,0.6,0.7,17284,0.64626,0.67698,0.66997,0.68392,0.030726
test,G-blend,45,0.7,0.8,20003,0.75068,0.79443,0.78877,0.79997,0.043747
test,G-blend,45,0.8,0.9,27398,0.85374,0.88496,0.88112,0.88868,0.03122
test,G-blend,45,0.9,0.95,22408,0.92703,0.94212,0.93898,0.9451,0.015089
test,G-blend,45,0.95,0.98,23994,0.96672,0.96899,0.96672,0.97111,0.0022765
test,G-blend,45,0.98,0.99,14916,0.98544,0.98243,0.9802,0.98442,-0.0030026
test,G-blend,45,0.99,1,46463,0.99682,0.99277,0.99196,0.9935,-0.0040474
test,G-blend,30,0,0.01,50135,0.0029325,0.0073202,0.0066109,0.0081051,0.0043877
test,G-blend,30,0.01,0.02,14584,0.014564,0.018102,0.016062,0.020396,0.0035382
test,G-blend,30,0.02,0.05,22926,0.033265,0.029224,0.027122,0.031485,-0.0040401
test,G-blend,30,0.05,0.1,21541,0.073041,0.053665,0.050734,0.056755,-0.019375
test,G-blend,30,0.1,0.2,26880,0.14624,0.11124,0.10753,0.11505,-0.035001
test,G-blend,30,0.2,0.3,19785,0.24937,0.20915,0.20354,0.21487,-0.040222
test,G-blend,30,0.3,0.4,17220,0.35503,0.32851,0.32154,0.33557,-0.026514
test,G-blend,30,0.4,0.5,7086,0.41831,0.40093,0.38958,0.41239,-0.017375
test,G-blend,30,0.5,0.6,21897,0.52644,0.53487,0.52826,0.54147,0.0084314
test,G-blend,30,0.6,0.7,17220,0.64497,0.67154,0.66449,0.67852,0.026572
test,G-blend,30,0.7,0.8,19785,0.75063,0.78747,0.78171,0.79311,0.036835
test,G-blend,30,0.8,0.9,26880,0.85376,0.88352,0.87963,0.8873,0.029755
test,G-blend,30,0.9,0.95,21541,0.92696,0.94137,0.93815,0.94443,0.014408
test,G-blend,30,0.95,0.98,22926,0.96674,0.96903,0.96671,0.9712,0.0022954
test,G-blend,30,0.98,0.99,14584,0.98544,0.98169,0.97939,0.98374,-0.0037439
test,G-blend,30,0.99,1,50135,0.99707,0.99292,0.99215,0.99362,-0.0041483
test,G-blend,20,0,0.01,56512,0.0027022,0.006972,0.0063187,0.0076923,0.0042698
test,G-blend,20,0.01,0.02,14148,0.01453,0.017458,0.015427,0.019751,0.0029279
test,G-blend,20,0.02,0.05,22335,0.033219,0.029863,0.027711,0.032178,-0.0033557
test,G-blend,20,0.05,0.1,20842,0.07291,0.055609,0.052579,0.058803,-0.017302
test,G-blend,20,0.1,0.2,25333,0.14629,0.11345,0.1096,0.11741,-0.032845
test,G-blend,20,0.2,0.3,18765,0.24976,0.21284,0.20705,0.21876,-0.036921
test,G-blend,20,0.3,0.4,16766,0.35778,0.33031,0.32323,0.33747,-0.02747
test,G-blend,20,0.4,0.5,5453,0.41714,0.40161,0.38868,0.41469,-0.015528
test,G-blend,20,0.5,0.6,20270,0.52229,0.53439,0.52751,0.54125,0.012095
test,G-blend,20,0.6,0.7,16766,0.64222,0.67607,0.66895,0.68311,0.033852
test,G-blend,20,0.7,0.8,18765,0.75024,0.79243,0.78657,0.79818,0.042197
test,G-blend,20,0.8,0.9,25333,0.85371,0.88967,0.88575,0.89347,0.035963
test,G-blend,20,0.9,0.95,20842,0.92709,0.94367,0.94046,0.94672,0.016582
test,G-blend,20,0.95,0.98,22335,0.96678,0.96991,0.96759,0.97207,0.0031318
test,G-blend,20,0.98,0.99,14148,0.98547,0.98268,0.9804,0.98471,-0.0027865
test,G-blend,20,0.99,1,56512,0.9973,0.99338,0.99268,0.99402,-0.0039159
test,G-blend,15,0,0.01,56698,0.0026927,0.0064905,0.0058622,0.0071858,0.0037978
test,G-blend,15,0.01,0.02,14244,0.014554,0.017762,0.015719,0.020065,0.0032078
test,G-blend,15,0.02,0.05,22318,0.033312,0.029304,0.027171,0.031599,-0.0040081
test,G-blend,15,0.05,0.1,20828,0.072926,0.054014,0.051025,0.057167,-0.018913
test,G-blend,15,0.1,0.2,25249,0.14634,0.11026,0.10646,0.11418,-0.036079
test,G-blend,15,0.2,0.3,18820,0.25012,0.21249,0.2067,0.21839,-0.037638
test,G-blend,15,0.3,0.4,16717,0.35857,0.33266,0.32555,0.33984,-0.02591
test,G-blend,15,0.4,0.5,5292,0.41749,0.41005,0.39687,0.42336,-0.0074372
test,G-blend,15,0.5,0.6,20085,0.52174,0.53069,0.52379,0.53759,0.0089548
test,G-blend,15,0.6,0.7,16717,0.64143,0.66627,0.65908,0.67338,0.024833
test,G-blend,15,0.7,0.8,18820,0.74988,0.7898,0.78392,0.79556,0.039923
test,G-blend,15,0.8,0.9,25249,0.85366,0.88768,0.88372,0.89151,0.034019
test,G-blend,15,0.9,0.95,20828,0.92707,0.94464,0.94145,0.94767,0.017568
test,G-blend,15,0.95,0.98,22318,0.96669,0.9728,0.97059,0.97486,0.0061141
test,G-blend,15,0.98,0.99,14244,0.98545,0.98427,0.9821,0.98619,-0.0011719
test,G-blend,15,0.99,1,56698,0.99731,0.9942,0.99354,0.99479,-0.00311
test,G-blend,10,0,0.01,59729,0.0025604,0.0058598,0.0052787,0.0065045,0.0032994
test,G-blend,10,0.01,0.02,13900,0.014549,0.017194,0.015163,0.019493,0.0026448
test,G-blend,10,0.02,0.05,22043,0.033343,0.030758,0.028559,0.03312,-0.0025851
test,G-blend,10,0.05,0.1,20304,0.072878,0.055556,0.052488,0.058791,-0.017323
test,G-blend,10,0.1,0.2,24595,0.14634,0.11271,0.10881,0.11672,-0.033636
test,G-blend,10,0.2,0.3,18416,0.25009,0.20759,0.20179,0.21351,-0.042501
test,G-blend,10,0.3,0.4,16551,0.35963,0.32596,0.31886,0.33314,-0.033667
test,G-blend,10,0.4,0.5,4614,0.41759,0.39467,0.38066,0.40885,-0.022918
test,G-blend,10,0.5,0.6,19435,0.51957,0.5255,0.51847,0.53251,0.0059296
test,G-blend,10,0.6,0.7,16551,0.64037,0.66733,0.66012,0.67447,0.02696
test,G-blend,10,0.7,0.8,18416,0.74991,0.78682,0.78084,0.79267,0.036908
test,G-blend,10,0.8,0.9,24595,0.85366,0.88766,0.88365,0.89155,0.034002
test,G-blend,10,0.9,0.95,20304,0.92712,0.94548,0.94227,0.94852,0.018357
test,G-blend,10,0.95,0.98,22043,0.96666,0.97301,0.97078,0.97507,0.0063505
test,G-blend,10,0.98,0.99,13900,0.98545,0.98489,0.98273,0.98679,-0.0005585
test,G-blend,10,0.99,1,59729,0.99744,0.99464,0.99402,0.9952,-0.0027971
test,G-blend,5,0,0.01,68151,0.0021749,0.005253,0.0047375,0.0058243,0.0030781
test,G-blend,5,0.01,0.02,13215,0.01457,0.016648,0.014603,0.018974,0.0020778
test,G-blend,5,0.02,0.05,20743,0.033278,0.02907,0.02687,0.031445,-0.0042081
test,G-blend,5,0.05,0.1,18881,0.072736,0.054128,0.050991,0.057448,-0.018607
test,G-blend,5,0.1,0.2,22830,0.14596,0.10569,0.10177,0.10975,-0.04027
test,G-blend,5,0.2,0.3,16787,0.24819,0.19676,0.19082,0.20284,-0.051435
test,G-blend,5,0.3,0.4,16063,0.35817,0.31165,0.30453,0.31885,-0.046527
test,G-blend,5,0.4,0.5,3502,0.41858,0.38635,0.37036,0.40259,-0.032231
test,G-blend,5,0.5,0.6,18283,0.5156,0.51053,0.50328,0.51777,-0.0050662
test,G-blend,5,0.6,0.7,16063,0.64183,0.66974,0.66243,0.67697,0.027912
test,G-blend,5,0.7,0.8,16787,0.75181,0.79109,0.78487,0.79717,0.039283
test,G-blend,5,0.8,0.9,22830,0.85404,0.88857,0.88442,0.89258,0.034532
test,G-blend,5,0.9,0.95,18881,0.92726,0.94577,0.94244,0.94891,0.018502
test,G-blend,5,0.95,0.98,20743,0.96672,0.97238,0.97006,0.97452,0.0056543
test,G-blend,5,0.98,0.99,13215,0.98543,0.98487,0.98264,0.98681,-0.00056434
test,G-blend,5,0.99,1,68151,0.99783,0.99529,0.99475,0.99578,-0.0025352
test,G-blend,3,0,0.01,72112,0.0020192,0.0055053,0.004991,0.0060723,0.0034862
test,G-blend,3,0.01,0.02,12826,0.014526,0.015983,0.013953,0.018303,0.0014575
test,G-blend,3,0.02,0.05,20375,0.03325,0.028515,0.026317,0.030891,-0.0047348
test,G-blend,3,0.05,0.1,18096,0.072901,0.053271,0.050093,0.056639,-0.019629
test,G-blend,3,0.1,0.2,21940,0.1459,0.10538,0.10138,0.10951,-0.040518
test,G-blend,3,0.2,0.3,16021,0.24723,0.20042,0.1943,0.20669,-0.046808
test,G-blend,3,0.3,0.4,15826,0.35732,0.31815,0.31094,0.32545,-0.039173
test,G-blend,3,0.4,0.5,2968,0.41869,0.39084,0.37343,0.40852,-0.027854
test,G-blend,3,0.5,0.6,17765,0.51358,0.51646,0.50911,0.52381,0.0028804
test,G-blend,3,0.6,0.7,15826,0.64268,0.69038,0.68313,0.69754,0.047704
test,G-blend,3,0.7,0.8,16021,0.75277,0.80588,0.79968,0.81193,0.053112
test,G-blend,3,0.8,0.9,21940,0.8541,0.89407,0.88993,0.89808,0.039971
test,G-blend,3,0.9,0.95,18096,0.9271,0.94513,0.94171,0.94835,0.018027
test,G-blend,3,0.95,0.98,20375,0.96675,0.9704,0.96799,0.97264,0.0036551
test,G-blend,3,0.98,0.99,12826,0.98547,0.98246,0.98004,0.98459,-0.0030169
test,G-blend,3,0.99,1,72112,0.99798,0.99494,0.99439,0.99543,-0.0030424
test,G-blend,2,0,0.01,73998,0.0019556,0.0049055,0.0044272,0.0054353,0.00295
test,G-blend,2,0.01,0.02,12737,0.014544,0.016173,0.014124,0.018514,0.0016296
test,G-blend,2,0.02,0.05,20018,0.033257,0.027675,0.025492,0.03004,-0.0055819
test,G-blend,2,0.05,0.1,17844,0.072998,0.054752,0.051509,0.058187,-0.018246
test,G-blend,2,0.1,0.2,21504,0.14608,0.10663,0.10258,0.11083,-0.039451
test,G-blend,2,0.2,0.3,15621,0.24691,0.19807,0.19189,0.20439,-0.048846
test,G-blend,2,0.3,0.4,15698,0.35674,0.30711,0.29994,0.31437,-0.04963
test,G-blend,2,0.4,0.5,2731,0.41846,0.37715,0.35916,0.39549,-0.041308
test,G-blend,2,0.5,0.6,17554,0.51269,0.51054,0.50314,0.51793,-0.002147
test,G-blend,2,0.6,0.7,15698,0.64326,0.6962,0.68896,0.70335,0.052943
test,G-blend,2,0.7,0.8,15621,0.75309,0.81192,0.80572,0.81797,0.058833
test,G-blend,2,0.8,0.9,21504,0.85392,0.89458,0.8904,0.89861,0.04066
test,G-blend,2,0.9,0.95,17844,0.927,0.94536,0.94193,0.9486,0.018358
test,G-blend,2,0.95,0.98,20018,0.96674,0.96968,0.96721,0.97196,0.0029342
test,G-blend,2,0.98,0.99,12737,0.98546,0.98045,0.9779,0.98271,-0.0050056
test,G-blend,2,0.99,1,73998,0.99804,0.99462,0.99407,0.99512,-0.003423
test,T-blend,60,0,0.01,30493,0.0058978,0.0064605,0.0056213,0.007424,0.00056269
test,T-blend,60,0.01,0.02,24494,0.014531,0.012411,0.011099,0.013876,-0.0021203
test,T-blend,60,0.02,0.05,34850,0.032851,0.030445,0.028692,0.032301,-0.0024063
test,T-blend,60,0.05,0.1,26402,0.072077,0.067722,0.064754,0.070816,-0.0043544
test,T-blend,60,0.1,0.2,27080,0.14466,0.14147,0.13737,0.14567,-0.0031924
test,T-blend,60,0.2,0.3,17939,0.24832,0.2528,0.24649,0.25921,0.0044849
test,T-blend,60,0.3,0.4,16023,0.35974,0.36479,0.35737,0.37227,0.0050526
test,T-blend,60,0.4,0.5,2888,0.41827,0.4072,0.38942,0.42523,-0.011067
test,T-blend,60,0.5,0.6,17675,0.51335,0.51349,0.50612,0.52086,0.00013919
test,T-blend,60,0.6,0.7,16023,0.64026,0.64045,0.63299,0.64785,0.00018985
test,T-blend,60,0.7,0.8,17939,0.75168,0.75322,0.74686,0.75947,0.0015356
test,T-blend,60,0.8,0.9,27080,0.85534,0.85702,0.8528,0.86113,0.0016784
test,T-blend,60,0.9,0.95,26402,0.92792,0.928,0.92482,0.93105,7.4398e-05
test,T-blend,60,0.95,0.98,34850,0.96715,0.96746,0.96555,0.96927,0.00031166
test,T-blend,60,0.98,0.99,24494,0.98547,0.98596,0.9844,0.98736,0.00048721
test,T-blend,60,0.99,1,30493,0.9941,0.99364,0.99268,0.99447,-0.00046431
test,T-blend,45,0,0.01,32829,0.0057537,0.0057266,0.0049662,0.0066027,-2.71e-05
test,T-blend,45,0.01,0.02,24499,0.014507,0.01347,0.012101,0.014992,-0.0010369
test,T-blend,45,0.02,0.05,34001,0.032751,0.030293,0.028524,0.032169,-0.0024577
test,T-blend,45,0.05,0.1,25916,0.072176,0.065674,0.062722,0.068754,-0.006502
test,T-blend,45,0.1,0.2,26594,0.14486,0.13721,0.13313,0.1414,-0.0076465
test,T-blend,45,0.2,0.3,17594,0.24791,0.24571,0.2394,0.25213,-0.0022057
test,T-blend,45,0.3,0.4,16080,0.3597,0.35995,0.35257,0.3674,0.00024956
test,T-blend,45,0.4,0.5,2648,0.4183,0.4105,0.3919,0.42935,-0.0078015
test,T-blend,45,0.5,0.6,17451,0.5124,0.51183,0.50442,0.51925,-0.00056395
test,T-blend,45,0.6,0.7,16080,0.6403,0.6416,0.63416,0.64898,0.0013052
test,T-blend,45,0.7,0.8,17594,0.75209,0.75429,0.74787,0.7606,0.0022057
test,T-blend,45,0.8,0.9,26594,0.85514,0.85685,0.85259,0.86101,0.0017054
test,T-blend,45,0.9,0.95,25916,0.92782,0.92723,0.924,0.93033,-0.00059789
test,T-blend,45,0.95,0.98,34001,0.96725,0.96809,0.96617,0.96991,0.00084006
test,T-blend,45,0.98,0.99,24499,0.98549,0.98616,0.98462,0.98755,0.00066951
test,T-blend,45,0.99,1,32829,0.99425,0.99427,0.9934,0.99503,2.71e-05
test,T-blend,30,0,0.01,37754,0.0051936,0.0054564,0.004762,0.0062514,0.00026277
test,T-blend,30,0.01,0.02,22923,0.014482,0.014571,0.013099,0.016205,8.8884e-05
test,T-blend,30,0.02,0.05,31636,0.032736,0.029745,0.027929,0.031674,-0.0029915
test,T-blend,30,0.05,0.1,24832,0.072285,0.065802,0.062785,0.068954,-0.0064827
test,T-blend,30,0.1,0.2,26360,0.14492,0.13778,0.13368,0.142,-0.007138
test,T-blend,30,0.2,0.3,17485,0.24749,0.24324,0.23693,0.24965,-0.0042533
test,T-blend,30,0.3,0.4,16264,0.35837,0.35951,0.35216,0.36691,0.0011324
test,T-blend,30,0.4,0.5,2903,0.41976,0.42577,0.40789,0.44384,0.0060093
test,T-blend,30,0.5,0.6,17714,0.51315,0.51575,0.50839,0.52311,0.0025999
test,T-blend,30,0.6,0.7,16264,0.64163,0.63853,0.63111,0.64588,-0.0031
test,T-blend,30,0.7,0.8,17485,0.75251,0.7555,0.74908,0.76182,0.0029951
test,T-blend,30,0.8,0.9,26360,0.85508,0.85876,0.85451,0.86292,0.0036858
test,T-blend,30,0.9,0.95,24832,0.92772,0.92796,0.92467,0.93111,0.00024078
test,T-blend,30,0.95,0.98,31636,0.96726,0.96839,0.9664,0.97026,0.0011265
test,T-blend,30,0.98,0.99,22923,0.98552,0.98617,0.98458,0.9876,0.00065273
test,T-blend,30,0.99,1,37754,0.99481,0.99441,0.99361,0.99511,-0.00039521
test,T-blend,20,0,0.01,42834,0.0051093,0.0054629,0.0048079,0.0062067,0.00035365
test,T-blend,20,0.01,0.02,23850,0.01445,0.014004,0.012589,0.015576,-0.00044587
test,T-blend,20,0.02,0.05,31429,0.032727,0.030227,0.028391,0.032178,-0.0024997
test,T-blend,20,0.05,0.1,23989,0.072082,0.069574,0.066422,0.072863,-0.0025082
test,T-blend,20,0.1,0.2,24597,0.14456,0.14331,0.13899,0.14774,-0.0012456
test,T-blend,20,0.2,0.3,15955,0.24567,0.24751,0.24087,0.25427,0.0018393
test,T-blend,20,0.3,0.4,15667,0.35669,0.35897,0.3515,0.36652,0.0022809
test,T-blend,20,0.4,0.5,1833,0.42026,0.42444,0.402,0.4472,0.004181
test,T-blend,20,0.5,0.6,16650,0.50878,0.51315,0.50556,0.52074,0.0043745
test,T-blend,20,0.6,0.7,15667,0.64331,0.64671,0.63919,0.65416,0.0033999
test,T-blend,20,0.7,0.8,15955,0.75433,0.75976,0.75307,0.76633,0.0054311
test,T-blend,20,0.8,0.9,24597,0.85544,0.86145,0.85707,0.86571,0.0060022
test,T-blend,20,0.9,0.95,23989,0.92792,0.93276,0.92952,0.93586,0.0048426
test,T-blend,20,0.95,0.98,31429,0.96727,0.9684,0.96641,0.97028,0.0011316
test,T-blend,20,0.98,0.99,23850,0.98555,0.98637,0.98482,0.98777,0.00082323
test,T-blend,20,0.99,1,42834,0.99489,0.99507,0.99437,0.99569,0.00018331
test,T-blend,15,0,0.01,44885,0.00485,0.0050351,0.0044213,0.0057336,0.00018513
test,T-blend,15,0.01,0.02,22587,0.014454,0.013946,0.012497,0.01556,-0.0005082
test,T-blend,15,0.02,0.05,30436,0.032841,0.03049,0.028617,0.032482,-0.0023506
test,T-blend,15,0.05,0.1,23498,0.072164,0.065027,0.061945,0.068251,-0.0071376
test,T-blend,15,0.1,0.2,24639,0.1447,0.13625,0.13202,0.14059,-0.0084557
test,T-blend,15,0.2,0.3,16264,0.2463,0.24606,0.23951,0.25274,-0.00023268
test,T-blend,15,0.3,0.4,15767,0.35754,0.35929,0.35184,0.36682,0.0017596
test,T-blend,15,0.4,0.5,2090,0.41959,0.42727,0.40622,0.4486,0.0076795
test,T-blend,15,0.5,0.6,16883,0.50995,0.51265,0.5051,0.52018,0.0026921
test,T-blend,15,0.6,0.7,15767,0.64246,0.64216,0.63465,0.64961,-0.00030089
test,T-blend,15,0.7,0.8,16264,0.7537,0.75793,0.75129,0.76445,0.0042292
test,T-blend,15,0.8,0.9,24639,0.8553,0.86172,0.85736,0.86598,0.0064264
test,T-blend,15,0.9,0.95,23498,0.92784,0.93382,0.93057,0.93693,0.0059886
test,T-blend,15,0.95,0.98,30436,0.96716,0.97237,0.97047,0.97415,0.005209
test,T-blend,15,0.98,0.99,22587,0.98555,0.98676,0.98519,0.98817,0.0012166
test,T-blend,15,0.99,1,44885,0.99515,0.99552,0.99486,0.9961,0.00037185
test,T-blend,10,0,0.01,47285,0.0047392,0.0045892,0.0040189,0.0052399,-0.00014998
test,T-blend,10,0.01,0.02,22256,0.014443,0.013524,0.012089,0.015128,-0.00091821
test,T-blend,10,0.02,0.05,30098,0.03282,0.0307,0.02881,0.032709,-0.00212
test,T-blend,10,0.05,0.1,23055,0.072137,0.065669,0.062543,0.068939,-0.0064681
test,T-blend,10,0.1,0.2,24172,0.14465,0.13379,0.12956,0.13814,-0.010862
test,T-blend,10,0.2,0.3,15772,0.24569,0.23846,0.23187,0.24517,-0.0072285
test,T-blend,10,0.3,0.4,15623,0.35649,0.3491,0.34166,0.35661,-0.0073888
test,T-blend,10,0.4,0.5,1891,0.41943,0.42359,0.40149,0.44599,0.0041559
test,T-blend,10,0.5,0.6,16712,0.50912,0.50957,0.50199,0.51715,0.00045723
test,T-blend,10,0.6,0.7,15623,0.64351,0.6477,0.64017,0.65515,0.0041884
test,T-blend,10,0.7,0.8,15772,0.75431,0.75856,0.75182,0.76517,0.0042485
test,T-blend,10,0.8,0.9,24172,0.85535,0.86129,0.85687,0.86559,0.0059387
test,T-blend,10,0.9,0.95,23055,0.92786,0.93568,0.93244,0.93877,0.0078127
test,T-blend,10,0.95,0.98,30098,0.96718,0.97196,0.97003,0.97376,0.004778
test,T-blend,10,0.98,0.99,22256,0.98556,0.98809,0.98658,0.98944,0.0025358
test,T-blend,10,0.99,1,47285,0.99526,0.99585,0.99523,0.9964,0.0005941
test,T-blend,5,0,0.01,55802,0.0043191,0.0038529,0.0033719,0.0044022,-0.00046621
test,T-blend,5,0.01,0.02,21593,0.014426,0.013338,0.011892,0.014957,-0.0010884
test,T-blend,5,0.02,0.05,28954,0.032737,0.029426,0.027541,0.031436,-0.0033111
test,T-blend,5,0.05,0.1,21667,0.072333,0.06443,0.061237,0.067777,-0.0079031
test,T-blend,5,0.1,0.2,22196,0.14513,0.13187,0.12748,0.13639,-0.01326
test,T-blend,5,0.2,0.3,13845,0.24382,0.22774,0.22083,0.2348,-0.016087
test,T-blend,5,0.3,0.4,14671,0.35048,0.33256,0.32498,0.34023,-0.017924
test,T-blend,5,0.4,0.5,1444,0.42087,0.39335,0.36847,0.4188,-0.027515
test,T-blend,5,0.5,0.6,16225,0.50704,0.49609,0.48839,0.50378,-0.010956
test,T-blend,5,0.6,0.7,14671,0.64952,0.64965,0.64189,0.65733,0.0001336
test,T-blend,5,0.7,0.8,13845,0.75618,0.76259,0.75543,0.7696,0.0064086
test,T-blend,5,0.8,0.9,22196,0.85487,0.85979,0.85516,0.8643,0.0049247
test,T-blend,5,0.9,0.95,21667,0.92767,0.93377,0.93038,0.93701,0.0061032
test,T-blend,5,0.95,0.98,28954,0.96726,0.97206,0.9701,0.9739,0.0047962
test,T-blend,5,0.98,0.99,21593,0.98557,0.98759,0.98602,0.98898,0.0020147
test,T-blend,5,0.99,1,55802,0.99568,0.99649,0.99596,0.99695,0.0008067
test,T-blend,3,0,0.01,58868,0.0043006,0.0044676,0.0039603,0.0050396,0.00016705
test,T-blend,3,0.01,0.02,22115,0.014393,0.012118,0.010759,0.013648,-0.0022743
test,T-blend,3,0.02,0.05,28880,0.032604,0.029432,0.027545,0.031445,-0.003172
test,T-blend,3,0.05,0.1,21004,0.072076,0.064702,0.061454,0.068109,-0.0073738
test,T-blend,3,0.1,0.2,21470,0.145,0.13717,0.13263,0.14183,-0.0078289
test,T-blend,3,0.2,0.3,12768,0.24356,0.23488,0.22761,0.24232,-0.008673
test,T-blend,3,0.3,0.4,13904,0.34664,0.33961,0.33179,0.34753,-0.0070251
test,T-blend,3,0.4,0.5,1155,0.42084,0.3974,0.36957,0.42592,-0.023435
test,T-blend,3,0.5,0.6,15952,0.50573,0.50157,0.49381,0.50932,-0.0041646
test,T-blend,3,0.6,0.7,13904,0.65336,0.67434,0.6665,0.68208,0.020978
test,T-blend,3,0.7,0.8,12768,0.75644,0.76856,0.76117,0.7758,0.012119
test,T-blend,3,0.8,0.9,21470,0.855,0.86525,0.86062,0.86976,0.010251
test,T-blend,3,0.9,0.95,21004,0.92792,0.93382,0.93038,0.93711,0.0058978
test,T-blend,3,0.95,0.98,28880,0.9674,0.96949,0.96745,0.97142,0.0020986
test,T-blend,3,0.98,0.99,22115,0.98561,0.98662,0.98501,0.98805,0.0010081
test,T-blend,3,0.99,1,58868,0.9957,0.99633,0.99581,0.99679,0.00063134
test,T-blend,2,0,0.01,60103,0.0043623,0.0036105,0.0031617,0.0041227,-0.00075181
test,T-blend,2,0.01,0.02,22734,0.014406,0.012184,0.010838,0.013695,-0.0022213
test,T-blend,2,0.02,0.05,29109,0.032598,0.029578,0.027693,0.031588,-0.0030199
test,T-blend,2,0.05,0.1,20704,0.07209,0.066605,0.063289,0.070083,-0.0054849
test,T-blend,2,0.1,0.2,21015,0.14505,0.14118,0.13654,0.14596,-0.0038628
test,T-blend,2,0.2,0.3,12177,0.24397,0.23585,0.2284,0.24348,-0.0081124
test,T-blend,2,0.3,0.4,13345,0.34424,0.32791,0.32,0.33593,-0.016324
test,T-blend,2,0.4,0.5,964,0.42018,0.40353,0.373,0.43482,-0.016656
test,T-blend,2,0.5,0.6,15787,0.50487,0.49623,0.48843,0.50403,-0.0086428
test,T-blend,2,0.6,0.7,13345,0.65576,0.67583,0.66784,0.68372,0.020071
test,T-blend,2,0.7,0.8,12177,0.75603,0.77597,0.76848,0.78329,0.019938
test,T-blend,2,0.8,0.9,21015,0.85495,0.86253,0.8578,0.86712,0.0075745
test,T-blend,2,0.9,0.95,20704,0.92791,0.93156,0.92804,0.93492,0.0036495
test,T-blend,2,0.95,0.98,29109,0.9674,0.96846,0.96639,0.97041,0.0010618
test,T-blend,2,0.98,0.99,22734,0.98559,0.98522,0.98357,0.98671,-0.00037392
test,T-blend,2,0.99,1,60103,0.99564,0.99621,0.99568,0.99667,0.00056879
test,MIX-blend,60,0,0.01,28798,0.0056585,0.0062504,0.0054037,0.0072289,0.00059194
test,MIX-blend,60,0.01,0.02,22820,0.014577,0.011613,0.010302,0.013087,-0.0029643
test,MIX-blend,60,0.02,0.05,35034,0.032998,0.027231,0.025578,0.028987,-0.0057675
test,MIX-blend,60,0.05,0.1,27883,0.072191,0.064304,0.061485,0.067244,-0.0078864
test,MIX-blend,60,0.1,0.2,28530,0.14462,0.13771,0.13376,0.14176,-0.0069066
test,MIX-blend,60,0.2,0.3,18357,0.24798,0.2526,0.24637,0.25894,0.0046233
test,MIX-blend,60,0.3,0.4,16064,0.35918,0.36604,0.35862,0.37352,0.0068584
test,MIX-blend,60,0.4,0.5,2683,0.41828,0.40962,0.39115,0.42834,-0.0086625
test,MIX-blend,60,0.5,0.6,17470,0.51255,0.51231,0.50489,0.51972,-0.00024376
test,MIX-blend,60,0.6,0.7,16064,0.64082,0.63963,0.63217,0.64702,-0.0011935
test,MIX-blend,60,0.7,0.8,18357,0.75202,0.75345,0.74716,0.75963,0.0014234
test,MIX-blend,60,0.8,0.9,28530,0.85538,0.86113,0.85707,0.86509,0.0057499
test,MIX-blend,60,0.9,0.95,27883,0.92781,0.93139,0.92836,0.9343,0.0035827
test,MIX-blend,60,0.95,0.98,35034,0.967,0.97046,0.96863,0.97218,0.0034555
test,MIX-blend,60,0.98,0.99,22820,0.98542,0.98655,0.98497,0.98796,0.0011238
test,MIX-blend,60,0.99,1,28798,0.99434,0.99375,0.99277,0.9946,-0.00059194
test,MIX-blend,45,0,0.01,31252,0.0055135,0.0053437,0.0045939,0.006215,-0.00016982
test,MIX-blend,45,0.01,0.02,22998,0.014573,0.012653,0.011288,0.014181,-0.0019202
test,MIX-blend,45,0.02,0.05,34176,0.032924,0.028002,0.026305,0.029805,-0.0049219
test,MIX-blend,45,0.05,0.1,27175,0.072237,0.061969,0.059164,0.064898,-0.010268
test,MIX-blend,45,0.1,0.2,27988,0.14465,0.13441,0.13047,0.13846,-0.010233
test,MIX-blend,45,0.2,0.3,17979,0.24749,0.24517,0.23894,0.25152,-0.0023117
test,MIX-blend,45,0.3,0.4,16112,0.35902,0.35992,0.35254,0.36736,0.00089587
test,MIX-blend,45,0.4,0.5,2481,0.41824,0.41475,0.39551,0.43426,-0.0034834
test,MIX-blend,45,0.5,0.6,17284,0.51174,0.51122,0.50377,0.51867,-0.00051247
test,MIX-blend,45,0.6,0.7,16112,0.64098,0.64039,0.63295,0.64777,-0.00058554
test,MIX-blend,45,0.7,0.8,17979,0.75251,0.75388,0.74753,0.76012,0.0013662
test,MIX-blend,45,0.8,0.9,27988,0.85535,0.85933,0.85521,0.86336,0.0039799
test,MIX-blend,45,0.9,0.95,27175,0.92776,0.9324,0.92935,0.93533,0.0046377
test,MIX-blend,45,0.95,0.98,34176,0.96708,0.971,0.96917,0.97273,0.0039271
test,MIX-blend,45,0.98,0.99,22998,0.98543,0.98674,0.98518,0.98814,0.0013115
test,MIX-blend,45,0.99,1,31252,0.99449,0.99446,0.99358,0.99523,-2.2165e-05
test,MIX-blend,30,0,0.01,36472,0.0049377,0.0052369,0.0045465,0.0060315,0.00029915
test,MIX-blend,30,0.01,0.02,21739,0.014541,0.01357,0.012116,0.015196,-0.00097131
test,MIX-blend,30,0.02,0.05,31691,0.03285,0.028052,0.026291,0.029928,-0.004798
test,MIX-blend,30,0.05,0.1,25848,0.072312,0.062287,0.059406,0.065299,-0.010025
test,MIX-blend,30,0.1,0.2,27496,0.14482,0.13515,0.13116,0.13924,-0.009673
test,MIX-blend,30,0.2,0.3,17815,0.24725,0.24238,0.23614,0.24873,-0.0048709
test,MIX-blend,30,0.3,0.4,16321,0.35795,0.36046,0.35312,0.36785,0.0025062
test,MIX-blend,30,0.4,0.5,2775,0.41984,0.42559,0.4073,0.44407,0.0057426
test,MIX-blend,30,0.5,0.6,17586,0.51265,0.51513,0.50774,0.52251,0.0024772
test,MIX-blend,30,0.6,0.7,16321,0.64205,0.63826,0.63085,0.6456,-0.0037929
test,MIX-blend,30,0.7,0.8,17815,0.75275,0.7556,0.74923,0.76185,0.0028501
test,MIX-blend,30,0.8,0.9,27496,0.85518,0.86198,0.85785,0.86601,0.0067999
test,MIX-blend,30,0.9,0.95,25848,0.92769,0.93125,0.9281,0.93427,0.0035642
test,MIX-blend,30,0.95,0.98,31691,0.96715,0.97065,0.96874,0.97246,0.0035043
test,MIX-blend,30,0.98,0.99,21739,0.98546,0.98698,0.98539,0.98841,0.0015233
test,MIX-blend,30,0.99,1,36472,0.99506,0.99446,0.99365,0.99517,-0.00060075
test,MIX-blend,20,0,0.01,41420,0.0048321,0.0051907,0.0045431,0.0059301,0.00035859
test,MIX-blend,20,0.01,0.02,22548,0.01449,0.013216,0.011806,0.014792,-0.0012737
test,MIX-blend,20,0.02,0.05,31794,0.032873,0.028119,0.026358,0.029993,-0.0047547
test,MIX-blend,20,0.05,0.1,25039,0.072188,0.065618,0.062617,0.068752,-0.0065706
test,MIX-blend,20,0.1,0.2,25797,0.1444,0.14118,0.13698,0.14548,-0.0032251
test,MIX-blend,20,0.2,0.3,16222,0.24531,0.24713,0.24056,0.25383,0.0018208
test,MIX-blend,20,0.3,0.4,15670,0.35585,0.35973,0.35225,0.36728,0.003882
test,MIX-blend,20,0.4,0.5,1664,0.42086,0.4357,0.41205,0.45964,0.014839
test,MIX-blend,20,0.5,0.6,16481,0.50799,0.51253,0.5049,0.52016,0.004539
test,MIX-blend,20,0.6,0.7,15670,0.64415,0.64608,0.63855,0.65353,0.0019253
test,MIX-blend,20,0.7,0.8,16222,0.75469,0.75878,0.75214,0.76531,0.0040971
test,MIX-blend,20,0.8,0.9,25797,0.8556,0.86363,0.85939,0.86776,0.0080319
test,MIX-blend,20,0.9,0.95,25039,0.92781,0.9359,0.9328,0.93887,0.0080882
test,MIX-blend,20,0.95,0.98,31794,0.96713,0.97113,0.96923,0.97291,0.0039998
test,MIX-blend,20,0.98,0.99,22548,0.98551,0.98723,0.98568,0.98861,0.0017172
test,MIX-blend,20,0.99,1,41420,0.99517,0.99512,0.9944,0.99575,-4.473e-05
test,MIX-blend,15,0,0.01,43480,0.0045982,0.0048988,0.0042848,0.0056002,0.00030056
test,MIX-blend,15,0.01,0.02,21548,0.014504,0.013412,0.01196,0.015037,-0.0010917
test,MIX-blend,15,0.02,0.05,30510,0.032909,0.028482,0.026674,0.030409,-0.0044268
test,MIX-blend,15,0.05,0.1,24560,0.072139,0.061564,0.058625,0.064639,-0.010575
test,MIX-blend,15,0.1,0.2,25683,0.14465,0.13336,0.12925,0.13757,-0.011292
test,MIX-blend,15,0.2,0.3,16573,0.2462,0.24504,0.23855,0.25164,-0.0011612
test,MIX-blend,15,0.3,0.4,15816,0.35717,0.35932,0.35188,0.36683,0.0021468
test,MIX-blend,15,0.4,0.5,1996,0.41984,0.43186,0.41028,0.4537,0.012026
test,MIX-blend,15,0.5,0.6,16789,0.50953,0.5126,0.50503,0.52015,0.0030673
test,MIX-blend,15,0.6,0.7,15816,0.64283,0.64125,0.63374,0.64869,-0.0015778
test,MIX-blend,15,0.7,0.8,16573,0.7538,0.7581,0.75152,0.76456,0.0042989
test,MIX-blend,15,0.8,0.9,25683,0.85535,0.8652,0.86097,0.86932,0.0098518
test,MIX-blend,15,0.9,0.95,24560,0.92786,0.93774,0.93465,0.9407,0.0098829
test,MIX-blend,15,0.95,0.98,30510,0.96709,0.97371,0.97186,0.97545,0.0066228
test,MIX-blend,15,0.98,0.99,21548,0.9855,0.98793,0.98639,0.98931,0.0024376
test,MIX-blend,15,0.99,1,43480,0.9954,0.99561,0.99494,0.99619,0.00020542
test,MIX-blend,10,0,0.01,46100,0.004492,0.0044469,0.0038794,0.0050969,-4.513e-05
test,MIX-blend,10,0.01,0.02,21356,0.014495,0.012783,0.011362,0.01438,-0.0017121
test,MIX-blend,10,0.02,0.05,30272,0.032964,0.028706,0.026884,0.030648,-0.0042577
test,MIX-blend,10,0.05,0.1,23930,0.072129,0.063142,0.06013,0.066295,-0.0089863
test,MIX-blend,10,0.1,0.2,25147,0.14447,0.13202,0.1279,0.13626,-0.012449
test,MIX-blend,10,0.2,0.3,15958,0.24534,0.23925,0.2327,0.24593,-0.0060888
test,MIX-blend,10,0.3,0.4,15627,0.35571,0.34972,0.34228,0.35723,-0.0059954
test,MIX-blend,10,0.4,0.5,1762,0.41971,0.42281,0.39994,0.44602,0.0031089
test,MIX-blend,10,0.5,0.6,16583,0.50853,0.50877,0.50116,0.51638,0.00024255
test,MIX-blend,10,0.6,0.7,15627,0.64429,0.6467,0.63917,0.65416,0.0024118
test,MIX-blend,10,0.7,0.8,15958,0.75466,0.75849,0.75179,0.76507,0.0038329
test,MIX-blend,10,0.8,0.9,25147,0.85553,0.86376,0.85947,0.86795,0.0082339
test,MIX-blend,10,0.9,0.95,23930,0.92787,0.93774,0.9346,0.94073,0.0098638
test,MIX-blend,10,0.95,0.98,30272,0.96704,0.9743,0.97246,0.97602,0.0072637
test,MIX-blend,10,0.98,0.99,21356,0.9855,0.98853,0.98701,0.98987,0.0030232
test,MIX-blend,10,0.99,1,46100,0.99551,0.9959,0.99527,0.99644,0.0003922
test,MIX-blend,5,0,0.01,54216,0.0040684,0.0036889,0.0032126,0.0042356,-0.00037943
test,MIX-blend,5,0.01,0.02,20861,0.014481,0.011888,0.010505,0.013451,-0.002593
test,MIX-blend,5,0.02,0.05,29268,0.032897,0.028017,0.026187,0.02997,-0.0048805
test,MIX-blend,5,0.05,0.1,22702,0.07231,0.061536,0.058484,0.064737,-0.010774
test,MIX-blend,5,0.1,0.2,23195,0.14487,0.13007,0.1258,0.13446,-0.014802
test,MIX-blend,5,0.2,0.3,14023,0.2435,0.22798,0.22111,0.235,-0.015519
test,MIX-blend,5,0.3,0.4,14587,0.3493,0.33427,0.32666,0.34197,-0.015034
test,MIX-blend,5,0.4,0.5,1320,0.42124,0.39621,0.37016,0.42286,-0.025029
test,MIX-blend,5,0.5,0.6,16101,0.50646,0.49544,0.48771,0.50316,-0.011022
test,MIX-blend,5,0.6,0.7,14587,0.6507,0.64921,0.64143,0.65691,-0.0014876
test,MIX-blend,5,0.7,0.8,14023,0.7565,0.76075,0.75362,0.76774,0.0042522
test,MIX-blend,5,0.8,0.9,23195,0.85513,0.862,0.8575,0.86637,0.0068697
test,MIX-blend,5,0.9,0.95,22702,0.92769,0.93573,0.93247,0.93885,0.008043
test,MIX-blend,5,0.95,0.98,29268,0.9671,0.97451,0.97264,0.97626,0.0074088
test,MIX-blend,5,0.98,0.99,20861,0.98552,0.98854,0.98701,0.9899,0.0030244
test,MIX-blend,5,0.99,1,54216,0.99593,0.99664,0.99612,0.9971,0.00071143
test,MIX-blend,3,0,0.01,57096,0.0040391,0.004256,0.0037543,0.0048243,0.00021685
test,MIX-blend,3,0.01,0.02,21328,0.014475,0.011206,0.0098786,0.012709,-0.0032691
test,MIX-blend,3,0.02,0.05,29456,0.032855,0.027533,0.025725,0.029464,-0.0053221
test,MIX-blend,3,0.05,0.1,22108,0.072166,0.062376,0.059263,0.06564,-0.0097905
test,MIX-blend,3,0.1,0.2,22564,0.14473,0.13553,0.13112,0.14005,-0.0092032
test,MIX-blend,3,0.2,0.3,12956,0.24343,0.23804,0.23078,0.24545,-0.0053961
test,MIX-blend,3,0.3,0.4,13643,0.34482,0.33995,0.33205,0.34795,-0.0048674
test,MIX-blend,3,0.4,0.5,1013,0.42127,0.4077,0.37784,0.43825,-0.013566
test,MIX-blend,3,0.5,0.6,15810,0.50504,0.50051,0.49271,0.5083,-0.0045388
test,MIX-blend,3,0.6,0.7,13643,0.65518,0.67221,0.66429,0.68004,0.017035
test,MIX-blend,3,0.7,0.8,12956,0.75657,0.76652,0.75915,0.77372,0.0099499
test,MIX-blend,3,0.8,0.9,22564,0.85527,0.86656,0.86206,0.87093,0.011286
test,MIX-blend,3,0.9,0.95,22108,0.92783,0.93731,0.93404,0.94043,0.0094739
test,MIX-blend,3,0.95,0.98,29456,0.96715,0.97094,0.96896,0.9728,0.0037944
test,MIX-blend,3,0.98,0.99,21328,0.98552,0.98767,0.9861,0.98906,0.0021438
test,MIX-blend,3,0.99,1,57096,0.99596,0.9965,0.99598,0.99695,0.00053627
test,MIX-blend,2,0,0.01,57612,0.0041219,0.0034194,0.0029747,0.0039303,-0.00070252
test,MIX-blend,2,0.01,0.02,21959,0.014453,0.011112,0.0098082,0.012586,-0.0033418
test,MIX-blend,2,0.02,0.05,30011,0.032754,0.026524,0.024765,0.028403,-0.0062308
test,MIX-blend,2,0.05,0.1,22161,0.0721,0.064302,0.061148,0.067608,-0.0077982
test,MIX-blend,2,0.1,0.2,22321,0.14491,0.13924,0.13476,0.14384,-0.0056679
test,MIX-blend,2,0.2,0.3,12348,0.24431,0.24174,0.23427,0.24937,-0.0025751
test,MIX-blend,2,0.3,0.4,12933,0.34184,0.32924,0.32119,0.33738,-0.012609
test,MIX-blend,2,0.4,0.5,806,0.42086,0.40323,0.3699,0.43747,-0.017634
test,MIX-blend,2,0.5,0.6,15629,0.50408,0.49523,0.4874,0.50307,-0.0088481
test,MIX-blend,2,0.6,0.7,12933,0.65816,0.67216,0.66402,0.68019,0.014
test,MIX-blend,2,0.7,0.8,12348,0.75569,0.77324,0.76577,0.78054,0.017557
test,MIX-blend,2,0.8,0.9,22321,0.85509,0.86331,0.85874,0.86776,0.0082215
test,MIX-blend,2,0.9,0.95,22161,0.9279,0.93457,0.93124,0.93775,0.0066701
test,MIX-blend,2,0.95,0.98,30011,0.96725,0.97104,0.96909,0.97288,0.0037984
test,MIX-blend,2,0.98,0.99,21959,0.98555,0.98675,0.98515,0.98818,0.0012014
test,MIX-blend,2,0.99,1,57612,0.99588,0.99644,0.99592,0.9969,0.00056366
test,EMP-blend,60,0,0.01,30814,0.0063149,0.006523,0.0056836,0.0074854,0.00020807
test,EMP-blend,60,0.01,0.02,26752,0.014472,0.01327,0.011967,0.014713,-0.0012021
test,EMP-blend,60,0.02,0.05,34397,0.032473,0.032067,0.030257,0.033981,-0.0004063
test,EMP-blend,60,0.05,0.1,24747,0.071922,0.069988,0.066876,0.073234,-0.0019336
test,EMP-blend,60,0.1,0.2,25267,0.1454,0.1388,0.13459,0.14312,-0.0065993
test,EMP-blend,60,0.2,0.3,17650,0.24951,0.24487,0.23858,0.25127,-0.0046387
test,EMP-blend,60,0.3,0.4,15285,0.36012,0.3546,0.34705,0.36222,-0.0055248
test,EMP-blend,60,0.4,0.5,6635,0.43505,0.42155,0.40972,0.43348,-0.0135
test,EMP-blend,60,0.5,0.6,16079,0.51919,0.51272,0.50499,0.52044,-0.0064673
test,EMP-blend,60,0.6,0.7,16264,0.64086,0.64086,0.63346,0.6482,1.9186e-06
test,EMP-blend,60,0.7,0.8,18272,0.75169,0.75416,0.74786,0.76035,0.0024704
test,EMP-blend,60,0.8,0.9,26788,0.85479,0.85736,0.85312,0.8615,0.0025675
test,EMP-blend,60,0.9,0.95,27607,0.92855,0.92933,0.92625,0.93229,0.00078331
test,EMP-blend,60,0.95,0.98,36048,0.96714,0.9689,0.96706,0.97065,0.0017597
test,EMP-blend,60,0.98,0.99,24509,0.98547,0.9869,0.9854,0.98825,0.0014351
test,EMP-blend,60,0.99,1,28011,0.99402,0.99386,0.99287,0.99471,-0.00015736
test,EMP-blend,45,0,0.01,33384,0.0060278,0.0056913,0.0049393,0.0065571,-0.00033648
test,EMP-blend,45,0.01,0.02,26758,0.014659,0.014164,0.012816,0.015651,-0.00049499
test,EMP-blend,45,0.02,0.05,34414,0.032448,0.032603,0.030778,0.034532,0.00015455
test,EMP-blend,45,0.05,0.1,23851,0.072032,0.069179,0.066028,0.07247,-0.0028521
test,EMP-blend,45,0.1,0.2,24292,0.14506,0.13721,0.13294,0.14159,-0.0078513
test,EMP-blend,45,0.2,0.3,17511,0.25009,0.23934,0.23307,0.24571,-0.010754
test,EMP-blend,45,0.3,0.4,15897,0.36065,0.35315,0.34575,0.36061,-0.007506
test,EMP-blend,45,0.4,0.5,5440,0.43861,0.42776,0.41467,0.44095,-0.010854
test,EMP-blend,45,0.5,0.6,16164,0.51784,0.51373,0.50603,0.52144,-0.0041014
test,EMP-blend,45,0.6,0.7,16353,0.64002,0.64245,0.63507,0.64976,0.0024331
test,EMP-blend,45,0.7,0.8,17896,0.7512,0.75726,0.75093,0.76349,0.006063
test,EMP-blend,45,0.8,0.9,26726,0.85523,0.85871,0.85449,0.86284,0.0034836
test,EMP-blend,45,0.9,0.95,26413,0.92803,0.9292,0.92605,0.93223,0.0011671
test,EMP-blend,45,0.95,0.98,34009,0.96709,0.96968,0.96781,0.97145,0.0025921
test,EMP-blend,45,0.98,0.99,24697,0.98553,0.98664,0.98513,0.988,0.0011042
test,EMP-blend,45,0.99,1,31320,0.9942,0.99441,0.99352,0.99518,0.00021392
test,EMP-blend,30,0,0.01,35097,0.0054023,0.0051856,0.0044864,0.0059931,-0.00021666
test,EMP-blend,30,0.01,0.02,26358,0.014557,0.014227,0.012867,0.015729,-0.00032933
test,EMP-blend,30,0.02,0.05,34551,0.032023,0.032213,0.030403,0.034128,0.00019035
test,EMP-blend,30,0.05,0.1,22983,0.072061,0.070748,0.067504,0.074135,-0.0013134
test,EMP-blend,30,0.1,0.2,24165,0.14555,0.14029,0.13596,0.14472,-0.0052655
test,EMP-blend,30,0.2,0.3,16996,0.24885,0.24023,0.23387,0.24671,-0.0086126
test,EMP-blend,30,0.3,0.4,16266,0.35918,0.35436,0.34704,0.36174,-0.0048212
test,EMP-blend,30,0.4,0.5,12273,0.47347,0.47421,0.46539,0.48305,0.00074054
test,EMP-blend,30,0.5,0.6,10293,0.53411,0.53648,0.52684,0.5461,0.0023701
test,EMP-blend,30,0.6,0.7,16519,0.64093,0.64828,0.64097,0.65553,0.0073537
test,EMP-blend,30,0.7,0.8,17757,0.75111,0.7624,0.75609,0.76861,0.011292
test,EMP-blend,30,0.8,0.9,25519,0.85504,0.86398,0.85972,0.86813,0.0089413
test,EMP-blend,30,0.9,0.95,24457,0.92756,0.9291,0.92582,0.93225,0.0015419
test,EMP-blend,30,0.95,0.98,32105,0.96751,0.96919,0.96725,0.97103,0.0016893
test,EMP-blend,30,0.98,0.99,24277,0.98552,0.98665,0.98513,0.98802,0.0011348
test,EMP-blend,30,0.99,1,35509,0.99471,0.99459,0.99377,0.9953,-0.00011641
test,EMP-blend,20,0,0.01,40937,0.0054068,0.0051054,0.0044599,0.0058438,-0.00030141
test,EMP-blend,20,0.01,0.02,26395,0.014512,0.01379,0.012453,0.01527,-0.00072102
test,EMP-blend,20,0.02,0.05,31566,0.03249,0.031331,0.029466,0.033311,-0.001159
test,EMP-blend,20,0.05,0.1,23179,0.071972,0.07002,0.066806,0.073377,-0.001952
test,EMP-blend,20,0.1,0.2,23570,0.14469,0.14081,0.13643,0.14531,-0.0038798
test,EMP-blend,20,0.2,0.3,16321,0.24734,0.24226,0.23575,0.2489,-0.0050772
test,EMP-blend,20,0.3,0.4,15783,0.35863,0.355,0.34757,0.3625,-0.0036284
test,EMP-blend,20,0.4,0.5,8126,0.47392,0.47957,0.46872,0.49044,0.005651
test,EMP-blend,20,0.5,0.6,11070,0.51841,0.5178,0.50848,0.5271,-0.00061343
test,EMP-blend,20,0.6,0.7,15719,0.6431,0.64775,0.64025,0.65518,0.0046547
test,EMP-blend,20,0.7,0.8,16422,0.75411,0.76257,0.75601,0.76902,0.0084641
test,EMP-blend,20,0.8,0.9,24023,0.85451,0.86305,0.85864,0.86734,0.0085336
test,EMP-blend,20,0.9,0.95,22922,0.92818,0.93194,0.92861,0.93513,0.0037663
test,EMP-blend,20,0.95,0.98,31658,0.96721,0.96784,0.96584,0.96973,0.00062899
test,EMP-blend,20,0.98,0.99,24474,0.98569,0.98619,0.98465,0.98758,0.00049547
test,EMP-blend,20,0.99,1,42960,0.9949,0.99497,0.99426,0.9956,7.1912e-05
test,EMP-blend,15,0,0.01,43447,0.005489,0.0048565,0.0042451,0.0055554,-0.0006325
test,EMP-blend,15,0.01,0.02,25978,0.014341,0.014512,0.013128,0.01604,0.00017097
test,EMP-blend,15,0.02,0.05,30847,0.032738,0.031964,0.030059,0.033986,-0.00077388
test,EMP-blend,15,0.05,0.1,22023,0.071755,0.068247,0.064991,0.071653,-0.0035079
test,EMP-blend,15,0.1,0.2,22951,0.14524,0.13638,0.132,0.14088,-0.0088618
test,EMP-blend,15,0.2,0.3,16215,0.24792,0.24002,0.23351,0.24666,-0.0078988
test,EMP-blend,15,0.3,0.4,15723,0.35991,0.35292,0.34549,0.36043,-0.0069833
test,EMP-blend,15,0.4,0.5,8693,0.46851,0.47579,0.4653,0.48629,0.0072738
test,EMP-blend,15,0.5,0.6,12178,0.52471,0.52521,0.51633,0.53407,0.00049569
test,EMP-blend,15,0.6,0.7,15811,0.64081,0.64866,0.64119,0.65607,0.0078533
test,EMP-blend,15,0.7,0.8,16316,0.75167,0.76459,0.75802,0.77103,0.012914
test,EMP-blend,15,0.8,0.9,23310,0.85476,0.86401,0.85955,0.86835,0.0092456
test,EMP-blend,15,0.9,0.95,22779,0.92808,0.93248,0.92915,0.93567,0.0043993
test,EMP-blend,15,0.95,0.98,30089,0.96726,0.97119,0.96923,0.97302,0.0039266
test,EMP-blend,15,0.98,0.99,23890,0.98565,0.98698,0.98546,0.98834,0.0013303
test,EMP-blend,15,0.99,1,44875,0.99489,0.99543,0.99476,0.99601,0.00053734
test,EMP-blend,10,0,0.01,47541,0.0046812,0.0045014,0.0039384,0.0051445,-0.00017978
test,EMP-blend,10,0.01,0.02,22105,0.014576,0.013617,0.012171,0.015231,-0.00095966
test,EMP-blend,10,0.02,0.05,30245,0.032904,0.030683,0.028798,0.032687,-0.0022209
test,EMP-blend,10,0.05,0.1,22857,0.071784,0.066588,0.063428,0.069893,-0.0051958
test,EMP-blend,10,0.1,0.2,23600,0.14498,0.13305,0.12878,0.13744,-0.011926
test,EMP-blend,10,0.2,0.3,15879,0.24623,0.23433,0.22781,0.24099,-0.011897
test,EMP-blend,10,0.3,0.4,15790,0.35737,0.34712,0.33973,0.35458,-0.010252
test,EMP-blend,10,0.4,0.5,8567,0.47617,0.48068,0.47011,0.49127,0.0045112
test,EMP-blend,10,0.5,0.6,10608,0.52017,0.51763,0.50811,0.52713,-0.0025463
test,EMP-blend,10,0.6,0.7,15984,0.6436,0.65246,0.64505,0.65981,0.0088634
test,EMP-blend,10,0.7,0.8,16211,0.75214,0.76282,0.75621,0.7693,0.010677
test,EMP-blend,10,0.8,0.9,22991,0.85503,0.86434,0.85985,0.8687,0.0093128
test,EMP-blend,10,0.9,0.95,22237,0.92797,0.93439,0.93106,0.93757,0.0064217
test,EMP-blend,10,0.95,0.98,29645,0.96738,0.97112,0.96916,0.97297,0.0037421
test,EMP-blend,10,0.98,0.99,23612,0.98549,0.98797,0.9865,0.98929,0.0024802
test,EMP-blend,10,0.99,1,47253,0.99508,0.99575,0.99512,0.99629,0.00066362
test,EMP-blend,5,0,0.01,56465,0.0043512,0.0037722,0.0032993,0.0043127,-0.00057894
test,EMP-blend,5,0.01,0.02,21657,0.014537,0.014083,0.012598,0.015741,-0.00045427
test,EMP-blend,5,0.02,0.05,28810,0.032717,0.029816,0.027914,0.031844,-0.0029012
test,EMP-blend,5,0.05,0.1,21291,0.072484,0.065239,0.062,0.068635,-0.0072454
test,EMP-blend,5,0.1,0.2,22523,0.14506,0.13409,0.1297,0.1386,-0.010975
test,EMP-blend,5,0.2,0.3,13789,0.24375,0.23127,0.22431,0.23838,-0.012479
test,EMP-blend,5,0.3,0.4,14606,0.34747,0.33493,0.32732,0.34263,-0.012543
test,EMP-blend,5,0.4,0.5,14570,0.48679,0.48504,0.47693,0.49316,-0.0017491
test,EMP-blend,5,0.5,0.6,3442,0.55201,0.54648,0.52981,0.56305,-0.005522
test,EMP-blend,5,0.6,0.7,14898,0.64672,0.65317,0.64549,0.66078,0.0064559
test,EMP-blend,5,0.7,0.8,14481,0.75501,0.77149,0.76458,0.77826,0.01648
test,EMP-blend,5,0.8,0.9,22493,0.85461,0.86845,0.86397,0.8728,0.013837
test,EMP-blend,5,0.9,0.95,19985,0.92721,0.9357,0.93222,0.93902,0.0084886
test,EMP-blend,5,0.95,0.98,29082,0.96773,0.97239,0.97044,0.97421,0.0046535
test,EMP-blend,5,0.98,0.99,21250,0.98555,0.98805,0.9865,0.98942,0.0024922
test,EMP-blend,5,0.99,1,55783,0.99565,0.99638,0.99585,0.99684,0.00072693
test,EMP-blend,3,0,0.01,62021,0.0046223,0.0045952,0.0040928,0.005159,-2.7041e-05
test,EMP-blend,3,0.01,0.02,20784,0.014248,0.013568,0.012083,0.015233,-0.00067945
test,EMP-blend,3,0.02,0.05,27984,0.032853,0.030053,0.028116,0.032119,-0.0027997
test,EMP-blend,3,0.05,0.1,20102,0.072069,0.067008,0.063634,0.070548,-0.005061
test,EMP-blend,3,0.1,0.2,21014,0.14523,0.13481,0.13026,0.1395,-0.010412
test,EMP-blend,3,0.2,0.3,13180,0.24358,0.23574,0.22857,0.24306,-0.0078415
test,EMP-blend,3,0.3,0.4,14122,0.34525,0.33933,0.33156,0.34718,-0.0059215
test,EMP-blend,3,0.4,0.5,5928,0.4803,0.4919,0.47919,0.50463,0.0116
test,EMP-blend,3,0.5,0.6,10875,0.51202,0.4971,0.48771,0.5065,-0.014913
test,EMP-blend,3,0.6,0.7,13820,0.65516,0.67301,0.66514,0.68078,0.017846
test,EMP-blend,3,0.7,0.8,13853,0.75582,0.7711,0.76403,0.77802,0.015272
test,EMP-blend,3,0.8,0.9,22815,0.85471,0.8714,0.86699,0.87568,0.016688
test,EMP-blend,3,0.9,0.95,22217,0.92804,0.93991,0.93671,0.94296,0.011867
test,EMP-blend,3,0.95,0.98,28237,0.96689,0.97209,0.97011,0.97395,0.0052021
test,EMP-blend,3,0.98,0.99,20163,0.98568,0.98765,0.98603,0.98908,0.0019666
test,EMP-blend,3,0.99,1,58010,0.99579,0.99635,0.99582,0.9968,0.00055802
test,EMP-blend,2,0,0.01,62672,0.0041804,0.0039252,0.0034651,0.0044461,-0.0002552
test,EMP-blend,2,0.01,0.02,21982,0.014256,0.01292,0.01151,0.0145,-0.001336
test,EMP-blend,2,0.02,0.05,26573,0.032608,0.029579,0.027609,0.031685,-0.0030293
test,EMP-blend,2,0.05,0.1,20509,0.072513,0.065581,0.062274,0.069051,-0.0069316
test,EMP-blend,2,0.1,0.2,21494,0.14564,0.13771,0.13317,0.14238,-0.0079235
test,EMP-blend,2,0.2,0.3,13244,0.24421,0.23739,0.23022,0.24471,-0.0068207
test,EMP-blend,2,0.3,0.4,13089,0.33941,0.33104,0.32303,0.33915,-0.0083646
test,EMP-blend,2,0.4,0.5,7034,0.48717,0.49133,0.47965,0.50301,0.004158
test,EMP-blend,2,0.5,0.6,9245,0.51021,0.49324,0.48305,0.50343,-0.016971
test,EMP-blend,2,0.6,0.7,13432,0.65627,0.6757,0.66773,0.68357,0.019429
test,EMP-blend,2,0.7,0.8,13142,0.75499,0.77682,0.76962,0.78386,0.021834
test,EMP-blend,2,0.8,0.9,22100,0.85537,0.86937,0.86486,0.87375,0.014001
test,EMP-blend,2,0.9,0.95,21863,0.9277,0.93729,0.934,0.94043,0.0095914
test,EMP-blend,2,0.95,0.98,31482,0.96731,0.97202,0.97014,0.97378,0.0047041
test,EMP-blend,2,0.98,0.99,23104,0.98552,0.98797,0.98648,0.98929,0.002449
test,EMP-blend,2,0.99,1,54160,0.99568,0.99679,0.99627,0.99723,0.0011064
