period,grid,group,level,model,n,n_days,brier,brier_lo,brier_hi,log_loss,ll_lo,ll_hi,d_ll_vs_base,d_ll_lo,d_ll_hi,d_brier_vs_base,d_brier_lo,d_brier_hi,citl,base
validation,z,all,all,G-raw-10m,1885950,366,0.079639,0.078547,0.080748,0.26796,0.26376,0.27227,-0.0031444,-0.0043223,-0.0019799,-0.0011733,-0.0012982,-0.0010412,0.00068878,G-raw-2h
validation,z,all,all,G-raw-30m,1885950,366,0.079801,0.078728,0.080887,0.26637,0.26246,0.27022,-0.0047347,-0.0055018,-0.0039295,-0.0010112,-0.001107,-0.00091506,0.00068878,G-raw-2h
validation,z,all,all,G-raw-2h,1885950,366,0.080813,0.07976,0.081876,0.27111,0.26748,0.27483,0,0,0,0,0,0,0.00068878,G-raw-2h
validation,z,all,all,G-raw-6h,1885950,366,0.082443,0.081488,0.083429,0.27959,0.27621,0.28285,0.0084889,0.0073955,0.0096164,0.0016303,0.0014086,0.0018565,0.00068878,G-raw-2h
validation,z,all,all,G-raw-1d,1885950,366,0.085025,0.084104,0.085995,0.29107,0.28751,0.29487,0.019967,0.017354,0.02273,0.0042121,0.0035526,0.0048752,0.00068878,G-raw-2h
validation,z,all,all,G-seas-10m,1885950,366,0.079577,0.078499,0.080656,0.26768,0.26345,0.27196,-0.0034243,-0.0046759,-0.0021221,-0.0012353,-0.0013669,-0.0010929,0.00068878,G-raw-2h
validation,z,all,all,G-seas-30m,1885950,366,0.079669,0.078601,0.080734,0.26574,0.26175,0.26952,-0.0053681,-0.0063029,-0.0043675,-0.001144,-0.001256,-0.0010255,0.00068878,G-raw-2h
validation,z,all,all,G-seas-2h,1885950,366,0.080251,0.079196,0.081306,0.26802,0.26415,0.27185,-0.0030865,-0.0038937,-0.0022124,-0.00056172,-0.0006617,-0.00044556,0.00068878,G-raw-2h
validation,z,all,all,G-seas-6h,1885950,366,0.080953,0.079941,0.081988,0.27185,0.26829,0.27575,0.00074111,-0.00046352,0.0021545,0.00013985,-1.7143e-05,0.00033636,0.00068878,G-raw-2h
validation,z,all,all,G-seas-1d,1885950,366,0.081973,0.080974,0.082934,0.27723,0.27374,0.2811,0.0061219,0.0044093,0.0081601,0.0011599,0.00087753,0.0014704,0.00068878,G-raw-2h
validation,z,all,all,G-blend-raw,1885950,366,0.079859,0.078806,0.080895,0.26523,0.26159,0.26887,-0.0058774,-0.0067013,-0.0050329,-0.00095388,-0.0010523,-0.00084354,0.00068878,G-raw-2h
validation,z,all,all,G-blend,1885950,366,0.079493,0.078445,0.08053,0.26359,0.25987,0.26722,-0.0075205,-0.0084717,-0.0065165,-0.0013201,-0.0014335,-0.0012002,0.00068878,G-raw-2h
validation,z,all,all,T-raw-2h,1885950,366,0.079772,0.078614,0.080897,0.26604,0.26227,0.26986,-0.0050632,-0.0054636,-0.0046857,-0.0010406,-0.0011462,-0.00093303,0.00068878,G-raw-2h
validation,z,all,all,T-blend,1885950,366,0.078877,0.07775,0.079984,0.26009,0.25637,0.26379,-0.01102,-0.011834,-0.010203,-0.0019354,-0.0020545,-0.0018075,0.00068878,G-raw-2h
validation,z,all,all,MIX-blend,1885950,366,0.078894,0.077774,0.079991,0.26028,0.25662,0.26391,-0.010829,-0.011663,-0.010002,-0.0019188,-0.0020365,-0.0017939,0.00068878,G-raw-2h
validation,z,all,all,EMP-blend,1885950,366,0.078879,0.077757,0.079975,0.26009,0.25638,0.2638,-0.011014,-0.011817,-0.010191,-0.0019342,-0.0020578,-0.0018056,-0.0012708,G-raw-2h
validation,z,tau,60m,G-raw-10m,209550,366,0.086807,0.085096,0.088592,0.30081,0.29349,0.30838,0.0072079,0.0043725,0.01018,-0.00040422,-0.00062596,-0.00014694,0.0027869,G-raw-2h
validation,z,tau,45m,G-raw-10m,209550,366,0.085673,0.083959,0.087352,0.29111,0.28441,0.2981,0.0023072,-7.3237e-05,0.004884,-0.00052729,-0.00075779,-0.00030026,0.0014984,G-raw-2h
validation,z,tau,30m,G-raw-10m,209550,366,0.08411,0.082594,0.085695,0.28475,0.27862,0.29139,-0.00036224,-0.0028284,0.0020192,-0.00086709,-0.0010989,-0.00065016,-0.0020425,G-raw-2h
validation,z,tau,20m,G-raw-10m,209550,366,0.079479,0.078054,0.080959,0.26743,0.26172,0.27327,-0.0037444,-0.0060279,-0.0014748,-0.0011824,-0.0014124,-0.00094709,0.00073968,G-raw-2h
validation,z,tau,15m,G-raw-10m,209550,366,0.080024,0.078634,0.081506,0.26699,0.26143,0.27281,-0.0043619,-0.0064772,-0.0021572,-0.0011694,-0.0013853,-0.00093109,-0.00013839,G-raw-2h
validation,z,tau,10m,G-raw-10m,209550,366,0.07958,0.078179,0.08083,0.26483,0.25955,0.2699,-0.005046,-0.0068873,-0.003128,-0.0011352,-0.0013782,-0.00089881,0.0015128,G-raw-2h
validation,z,tau,5m,G-raw-10m,209550,366,0.075385,0.073992,0.076681,0.25008,0.2453,0.25478,-0.0076514,-0.0091167,-0.0059695,-0.0016063,-0.0018197,-0.0013966,0.00042472,G-raw-2h
validation,z,tau,3m,G-raw-10m,209550,366,0.073255,0.071951,0.074559,0.24322,0.23879,0.24778,-0.008157,-0.0096792,-0.0066212,-0.0017385,-0.0019687,-0.0015195,0.0009592,G-raw-2h
validation,z,tau,2m,G-raw-10m,209550,366,0.072442,0.071122,0.073713,0.24241,0.23771,0.24712,-0.0084919,-0.010355,-0.0065622,-0.0019294,-0.0021632,-0.0016917,0.00045812,G-raw-2h
validation,z,tau,60m,G-raw-30m,209550,366,0.086624,0.084943,0.088338,0.2935,0.28713,0.30004,-0.00010588,-0.0016332,0.0015928,-0.00058725,-0.00073761,-0.00043008,0.0027869,G-raw-2h
validation,z,tau,45m,G-raw-30m,209550,366,0.085516,0.08382,0.087133,0.28661,0.28058,0.2927,-0.0021946,-0.0034768,-0.0007412,-0.0006838,-0.00083739,-0.00053242,0.0014984,G-raw-2h
validation,z,tau,30m,G-raw-30m,209550,366,0.084066,0.082529,0.085639,0.28104,0.2754,0.28705,-0.0040702,-0.0053599,-0.0027839,-0.00091079,-0.0010612,-0.00076874,-0.0020425,G-raw-2h
validation,z,tau,20m,G-raw-30m,209550,366,0.079598,0.078183,0.081042,0.26601,0.26084,0.2712,-0.0051716,-0.0065513,-0.0038308,-0.0010639,-0.0012243,-0.00090483,0.00073968,G-raw-2h
validation,z,tau,15m,G-raw-30m,209550,366,0.080169,0.078763,0.081608,0.26601,0.26092,0.27118,-0.0053413,-0.0065962,-0.0039883,-0.0010244,-0.0011707,-0.00088226,-0.00013839,G-raw-2h
validation,z,tau,10m,G-raw-30m,209550,366,0.079727,0.078331,0.080962,0.26451,0.25964,0.26917,-0.0053652,-0.0065992,-0.0041077,-0.00098766,-0.0011308,-0.00084034,0.0015128,G-raw-2h
validation,z,tau,5m,G-raw-30m,209550,366,0.075787,0.074467,0.077111,0.25133,0.2467,0.25578,-0.0064075,-0.0074185,-0.0054056,-0.0012039,-0.0013503,-0.0010611,0.00042472,G-raw-2h
validation,z,tau,3m,G-raw-30m,209550,366,0.073725,0.072431,0.075008,0.24453,0.24025,0.24881,-0.0068483,-0.0078302,-0.0059683,-0.0012687,-0.001413,-0.0011174,0.0009592,G-raw-2h
validation,z,tau,2m,G-raw-30m,209550,366,0.073001,0.071725,0.074265,0.24379,0.23941,0.24813,-0.0071078,-0.0082483,-0.0059004,-0.0013706,-0.0015214,-0.0012189,0.00045812,G-raw-2h
validation,z,tau,60m,G-raw-2h,209550,366,0.087211,0.085537,0.088892,0.29361,0.2877,0.29948,0,0,0,0,0,0,0.0027869,G-raw-2h
validation,z,tau,45m,G-raw-2h,209550,366,0.0862,0.084509,0.087795,0.2888,0.28291,0.29456,0,0,0,0,0,0,0.0014984,G-raw-2h
validation,z,tau,30m,G-raw-2h,209550,366,0.084977,0.083479,0.08654,0.28511,0.27966,0.29068,0,0,0,0,0,0,-0.0020425,G-raw-2h
validation,z,tau,20m,G-raw-2h,209550,366,0.080661,0.079225,0.082047,0.27118,0.2663,0.27616,0,0,0,0,0,0,0.00073968,G-raw-2h
validation,z,tau,15m,G-raw-2h,209550,366,0.081193,0.079775,0.082651,0.27135,0.26659,0.27627,0,0,0,0,0,0,-0.00013839,G-raw-2h
validation,z,tau,10m,G-raw-2h,209550,366,0.080715,0.07932,0.081941,0.26988,0.26517,0.27422,0,0,0,0,0,0,0.0015128,G-raw-2h
validation,z,tau,5m,G-raw-2h,209550,366,0.076991,0.075647,0.078319,0.25773,0.25325,0.26209,0,0,0,0,0,0,0.00042472,G-raw-2h
validation,z,tau,3m,G-raw-2h,209550,366,0.074994,0.073699,0.07622,0.25138,0.24722,0.25535,0,0,0,0,0,0,0.0009592,G-raw-2h
validation,z,tau,2m,G-raw-2h,209550,366,0.074371,0.0731,0.075609,0.2509,0.24666,0.25525,0,0,0,0,0,0,0.00045812,G-raw-2h
validation,z,tau,60m,G-raw-6h,209550,366,0.088457,0.086927,0.09002,0.29963,0.29391,0.30527,0.0060187,0.0046627,0.0074427,0.0012456,0.00099366,0.0015127,0.0027869,G-raw-2h
validation,z,tau,45m,G-raw-6h,209550,366,0.087551,0.085979,0.089029,0.2959,0.29003,0.30124,0.0070904,0.0057288,0.0084378,0.0013512,0.0011171,0.0016025,0.0014984,G-raw-2h
validation,z,tau,30m,G-raw-6h,209550,366,0.086447,0.085,0.087887,0.29251,0.28727,0.29798,0.0073995,0.0060869,0.0087238,0.0014704,0.0012334,0.0017168,-0.0020425,G-raw-2h
validation,z,tau,20m,G-raw-6h,209550,366,0.082324,0.08096,0.08364,0.2798,0.27492,0.28454,0.0086226,0.0072895,0.009935,0.0016623,0.0014189,0.0019161,0.00073968,G-raw-2h
validation,z,tau,15m,G-raw-6h,209550,366,0.082847,0.081473,0.084185,0.28018,0.2755,0.28478,0.0088212,0.0074203,0.010149,0.0016532,0.0014091,0.0018952,-0.00013839,G-raw-2h
validation,z,tau,10m,G-raw-6h,209550,366,0.082357,0.081058,0.083496,0.27901,0.27441,0.28346,0.0091269,0.0077552,0.010424,0.0016418,0.0014133,0.0018801,0.0015128,G-raw-2h
validation,z,tau,5m,G-raw-6h,209550,366,0.078749,0.077431,0.080012,0.26668,0.26223,0.271,0.00895,0.0077109,0.010364,0.001758,0.0015275,0.0019983,0.00042472,G-raw-2h
validation,z,tau,3m,G-raw-6h,209550,366,0.076872,0.075678,0.078003,0.2613,0.25714,0.26526,0.0099165,0.0086139,0.011301,0.0018789,0.0016267,0.0021336,0.0009592,G-raw-2h
validation,z,tau,2m,G-raw-6h,209550,366,0.076383,0.075114,0.077607,0.26135,0.25706,0.26563,0.010454,0.0091484,0.011882,0.0020114,0.0017561,0.0022532,0.00045812,G-raw-2h
validation,z,tau,60m,G-raw-1d,209550,366,0.090608,0.089135,0.092046,0.30889,0.30337,0.31465,0.015278,0.012319,0.018495,0.0033969,0.0027454,0.0040619,0.0027869,G-raw-2h
validation,z,tau,45m,G-raw-1d,209550,366,0.089776,0.088209,0.091187,0.306,0.30014,0.31176,0.017196,0.014249,0.020424,0.0035759,0.0029423,0.0042602,0.0014984,G-raw-2h
validation,z,tau,30m,G-raw-1d,209550,366,0.088787,0.087476,0.09012,0.30278,0.29755,0.30829,0.017668,0.014565,0.020915,0.00381,0.0031335,0.0045134,-0.0020425,G-raw-2h
validation,z,tau,20m,G-raw-1d,209550,366,0.084863,0.083481,0.086191,0.29084,0.28587,0.29561,0.019667,0.016652,0.022466,0.0042018,0.0035289,0.0048736,0.00073968,G-raw-2h
validation,z,tau,15m,G-raw-1d,209550,366,0.085417,0.084022,0.086753,0.29136,0.28653,0.29627,0.02001,0.017042,0.02289,0.0042231,0.0035859,0.0049041,-0.00013839,G-raw-2h
validation,z,tau,10m,G-raw-1d,209550,366,0.08496,0.083666,0.086216,0.29112,0.2866,0.29618,0.021246,0.018274,0.024242,0.004245,0.0035958,0.0049229,0.0015128,G-raw-2h
validation,z,tau,5m,G-raw-1d,209550,366,0.081502,0.080144,0.082871,0.27929,0.27439,0.28417,0.021556,0.018616,0.024695,0.0045105,0.0038502,0.0051857,0.00042472,G-raw-2h
validation,z,tau,3m,G-raw-1d,209550,366,0.079854,0.078679,0.081093,0.27467,0.27034,0.27932,0.023286,0.020302,0.026498,0.0048605,0.0041354,0.0056325,0.0009592,G-raw-2h
validation,z,tau,2m,G-raw-1d,209550,366,0.079457,0.078056,0.080796,0.2747,0.26963,0.27942,0.023796,0.020811,0.026978,0.0050855,0.0043889,0.0058298,0.00045812,G-raw-2h
validation,z,tau,60m,G-seas-10m,209550,366,0.086716,0.085,0.088479,0.30023,0.29317,0.3081,0.0066281,0.0034627,0.010038,-0.00049497,-0.0007344,-0.00022064,0.0027869,G-raw-2h
validation,z,tau,45m,G-seas-10m,209550,366,0.085518,0.083806,0.087179,0.29012,0.28324,0.29691,0.0013176,-0.0013482,0.0041909,-0.00068182,-0.00092174,-0.00044025,0.0014984,G-raw-2h
validation,z,tau,30m,G-seas-10m,209550,366,0.083835,0.082283,0.0854,0.2832,0.27689,0.29006,-0.0019143,-0.004622,0.00091112,-0.0011415,-0.0013981,-0.00088637,-0.0020425,G-raw-2h
validation,z,tau,20m,G-seas-10m,209550,366,0.079449,0.078038,0.080932,0.26756,0.26197,0.27348,-0.0036212,-0.0060815,-0.0011305,-0.0012124,-0.0014454,-0.00095643,0.00073968,G-raw-2h
validation,z,tau,15m,G-seas-10m,209550,366,0.080011,0.078622,0.081491,0.26713,0.26165,0.27296,-0.0042294,-0.0064159,-0.0018686,-0.0011822,-0.0014102,-0.00093598,-0.00013839,G-raw-2h
validation,z,tau,10m,G-seas-10m,209550,366,0.079571,0.078178,0.080821,0.26494,0.25962,0.26997,-0.0049385,-0.0068865,-0.0029746,-0.0011441,-0.0013951,-0.00090261,0.0015128,G-raw-2h
validation,z,tau,5m,G-seas-10m,209550,366,0.075386,0.073988,0.076693,0.25018,0.24538,0.2548,-0.0075564,-0.0090959,-0.0058311,-0.0016056,-0.0018223,-0.0013956,0.00042472,G-raw-2h
validation,z,tau,3m,G-seas-10m,209550,366,0.073255,0.07195,0.074551,0.24329,0.23884,0.24785,-0.0080935,-0.0096621,-0.0065394,-0.0017384,-0.0019701,-0.0015223,0.0009592,G-raw-2h
validation,z,tau,2m,G-seas-10m,209550,366,0.072455,0.071133,0.073731,0.24249,0.2378,0.24721,-0.0084113,-0.010317,-0.006469,-0.0019163,-0.0021486,-0.0016763,0.00045812,G-raw-2h
validation,z,tau,60m,G-seas-30m,209550,366,0.086376,0.084687,0.088117,0.29205,0.28584,0.29867,-0.0015606,-0.0035408,0.00053452,-0.0008353,-0.0010251,-0.00064649,0.0027869,G-raw-2h
validation,z,tau,45m,G-seas-30m,209550,366,0.085265,0.083577,0.086871,0.28528,0.279,0.29151,-0.0035277,-0.0053594,-0.0016145,-0.00093497,-0.0011094,-0.0007511,0.0014984,G-raw-2h
validation,z,tau,30m,G-seas-30m,209550,366,0.083692,0.082174,0.085241,0.2789,0.2735,0.28481,-0.0062106,-0.0079491,-0.0043462,-0.0012843,-0.0014729,-0.0010882,-0.0020425,G-raw-2h
validation,z,tau,20m,G-seas-30m,209550,366,0.079472,0.078052,0.080918,0.26571,0.2605,0.27097,-0.0054719,-0.007085,-0.0037933,-0.0011896,-0.0013698,-0.00098109,0.00073968,G-raw-2h
validation,z,tau,15m,G-seas-30m,209550,366,0.08009,0.078707,0.081553,0.26593,0.2608,0.27117,-0.0054255,-0.0069636,-0.0037092,-0.0011038,-0.0012732,-0.0009177,-0.00013839,G-raw-2h
validation,z,tau,10m,G-seas-30m,209550,366,0.079656,0.078257,0.080895,0.26437,0.25947,0.26919,-0.0055135,-0.0069509,-0.0039151,-0.0010586,-0.0012352,-0.00087666,0.0015128,G-raw-2h
validation,z,tau,5m,G-seas-30m,209550,366,0.075758,0.074429,0.077071,0.25118,0.2466,0.25561,-0.006551,-0.0076589,-0.0053481,-0.001233,-0.0013966,-0.0010715,0.00042472,G-raw-2h
validation,z,tau,3m,G-seas-30m,209550,366,0.073693,0.072416,0.074961,0.24442,0.24013,0.24865,-0.0069583,-0.0080634,-0.0059032,-0.0013002,-0.0014642,-0.0011342,0.0009592,G-raw-2h
validation,z,tau,2m,G-seas-30m,209550,366,0.073015,0.071739,0.074274,0.24381,0.23956,0.24814,-0.0070941,-0.0083538,-0.0057439,-0.001356,-0.0015211,-0.0011883,0.00045812,G-raw-2h
validation,z,tau,60m,G-seas-2h,209550,366,0.086451,0.084749,0.088194,0.28869,0.28303,0.29447,-0.0049139,-0.0064408,-0.0033535,-0.00076033,-0.00092867,-0.00059121,0.0027869,G-raw-2h
validation,z,tau,45m,G-seas-2h,209550,366,0.085473,0.083793,0.087109,0.28436,0.27839,0.29014,-0.0044401,-0.0057655,-0.0029681,-0.00072716,-0.00087761,-0.00056745,0.0014984,G-raw-2h
validation,z,tau,30m,G-seas-2h,209550,366,0.084114,0.082628,0.085656,0.27973,0.2744,0.28529,-0.005387,-0.0067717,-0.0038819,-0.00086269,-0.0010296,-0.00069395,-0.0020425,G-raw-2h
validation,z,tau,20m,G-seas-2h,209550,366,0.080056,0.078618,0.081498,0.26813,0.26309,0.27328,-0.0030453,-0.0042033,-0.0018394,-0.00060555,-0.00074842,-0.00044804,0.00073968,G-raw-2h
validation,z,tau,15m,G-seas-2h,209550,366,0.080703,0.079301,0.082215,0.26901,0.26401,0.27427,-0.0023444,-0.0034187,-0.0012224,-0.00049028,-0.00062112,-0.00034751,-0.00013839,G-raw-2h
validation,z,tau,10m,G-seas-2h,209550,366,0.080236,0.078879,0.08147,0.26771,0.26289,0.27211,-0.0021647,-0.0031491,-0.0010706,-0.00047957,-0.00061116,-0.00033851,0.0015128,G-raw-2h
validation,z,tau,5m,G-seas-2h,209550,366,0.076592,0.075248,0.077869,0.25588,0.25134,0.26025,-0.0018509,-0.00271,-0.00097634,-0.00039926,-0.00052434,-0.00027059,0.00042472,G-raw-2h
validation,z,tau,3m,G-seas-2h,209550,366,0.074598,0.073299,0.075814,0.24942,0.24508,0.25351,-0.0019609,-0.0028544,-0.0011442,-0.00039562,-0.00051938,-0.0002829,0.0009592,G-raw-2h
validation,z,tau,2m,G-seas-2h,209550,366,0.074036,0.072774,0.075287,0.24923,0.24508,0.25349,-0.0016715,-0.0025471,-0.00083937,-0.00033499,-0.0004565,-0.00021999,0.00045812,G-raw-2h
validation,z,tau,60m,G-seas-6h,209550,366,0.086774,0.085157,0.088424,0.28936,0.28403,0.29508,-0.0042419,-0.0061091,-0.0022678,-0.00043689,-0.00064234,-0.0001995,0.0027869,G-raw-2h
validation,z,tau,45m,G-seas-6h,209550,366,0.085898,0.084261,0.087451,0.28609,0.28049,0.29171,-0.0027183,-0.0044108,-0.00072792,-0.00030179,-0.00050907,-3.518e-05,0.0014984,G-raw-2h
validation,z,tau,30m,G-seas-6h,209550,366,0.084675,0.083184,0.086182,0.28265,0.27738,0.28811,-0.0024593,-0.0042448,-0.00048239,-0.00030134,-0.00050205,-5.0781e-05,-0.0020425,G-raw-2h
validation,z,tau,20m,G-seas-6h,209550,366,0.080764,0.079375,0.082135,0.27191,0.26669,0.27697,0.00073629,-0.00074941,0.0025432,0.00010292,-8.6231e-05,0.00034037,0.00073968,G-raw-2h
validation,z,tau,15m,G-seas-6h,209550,366,0.08144,0.080048,0.082895,0.27329,0.26829,0.27859,0.0019386,0.00043473,0.0036453,0.0002463,6.7564e-05,0.00047603,-0.00013839,G-raw-2h
validation,z,tau,10m,G-seas-6h,209550,366,0.081003,0.079677,0.082183,0.27264,0.26786,0.27731,0.0027633,0.0012409,0.0044195,0.00028835,9.9303e-05,0.00049623,0.0015128,G-raw-2h
validation,z,tau,5m,G-seas-6h,209550,366,0.077445,0.076125,0.078722,0.2611,0.25657,0.26557,0.0033649,0.0019275,0.0049306,0.0004537,0.00026375,0.00064638,0.00042472,G-raw-2h
validation,z,tau,3m,G-seas-6h,209550,366,0.075519,0.074278,0.076691,0.25479,0.2506,0.259,0.003409,0.0020247,0.0048129,0.00052567,0.00034777,0.0007261,0.0009592,G-raw-2h
validation,z,tau,2m,G-seas-6h,209550,366,0.075053,0.073795,0.076286,0.25478,0.25056,0.25903,0.0038773,0.002528,0.0052391,0.00068172,0.00048431,0.00088554,0.00045812,G-raw-2h
validation,z,tau,60m,G-seas-1d,209550,366,0.087464,0.085944,0.089037,0.29232,0.28725,0.29792,-0.0012827,-0.0037544,0.0012916,0.00025315,-6.6746e-05,0.00060216,0.0027869,G-raw-2h
validation,z,tau,45m,G-seas-1d,209550,366,0.086637,0.085087,0.088141,0.28992,0.28451,0.29551,0.0011197,-0.0013249,0.0037946,0.0004375,0.0001232,0.00081374,0.0014984,G-raw-2h
validation,z,tau,30m,G-seas-1d,209550,366,0.085509,0.084087,0.086993,0.28702,0.28175,0.29248,0.0019087,-0.00035348,0.0046762,0.00053215,0.00021113,0.00089604,-0.0020425,G-raw-2h
validation,z,tau,20m,G-seas-1d,209550,366,0.081768,0.080386,0.083099,0.27692,0.27156,0.28242,0.0057455,0.0037156,0.0082195,0.001107,0.00080772,0.0014537,0.00073968,G-raw-2h
validation,z,tau,15m,G-seas-1d,209550,366,0.082462,0.08112,0.083869,0.27874,0.27379,0.28432,0.0073903,0.0054312,0.0099088,0.0012686,0.00099384,0.0015816,-0.00013839,G-raw-2h
validation,z,tau,10m,G-seas-1d,209550,366,0.082096,0.08084,0.083262,0.27891,0.27402,0.28399,0.0090296,0.0068111,0.011602,0.0013807,0.0010685,0.001703,0.0015128,G-raw-2h
validation,z,tau,5m,G-seas-1d,209550,366,0.078635,0.077336,0.079903,0.26781,0.26332,0.27244,0.010075,0.0079791,0.012325,0.0016441,0.0013003,0.0019932,0.00042472,G-raw-2h
validation,z,tau,3m,G-seas-1d,209550,366,0.076787,0.075599,0.077911,0.26169,0.25745,0.2661,0.010307,0.0082301,0.012525,0.0017931,0.0014465,0.0021697,0.0009592,G-raw-2h
validation,z,tau,2m,G-seas-1d,209550,366,0.076395,0.075117,0.077604,0.2617,0.25721,0.26623,0.010804,0.0088583,0.01296,0.0020231,0.0016725,0.0023976,0.00045812,G-raw-2h
validation,z,tau,60m,G-blend-raw,209550,366,0.087783,0.086255,0.089351,0.29267,0.28758,0.29785,-0.00093532,-0.0023715,0.00058973,0.00057177,0.00037471,0.00076077,0.0027869,G-raw-2h
validation,z,tau,45m,G-blend-raw,209550,366,0.086414,0.084831,0.087903,0.28685,0.28193,0.29181,-0.0019591,-0.0033373,-0.0005527,0.00021403,3.0902e-05,0.00040697,0.0014984,G-raw-2h
validation,z,tau,30m,G-blend-raw,209550,366,0.08472,0.083284,0.086204,0.28142,0.27671,0.28646,-0.0036921,-0.005173,-0.0022615,-0.0002571,-0.00044472,-7.5886e-05,-0.0020425,G-raw-2h
validation,z,tau,20m,G-blend-raw,209550,366,0.079909,0.078528,0.081308,0.26635,0.26136,0.2712,-0.0048233,-0.0063438,-0.0033273,-0.00075285,-0.00094516,-0.00056094,0.00073968,G-raw-2h
validation,z,tau,15m,G-blend-raw,209550,366,0.080332,0.078987,0.081749,0.26591,0.26108,0.27076,-0.0054458,-0.0068223,-0.0040582,-0.00086168,-0.0010309,-0.00068658,-0.00013839,G-raw-2h
validation,z,tau,10m,G-blend-raw,209550,366,0.079627,0.078252,0.080834,0.26339,0.25859,0.26808,-0.0064901,-0.0078415,-0.0051434,-0.0010878,-0.001275,-0.0009099,0.0015128,G-raw-2h
validation,z,tau,5m,G-blend-raw,209550,366,0.075245,0.073857,0.076558,0.24895,0.24417,0.25346,-0.0087837,-0.010015,-0.0075101,-0.0017462,-0.0019216,-0.0015797,0.00042472,G-raw-2h
validation,z,tau,3m,G-blend-raw,209550,366,0.072806,0.07147,0.074134,0.2413,0.23668,0.24607,-0.010077,-0.011381,-0.0087321,-0.0021874,-0.0023763,-0.0019956,0.0009592,G-raw-2h
validation,z,tau,2m,G-blend-raw,209550,366,0.071894,0.070526,0.073208,0.24021,0.23522,0.24521,-0.01069,-0.01236,-0.0089563,-0.0024777,-0.0026654,-0.0022853,0.00045812,G-raw-2h
validation,z,tau,60m,G-blend,209550,366,0.08671,0.085115,0.088318,0.28779,0.28267,0.29288,-0.0058128,-0.0077582,-0.0038131,-0.00050081,-0.00073666,-0.00026544,0.0027869,G-raw-2h
validation,z,tau,45m,G-blend,209550,366,0.085632,0.08402,0.08715,0.28334,0.27806,0.28863,-0.0054617,-0.0072467,-0.0035402,-0.00056753,-0.00078395,-0.00032138,0.0014984,G-raw-2h
validation,z,tau,30m,G-blend,209550,366,0.083966,0.082509,0.085427,0.27752,0.27262,0.28273,-0.0075926,-0.0093892,-0.005729,-0.0010102,-0.0012227,-0.0007902,-0.0020425,G-raw-2h
validation,z,tau,20m,G-blend,209550,366,0.079598,0.078207,0.081003,0.26498,0.25993,0.27001,-0.0061952,-0.0077726,-0.0044512,-0.0010639,-0.0012438,-0.00086298,0.00073968,G-raw-2h
validation,z,tau,15m,G-blend,209550,366,0.080123,0.078769,0.081557,0.26524,0.26047,0.27022,-0.0061183,-0.0076323,-0.0045433,-0.0010706,-0.0012303,-0.00088921,-0.00013839,G-raw-2h
validation,z,tau,10m,G-blend,209550,366,0.079506,0.078147,0.08074,0.26316,0.25835,0.26789,-0.0067233,-0.0081827,-0.0051841,-0.0012094,-0.0013923,-0.0010158,0.0015128,G-raw-2h
validation,z,tau,5m,G-blend,209550,366,0.075202,0.073822,0.076532,0.24883,0.24412,0.2534,-0.0089087,-0.01016,-0.0075799,-0.0017895,-0.0019701,-0.0016199,0.00042472,G-raw-2h
validation,z,tau,3m,G-blend,209550,366,0.072785,0.071455,0.0741,0.2412,0.23654,0.24596,-0.010179,-0.011542,-0.0088577,-0.0022086,-0.0023953,-0.0020188,0.0009592,G-raw-2h
validation,z,tau,2m,G-blend,209550,366,0.071911,0.070553,0.073218,0.24021,0.23528,0.24508,-0.010694,-0.012312,-0.0089426,-0.0024607,-0.0026533,-0.0022674,0.00045812,G-raw-2h
validation,z,tau,60m,T-raw-2h,209550,366,0.08668,0.084902,0.088449,0.28888,0.28316,0.29468,-0.0047257,-0.0054045,-0.0040451,-0.0005312,-0.00067628,-0.00039437,0.0027869,G-raw-2h
validation,z,tau,45m,T-raw-2h,209550,366,0.085687,0.083887,0.087403,0.28488,0.27912,0.29027,-0.0039292,-0.0045872,-0.0032607,-0.00051277,-0.00064736,-0.00039482,0.0014984,G-raw-2h
validation,z,tau,30m,T-raw-2h,209550,366,0.084401,0.082807,0.086051,0.28095,0.27571,0.28636,-0.0041623,-0.0048063,-0.0035246,-0.00057559,-0.00070285,-0.00044197,-0.0020425,G-raw-2h
validation,z,tau,20m,T-raw-2h,209550,366,0.079646,0.078062,0.081196,0.26641,0.26133,0.27151,-0.0047642,-0.0053624,-0.0041323,-0.0010154,-0.0011742,-0.00085768,0.00073968,G-raw-2h
validation,z,tau,15m,T-raw-2h,209550,366,0.080421,0.078891,0.08201,0.2674,0.26228,0.27251,-0.0039593,-0.0045558,-0.0033956,-0.00077267,-0.00092248,-0.00063019,-0.00013839,G-raw-2h
validation,z,tau,10m,T-raw-2h,209550,366,0.079835,0.078351,0.081172,0.26577,0.26076,0.27031,-0.0041131,-0.0046505,-0.00357,-0.00088014,-0.001034,-0.00072976,0.0015128,G-raw-2h
validation,z,tau,5m,T-raw-2h,209550,366,0.07566,0.074143,0.077121,0.25235,0.2474,0.25719,-0.0053814,-0.0061356,-0.0046739,-0.0013314,-0.0015125,-0.0011524,0.00042472,G-raw-2h
validation,z,tau,3m,T-raw-2h,209550,366,0.073298,0.07182,0.074707,0.24481,0.23985,0.24949,-0.006574,-0.0073685,-0.005758,-0.0016955,-0.0018992,-0.0014883,0.0009592,G-raw-2h
validation,z,tau,2m,T-raw-2h,209550,366,0.072321,0.070833,0.073769,0.24294,0.23808,0.24793,-0.0079592,-0.0089047,-0.0070495,-0.0020504,-0.0022943,-0.0018328,0.00045812,G-raw-2h
validation,z,tau,60m,T-blend,209550,366,0.085762,0.084024,0.087577,0.28309,0.27746,0.28876,-0.01052,-0.011946,-0.0090971,-0.001449,-0.0016378,-0.0012496,0.0027869,G-raw-2h
validation,z,tau,45m,T-blend,209550,366,0.08474,0.082997,0.086429,0.27898,0.27341,0.28442,-0.0098292,-0.011145,-0.0084106,-0.0014599,-0.0016337,-0.0012755,0.0014984,G-raw-2h
validation,z,tau,30m,T-blend,209550,366,0.083318,0.081737,0.084891,0.27386,0.26887,0.27914,-0.011254,-0.012701,-0.0098138,-0.0016583,-0.0018472,-0.0014538,-0.0020425,G-raw-2h
validation,z,tau,20m,T-blend,209550,366,0.078778,0.077285,0.080304,0.26063,0.25569,0.26556,-0.010543,-0.011669,-0.0092318,-0.0018831,-0.0020724,-0.0016703,0.00073968,G-raw-2h
validation,z,tau,15m,T-blend,209550,366,0.079575,0.078124,0.081116,0.26176,0.2569,0.26692,-0.0095992,-0.010717,-0.0084585,-0.0016186,-0.0017997,-0.0014143,-0.00013839,G-raw-2h
validation,z,tau,10m,T-blend,209550,366,0.079041,0.077592,0.080349,0.26022,0.25549,0.26476,-0.0096619,-0.010818,-0.008445,-0.0016741,-0.0018668,-0.0014741,0.0015128,G-raw-2h
validation,z,tau,5m,T-blend,209550,366,0.07477,0.073271,0.076205,0.24627,0.24151,0.25082,-0.011461,-0.012589,-0.010371,-0.0022216,-0.002428,-0.0020232,0.00042472,G-raw-2h
validation,z,tau,3m,T-blend,209550,366,0.072423,0.071022,0.073811,0.23886,0.2342,0.24352,-0.012519,-0.013635,-0.011361,-0.0025701,-0.0027915,-0.0023465,0.0009592,G-raw-2h
validation,z,tau,2m,T-blend,209550,366,0.071487,0.070041,0.072881,0.2371,0.23242,0.2418,-0.013797,-0.015067,-0.012459,-0.0028841,-0.00312,-0.002637,0.00045812,G-raw-2h
validation,z,tau,60m,MIX-blend,209550,366,0.085759,0.084029,0.087552,0.28314,0.27764,0.28864,-0.01047,-0.011941,-0.0089909,-0.0014524,-0.0016367,-0.0012606,0.0027869,G-raw-2h
validation,z,tau,45m,MIX-blend,209550,366,0.084766,0.083042,0.086445,0.27924,0.27382,0.2846,-0.0095647,-0.010962,-0.0081171,-0.0014334,-0.0016068,-0.0012496,0.0014984,G-raw-2h
validation,z,tau,30m,MIX-blend,209550,366,0.083342,0.081773,0.0849,0.27415,0.26928,0.2793,-0.010965,-0.012475,-0.0094436,-0.001635,-0.0018215,-0.0014303,-0.0020425,G-raw-2h
validation,z,tau,20m,MIX-blend,209550,366,0.078809,0.077325,0.080326,0.26093,0.2561,0.26579,-0.010251,-0.011376,-0.0089025,-0.0018527,-0.0020399,-0.001641,0.00073968,G-raw-2h
validation,z,tau,15m,MIX-blend,209550,366,0.07961,0.078178,0.081132,0.26216,0.25748,0.26716,-0.0091986,-0.010368,-0.0080252,-0.001583,-0.0017568,-0.0013804,-0.00013839,G-raw-2h
validation,z,tau,10m,MIX-blend,209550,366,0.079055,0.077616,0.08035,0.26036,0.25572,0.26482,-0.0095167,-0.010655,-0.008326,-0.0016603,-0.001849,-0.001466,0.0015128,G-raw-2h
validation,z,tau,5m,MIX-blend,209550,366,0.074784,0.073294,0.076212,0.24644,0.24176,0.25091,-0.011294,-0.012406,-0.010231,-0.0022075,-0.0024094,-0.0020127,0.00042472,G-raw-2h
validation,z,tau,3m,MIX-blend,209550,366,0.07243,0.071033,0.073813,0.23895,0.23435,0.24354,-0.012435,-0.013549,-0.011301,-0.0025635,-0.0027841,-0.0023392,0.0009592,G-raw-2h
validation,z,tau,2m,MIX-blend,209550,366,0.07149,0.070042,0.072882,0.23713,0.23247,0.24177,-0.013767,-0.01504,-0.012457,-0.002881,-0.0031169,-0.0026325,0.00045812,G-raw-2h
validation,z,tau,60m,EMP-blend,209550,366,0.085727,0.084015,0.087524,0.28304,0.27748,0.28869,-0.010571,-0.011991,-0.009162,-0.0014846,-0.0016721,-0.0012927,-0.0010669,G-raw-2h
validation,z,tau,45m,EMP-blend,209550,366,0.084717,0.082985,0.0864,0.27892,0.27347,0.28439,-0.0098812,-0.011193,-0.0084884,-0.0014833,-0.0016527,-0.001301,-0.0011103,G-raw-2h
validation,z,tau,30m,EMP-blend,209550,366,0.083307,0.081735,0.084872,0.27382,0.26884,0.2791,-0.011295,-0.012702,-0.0098546,-0.0016692,-0.0018542,-0.0014661,-0.0021022,G-raw-2h
validation,z,tau,20m,EMP-blend,209550,366,0.078785,0.077309,0.080301,0.26063,0.25564,0.2656,-0.010546,-0.011686,-0.0092328,-0.0018764,-0.0020665,-0.0016653,-0.00096392,G-raw-2h
validation,z,tau,15m,EMP-blend,209550,366,0.079566,0.078114,0.081096,0.26166,0.25678,0.2668,-0.0096929,-0.010778,-0.0085448,-0.0016274,-0.0018034,-0.0014186,-0.00078306,G-raw-2h
validation,z,tau,10m,EMP-blend,209550,366,0.079046,0.077599,0.080342,0.26022,0.25547,0.2648,-0.0096553,-0.010821,-0.0084481,-0.0016696,-0.0018606,-0.0014678,0.00043422,G-raw-2h
validation,z,tau,5m,EMP-blend,209550,366,0.074787,0.073298,0.076204,0.24634,0.24156,0.25087,-0.01139,-0.012536,-0.010274,-0.0022043,-0.0024136,-0.0020051,-0.0015077,G-raw-2h
validation,z,tau,3m,EMP-blend,209550,366,0.072454,0.07106,0.073831,0.23898,0.23437,0.2436,-0.012398,-0.013539,-0.011265,-0.0025393,-0.0027571,-0.0023163,-0.0015582,G-raw-2h
validation,z,tau,2m,EMP-blend,209550,366,0.071518,0.070066,0.072926,0.23721,0.23253,0.24192,-0.013695,-0.014973,-0.012388,-0.0028536,-0.0030841,-0.0026033,-0.0027794,G-raw-2h
validation,z,absz,0-0.5,G-raw-10m,226314,366,0.23803,0.23762,0.23842,0.66888,0.66802,0.66968,-0.0021074,-0.0024298,-0.0018241,-0.00099356,-0.0011417,-0.00086198,0.0045777,G-raw-2h
validation,z,absz,0.5-1,G-raw-10m,301752,366,0.16394,0.16237,0.16554,0.50734,0.50359,0.51117,-0.011195,-0.012393,-0.010012,-0.0038669,-0.0042371,-0.0034904,0.0024954,G-raw-2h
validation,z,absz,1-1.5,G-raw-10m,301752,366,0.081673,0.079729,0.083529,0.29925,0.29354,0.30472,-0.011235,-0.012934,-0.0095895,-0.0022113,-0.0024612,-0.0019284,0.00017233,G-raw-2h
validation,z,absz,1.5-2,G-raw-10m,301752,366,0.038906,0.037299,0.040473,0.16951,0.16359,0.17531,-0.0021975,-0.0039725,-0.00051107,-0.00035505,-0.00050225,-0.00020672,-0.00090803,G-raw-2h
validation,z,absz,2-2.5,G-raw-10m,301752,366,0.019791,0.01858,0.021016,0.10214,0.096556,0.10811,0.0028442,0.0011114,0.0046713,-5.6852e-05,-0.00014471,2.7992e-05,-0.00056006,G-raw-2h
validation,z,absz,2.5-3,G-raw-10m,452628,366,0.009943,0.0090406,0.010798,0.06323,0.057786,0.069032,0.0024738,0.00076021,0.0044974,-6.5266e-05,-0.00011126,-2.2341e-05,-0.00021872,G-raw-2h
validation,z,absz,0-0.5,G-raw-30m,226314,366,0.2383,0.23794,0.23865,0.66947,0.66872,0.67017,-0.0015175,-0.0017238,-0.0013342,-0.00071659,-0.00081219,-0.00063124,0.0045777,G-raw-2h
validation,z,absz,0.5-1,G-raw-30m,301752,366,0.16481,0.16335,0.16632,0.50981,0.50656,0.51323,-0.0087228,-0.0095547,-0.0079058,-0.0029992,-0.0032753,-0.0027223,0.0024954,G-raw-2h
validation,z,absz,1-1.5,G-raw-30m,301752,366,0.081862,0.079966,0.083638,0.29961,0.29434,0.30451,-0.010884,-0.01196,-0.00981,-0.0020217,-0.0022156,-0.001816,0.00017233,G-raw-2h
validation,z,absz,1.5-2,G-raw-30m,301752,366,0.038748,0.037148,0.040333,0.1659,0.16045,0.17124,-0.0058069,-0.0068988,-0.0046729,-0.00051304,-0.00060532,-0.0004176,-0.00090803,G-raw-2h
validation,z,absz,2-2.5,G-raw-30m,301752,366,0.019699,0.018476,0.020948,0.097462,0.092311,0.10295,-0.0018379,-0.002954,-0.00066344,-0.00014896,-0.0001971,-0.00010267,-0.00056006,G-raw-2h
validation,z,absz,2.5-3,G-raw-30m,452628,366,0.0099417,0.0090248,0.010829,0.059955,0.05488,0.065345,-0.00080165,-0.001928,0.00052118,-6.6514e-05,-8.578e-05,-4.8153e-05,-0.00021872,G-raw-2h
validation,z,absz,0-0.5,G-raw-2h,226314,366,0.23902,0.23872,0.2393,0.67098,0.67037,0.67155,0,0,0,0,0,0,0.0045777,G-raw-2h
validation,z,absz,0.5-1,G-raw-2h,301752,366,0.16781,0.16649,0.16917,0.51854,0.51566,0.5215,0,0,0,0,0,0,0.0024954,G-raw-2h
validation,z,absz,1-1.5,G-raw-2h,301752,366,0.083884,0.08199,0.085634,0.31049,0.30561,0.31501,0,0,0,0,0,0,0.00017233,G-raw-2h
validation,z,absz,1.5-2,G-raw-2h,301752,366,0.039261,0.03767,0.040836,0.17171,0.16657,0.17678,0,0,0,0,0,0,-0.00090803,G-raw-2h
validation,z,absz,2-2.5,G-raw-2h,301752,366,0.019848,0.018614,0.021114,0.0993,0.094135,0.10467,0,0,0,0,0,0,-0.00056006,G-raw-2h
validation,z,absz,2.5-3,G-raw-2h,452628,366,0.010008,0.0090787,0.010909,0.060756,0.055425,0.065947,0,0,0,0,0,0,-0.00021872,G-raw-2h
validation,z,absz,0-0.5,G-raw-6h,226314,366,0.23954,0.23928,0.23979,0.67206,0.67153,0.67255,0.0010764,0.00090718,0.0012499,0.00052345,0.00044131,0.00060752,0.0045777,G-raw-2h
validation,z,absz,0.5-1,G-raw-6h,301752,366,0.17086,0.1697,0.17207,0.526,0.5235,0.52866,0.0074593,0.0064273,0.0084478,0.0030474,0.0026229,0.0034514,0.0024954,G-raw-2h
validation,z,absz,1-1.5,G-raw-6h,301752,366,0.087656,0.086013,0.089174,0.32405,0.31981,0.32789,0.013559,0.01192,0.015277,0.0037722,0.0032938,0.0042552,0.00017233,G-raw-2h
validation,z,absz,1.5-2,G-raw-6h,301752,366,0.041366,0.0399,0.04273,0.18567,0.18086,0.19025,0.013958,0.012231,0.015727,0.0021041,0.0018012,0.002413,-0.00090803,G-raw-2h
validation,z,absz,2-2.5,G-raw-6h,301752,366,0.020545,0.019356,0.021753,0.10953,0.10448,0.11444,0.010233,0.0087926,0.011727,0.00069757,0.00057422,0.00083304,-0.00056006,G-raw-2h
validation,z,absz,2.5-3,G-raw-6h,452628,366,0.010125,0.0091982,0.011023,0.065448,0.060505,0.070662,0.0046922,0.003498,0.0059908,0.00011707,8.344e-05,0.00015306,-0.00021872,G-raw-2h
validation,z,absz,0-0.5,G-raw-1d,226314,366,0.23997,0.2397,0.24024,0.67292,0.67238,0.67348,0.0019346,0.0015803,0.0022641,0.00094476,0.00077168,0.0011053,0.0045777,G-raw-2h
validation,z,absz,0.5-1,G-raw-1d,301752,366,0.17388,0.17271,0.17515,0.53303,0.5304,0.53593,0.01449,0.012444,0.016507,0.0060725,0.0052019,0.0069459,0.0024954,G-raw-2h
validation,z,absz,1-1.5,G-raw-1d,301752,366,0.092525,0.090824,0.094206,0.33904,0.33436,0.34356,0.028547,0.025041,0.032249,0.0086409,0.0074434,0.0098526,0.00017233,G-raw-2h
validation,z,absz,1.5-2,G-raw-1d,301752,366,0.04541,0.043882,0.046837,0.20402,0.1989,0.20917,0.032305,0.028221,0.03635,0.0061487,0.0051943,0.0071358,-0.00090803,G-raw-2h
validation,z,absz,2-2.5,G-raw-1d,301752,366,0.022919,0.02179,0.024093,0.12559,0.12027,0.13113,0.026291,0.022791,0.030041,0.0030712,0.0024924,0.0036831,-0.00056006,G-raw-2h
validation,z,absz,2.5-3,G-raw-1d,452628,366,0.011131,0.01024,0.012,0.07523,0.070064,0.08098,0.014473,0.011783,0.017519,0.0011226,0.00086225,0.001427,-0.00021872,G-raw-2h
validation,z,absz,0-0.5,G-seas-10m,226314,366,0.23799,0.23758,0.23839,0.66881,0.66795,0.66964,-0.0021771,-0.0025156,-0.001879,-0.0010288,-0.0011831,-0.00089023,0.0045777,G-raw-2h
validation,z,absz,0.5-1,G-seas-10m,301752,366,0.16382,0.16224,0.16542,0.50714,0.50331,0.51096,-0.011398,-0.012649,-0.01008,-0.0039846,-0.004362,-0.0035801,0.0024954,G-raw-2h
validation,z,absz,1-1.5,G-seas-10m,301752,366,0.081565,0.079646,0.083393,0.29916,0.29337,0.30475,-0.011331,-0.013125,-0.009492,-0.0023193,-0.0025757,-0.0020273,0.00017233,G-raw-2h
validation,z,absz,1.5-2,G-seas-10m,301752,366,0.038834,0.037221,0.040383,0.16949,0.16342,0.17522,-0.0022245,-0.0041888,-0.00030738,-0.00042713,-0.00057941,-0.00026255,-0.00090803,G-raw-2h
validation,z,absz,2-2.5,G-seas-10m,301752,366,0.019751,0.018555,0.020981,0.10187,0.096177,0.10786,0.0025693,0.00065836,0.0046929,-9.6264e-05,-0.00019561,-2.1873e-06,-0.00056006,G-raw-2h
validation,z,absz,2.5-3,G-seas-10m,452628,366,0.0099273,0.009028,0.010783,0.0625,0.056983,0.068437,0.0017433,-0.00015732,0.00396,-8.0998e-05,-0.00013006,-3.2645e-05,-0.00021872,G-raw-2h
validation,z,absz,0-0.5,G-seas-30m,226314,366,0.23818,0.23781,0.23853,0.6692,0.66843,0.66993,-0.0017816,-0.0020285,-0.0015577,-0.00083911,-0.00095375,-0.0007357,0.0045777,G-raw-2h
validation,z,absz,0.5-1,G-seas-30m,301752,366,0.16443,0.16296,0.16596,0.50862,0.50525,0.5121,-0.0099144,-0.010872,-0.0089123,-0.0033734,-0.0036883,-0.0030426,0.0024954,G-raw-2h
validation,z,absz,1-1.5,G-seas-30m,301752,366,0.081685,0.079802,0.083452,0.29854,0.29326,0.3036,-0.011953,-0.013228,-0.010579,-0.0021994,-0.0024224,-0.0019562,0.00017233,G-raw-2h
validation,z,absz,1.5-2,G-seas-30m,301752,366,0.03867,0.037074,0.040234,0.16564,0.16014,0.1709,-0.0060757,-0.0074733,-0.0046727,-0.000591,-0.00071563,-0.00045524,-0.00090803,G-raw-2h
validation,z,absz,2-2.5,G-seas-30m,301752,366,0.01964,0.018427,0.020888,0.09729,0.091902,0.10282,-0.0020102,-0.0033911,-0.00039449,-0.0002073,-0.0002773,-0.00013522,-0.00056006,G-raw-2h
validation,z,absz,2.5-3,G-seas-30m,452628,366,0.0099087,0.0089995,0.010783,0.059249,0.054052,0.064663,-0.0015076,-0.0029795,0.00022052,-9.9607e-05,-0.00012941,-7.087e-05,-0.00021872,G-raw-2h
validation,z,absz,0-0.5,G-seas-2h,226314,366,0.2386,0.23827,0.23891,0.67009,0.66941,0.67073,-0.0008914,-0.0010248,-0.00075155,-0.00042152,-0.00048494,-0.000355,0.0045777,G-raw-2h
validation,z,absz,0.5-1,G-seas-2h,301752,366,0.16616,0.16478,0.16761,0.51368,0.51056,0.51689,-0.0048595,-0.0054986,-0.0041824,-0.0016494,-0.0018819,-0.0014041,0.0024954,G-raw-2h
validation,z,absz,1-1.5,G-seas-2h,301752,366,0.08282,0.08098,0.084582,0.30425,0.29949,0.30895,-0.006238,-0.007172,-0.0052084,-0.0010637,-0.0012777,-0.00082603,0.00017233,G-raw-2h
validation,z,absz,1.5-2,G-seas-2h,301752,366,0.038979,0.037396,0.040546,0.168,0.16266,0.1731,-0.0037133,-0.0047931,-0.0025069,-0.00028214,-0.00040731,-0.00014526,-0.00090803,G-raw-2h
validation,z,absz,2-2.5,G-seas-2h,301752,366,0.019738,0.018506,0.020981,0.097705,0.092248,0.10319,-0.0015949,-0.0027668,-0.00027223,-0.00010981,-0.00017382,-4.182e-05,-0.00056006,G-raw-2h
validation,z,absz,2.5-3,G-seas-2h,452628,366,0.0099485,0.0090295,0.010838,0.059279,0.054037,0.064531,-0.0014777,-0.0027628,-0.00010404,-5.9714e-05,-8.3885e-05,-3.6397e-05,-0.00021872,G-raw-2h
validation,z,absz,0-0.5,G-seas-6h,226314,366,0.23886,0.23855,0.23916,0.67064,0.67,0.67124,-0.00034819,-0.00050371,-0.00018423,-0.00015938,-0.00023363,-8.1184e-05,0.0045777,G-raw-2h
validation,z,absz,0.5-1,G-seas-6h,301752,366,0.16758,0.16627,0.16888,0.5173,0.51439,0.52025,-0.001232,-0.0020311,-0.00034414,-0.00022636,-0.00053359,0.00012469,0.0024954,G-raw-2h
validation,z,absz,1-1.5,G-seas-6h,301752,366,0.084425,0.082667,0.086106,0.31053,0.30591,0.3151,3.9955e-05,-0.0013069,0.0016319,0.00054087,0.00019886,0.00094746,0.00017233,G-raw-2h
validation,z,absz,1.5-2,G-seas-6h,301752,366,0.039814,0.038301,0.041312,0.17421,0.16899,0.17924,0.0024939,0.00086037,0.0043399,0.00055269,0.00033764,0.00083388,-0.00090803,G-raw-2h
validation,z,absz,2-2.5,G-seas-6h,301752,366,0.020007,0.018827,0.021227,0.10212,0.097134,0.10742,0.0028188,0.0012047,0.0048189,0.00015989,5.4281e-05,0.000294,-0.00056006,G-raw-2h
validation,z,absz,2.5-3,G-seas-6h,452628,366,0.0099859,0.0090848,0.01087,0.061271,0.056011,0.066737,0.00051493,-0.0012069,0.0025506,-2.2328e-05,-6.6491e-05,2.5781e-05,-0.00021872,G-raw-2h
validation,z,absz,0-0.5,G-seas-1d,226314,366,0.23912,0.2388,0.23943,0.67118,0.67051,0.67181,0.00019524,-3.751e-05,0.00044258,0.00010286,-7.9922e-06,0.00021879,0.0045777,G-raw-2h
validation,z,absz,0.5-1,G-seas-1d,301752,366,0.16922,0.1679,0.17053,0.52151,0.51851,0.52451,0.0029778,0.0016766,0.0043639,0.0014076,0.00091072,0.0019213,0.0024954,G-raw-2h
validation,z,absz,1-1.5,G-seas-1d,301752,366,0.086637,0.08495,0.08819,0.31903,0.31435,0.32357,0.0085407,0.0063054,0.010918,0.0027526,0.0021838,0.0033769,0.00017233,G-raw-2h
validation,z,absz,1.5-2,G-seas-1d,301752,366,0.041254,0.039783,0.042673,0.1836,0.17842,0.18877,0.011885,0.0092967,0.014697,0.0019924,0.001603,0.0024292,-0.00090803,G-raw-2h
validation,z,absz,2-2.5,G-seas-1d,301752,366,0.020633,0.019458,0.021812,0.10903,0.10387,0.11442,0.009726,0.00729,0.012571,0.00078551,0.00057822,0.0010127,-0.00056006,G-raw-2h
validation,z,absz,2.5-3,G-seas-1d,452628,366,0.010164,0.0092613,0.011018,0.06408,0.059129,0.069485,0.0033241,0.00094173,0.0061237,0.00015621,6.644e-05,0.00025971,-0.00021872,G-raw-2h
validation,z,absz,0-0.5,G-blend-raw,226314,366,0.23827,0.23793,0.2386,0.66938,0.66869,0.67007,-0.0015997,-0.0017808,-0.0014226,-0.0007535,-0.00083755,-0.0006713,0.0045777,G-raw-2h
validation,z,absz,0.5-1,G-blend-raw,301752,366,0.16488,0.16348,0.16635,0.50983,0.50663,0.51317,-0.0087062,-0.0094341,-0.0079647,-0.0029268,-0.0031792,-0.0026767,0.0024954,G-raw-2h
validation,z,absz,1-1.5,G-blend-raw,301752,366,0.082129,0.080282,0.083845,0.30002,0.29498,0.30462,-0.010466,-0.01152,-0.0094011,-0.0017554,-0.0019643,-0.0015291,0.00017233,G-raw-2h
validation,z,absz,1.5-2,G-blend-raw,301752,366,0.038854,0.037268,0.040374,0.1654,0.16016,0.17022,-0.0063135,-0.007371,-0.0052484,-0.00040728,-0.00053977,-0.0002779,-0.00090803,G-raw-2h
validation,z,absz,2-2.5,G-blend-raw,301752,366,0.019687,0.01849,0.020903,0.095422,0.090703,0.10049,-0.0038781,-0.0050752,-0.0026757,-0.00016059,-0.00024076,-8.4893e-05,-0.00056006,G-raw-2h
validation,z,absz,2.5-3,G-blend-raw,452628,366,0.0099106,0.0090075,0.010775,0.056643,0.051945,0.061497,-0.0041136,-0.0054953,-0.0027166,-9.7701e-05,-0.00013647,-6.0445e-05,-0.00021872,G-raw-2h
validation,z,absz,0-0.5,G-blend,226314,366,0.23807,0.23771,0.23841,0.66897,0.66823,0.66967,-0.0020124,-0.0022268,-0.0017958,-0.00094671,-0.0010458,-0.00084564,0.0045777,G-raw-2h
validation,z,absz,0.5-1,G-blend,301752,366,0.16407,0.16266,0.16557,0.50751,0.50424,0.51086,-0.01103,-0.011902,-0.010082,-0.0037343,-0.0040201,-0.0034242,0.0024954,G-raw-2h
validation,z,absz,1-1.5,G-blend,301752,366,0.08141,0.079531,0.083141,0.29677,0.29155,0.30167,-0.013724,-0.014904,-0.012472,-0.0024742,-0.0027204,-0.0022309,0.00017233,G-raw-2h
validation,z,absz,1.5-2,G-blend,301752,366,0.038486,0.036924,0.039983,0.16317,0.15804,0.16813,-0.0085391,-0.0098154,-0.0071918,-0.00077532,-0.00092779,-0.00061586,-0.00090803,G-raw-2h
validation,z,absz,2-2.5,G-blend,301752,366,0.019523,0.018336,0.020734,0.094243,0.089351,0.099526,-0.0050568,-0.0064181,-0.0034313,-0.00032416,-0.00041801,-0.0002305,-0.00056006,G-raw-2h
validation,z,absz,2.5-3,G-blend,452628,366,0.0098531,0.0089551,0.010722,0.055994,0.051229,0.060872,-0.0047624,-0.0062857,-0.0030318,-0.00015519,-0.00019786,-0.00011256,-0.00021872,G-raw-2h
validation,z,absz,0-0.5,T-raw-2h,226314,366,0.23816,0.23772,0.23855,0.66916,0.66828,0.66998,-0.0018213,-0.0020767,-0.0015805,-0.00086479,-0.00098499,-0.00075136,0.0045777,G-raw-2h
validation,z,absz,0.5-1,T-raw-2h,301752,366,0.16431,0.16266,0.16599,0.50879,0.50494,0.51274,-0.0097427,-0.010716,-0.0087089,-0.0034981,-0.0038435,-0.00314,0.0024954,G-raw-2h
validation,z,absz,1-1.5,T-raw-2h,301752,366,0.081902,0.079779,0.083857,0.30112,0.2951,0.30676,-0.0093666,-0.010555,-0.0082953,-0.0019818,-0.0022085,-0.0017754,0.00017233,G-raw-2h
validation,z,absz,1.5-2,T-raw-2h,301752,366,0.038996,0.037351,0.040607,0.16907,0.16333,0.1746,-0.0026385,-0.0032446,-0.0021316,-0.00026517,-0.00032086,-0.00021751,-0.00090803,G-raw-2h
validation,z,absz,2-2.5,T-raw-2h,301752,366,0.019811,0.018583,0.021068,0.098253,0.093251,0.10334,-0.0010463,-0.0013469,-0.00075001,-3.6301e-05,-4.7423e-05,-2.5475e-05,-0.00056006,G-raw-2h
validation,z,absz,2.5-3,T-raw-2h,452628,366,0.0099593,0.0090417,0.010849,0.055766,0.05154,0.059966,-0.0049898,-0.0060365,-0.0039247,-4.8976e-05,-6.1454e-05,-3.563e-05,-0.00021872,G-raw-2h
validation,z,absz,0-0.5,T-blend,226314,366,0.23762,0.23717,0.23805,0.66801,0.66706,0.66891,-0.0029793,-0.0033676,-0.0025956,-0.001399,-0.0015753,-0.0012234,0.0045777,G-raw-2h
validation,z,absz,0.5-1,T-blend,301752,366,0.16218,0.16055,0.16392,0.50207,0.498,0.50629,-0.01647,-0.01779,-0.015092,-0.0056328,-0.0060454,-0.0052096,0.0024954,G-raw-2h
validation,z,absz,1-1.5,T-blend,301752,366,0.080136,0.07813,0.081981,0.29103,0.28506,0.29654,-0.019464,-0.020796,-0.018141,-0.0037486,-0.003972,-0.0035147,0.00017233,G-raw-2h
validation,z,absz,1.5-2,T-blend,301752,366,0.03819,0.036588,0.039769,0.16066,0.15523,0.16593,-0.011056,-0.01198,-0.010085,-0.0010717,-0.0011612,-0.00097596,-0.00090803,G-raw-2h
validation,z,absz,2-2.5,T-blend,301752,366,0.019494,0.01829,0.020717,0.092474,0.08788,0.097374,-0.006826,-0.0077831,-0.0058035,-0.0003532,-0.00041586,-0.00028988,-0.00056006,G-raw-2h
validation,z,absz,2.5-3,T-blend,452628,366,0.0098478,0.0089473,0.010718,0.052205,0.048294,0.056044,-0.0085513,-0.01011,-0.0070032,-0.00016049,-0.00019719,-0.00012479,-0.00021872,G-raw-2h
validation,z,absz,0-0.5,MIX-blend,226314,366,0.23764,0.23717,0.23807,0.66804,0.66708,0.66896,-0.0029436,-0.0033422,-0.0025428,-0.0013828,-0.0015657,-0.0012002,0.0045777,G-raw-2h
validation,z,absz,0.5-1,MIX-blend,301752,366,0.16218,0.16056,0.16392,0.50206,0.49805,0.50624,-0.016474,-0.017744,-0.015152,-0.0056313,-0.0060325,-0.0052185,0.0024954,G-raw-2h
validation,z,absz,1-1.5,MIX-blend,301752,366,0.080185,0.078198,0.082013,0.29136,0.28557,0.29671,-0.01913,-0.020386,-0.017883,-0.0036987,-0.0039035,-0.0034772,0.00017233,G-raw-2h
validation,z,absz,1.5-2,MIX-blend,301752,366,0.038224,0.036635,0.039789,0.16111,0.15585,0.16619,-0.0106,-0.011495,-0.0096765,-0.0010372,-0.0011393,-0.00093757,-0.00090803,G-raw-2h
validation,z,absz,2-2.5,MIX-blend,301752,366,0.019503,0.018307,0.020716,0.092735,0.088179,0.097504,-0.0065647,-0.0076202,-0.0054369,-0.0003449,-0.00041758,-0.00027286,-0.00056006,G-raw-2h
validation,z,absz,2.5-3,MIX-blend,452628,366,0.0098462,0.0089494,0.010711,0.052287,0.048421,0.056088,-0.0084692,-0.010104,-0.006835,-0.00016206,-0.0002035,-0.00012143,-0.00021872,G-raw-2h
validation,z,absz,0-0.5,EMP-blend,226314,366,0.23764,0.23718,0.23807,0.66805,0.66709,0.66895,-0.0029323,-0.0033602,-0.0025362,-0.0013768,-0.0015725,-0.0011914,-0.0012105,G-raw-2h
validation,z,absz,0.5-1,EMP-blend,301752,366,0.16217,0.16055,0.16388,0.50206,0.49809,0.50617,-0.016479,-0.017782,-0.01514,-0.0056415,-0.0060466,-0.0052179,-0.0013308,G-raw-2h
validation,z,absz,1-1.5,EMP-blend,301752,366,0.080136,0.078119,0.081979,0.29105,0.28517,0.29658,-0.019436,-0.020803,-0.018061,-0.0037484,-0.0039749,-0.0035102,-0.001534,G-raw-2h
validation,z,absz,1.5-2,EMP-blend,301752,366,0.038184,0.036583,0.039767,0.16059,0.15511,0.16586,-0.011118,-0.012051,-0.010117,-0.0010776,-0.0011701,-0.00097985,-0.0018668,G-raw-2h
validation,z,absz,2-2.5,EMP-blend,301752,366,0.019497,0.018288,0.020722,0.092481,0.087847,0.097387,-0.0068184,-0.007739,-0.005826,-0.00035085,-0.00041207,-0.00029008,-0.0012695,G-raw-2h
validation,z,absz,2.5-3,EMP-blend,452628,366,0.0098497,0.0089477,0.010719,0.052233,0.048332,0.056087,-0.0085233,-0.010095,-0.0069793,-0.00015851,-0.00019426,-0.00012358,-0.00068913,G-raw-2h
validation,z,vol_regime,low,G-raw-10m,627250,165,0.0843,0.082275,0.08626,0.28558,0.27761,0.29315,-0.0001075,-0.0022171,0.0020224,-0.0007587,-0.00097323,-0.00053835,-0.0010825,G-raw-2h
validation,z,vol_regime,mid,G-raw-10m,628125,193,0.079037,0.077344,0.080753,0.26497,0.25873,0.27145,-0.0044796,-0.0064409,-0.0023116,-0.001301,-0.001532,-0.001081,0.00012338,G-raw-2h
validation,z,vol_regime,high,G-raw-10m,630575,160,0.075604,0.073947,0.077437,0.25341,0.24708,0.26044,-0.0048353,-0.0066189,-0.0031802,-0.0014585,-0.0016841,-0.001247,0.0030139,G-raw-2h
validation,z,vol_regime,low,G-raw-30m,627250,165,0.084342,0.082308,0.08625,0.28256,0.27518,0.2893,-0.0031343,-0.0045422,-0.0016152,-0.0007163,-0.00085949,-0.00056409,-0.0010825,G-raw-2h
validation,z,vol_regime,mid,G-raw-30m,628125,193,0.079189,0.07752,0.080883,0.26335,0.25736,0.26927,-0.0060948,-0.0073718,-0.0047706,-0.0011495,-0.0013266,-0.00098773,0.00012338,G-raw-2h
validation,z,vol_regime,high,G-raw-30m,630575,160,0.075895,0.074238,0.07772,0.25328,0.24725,0.2598,-0.0049719,-0.0063565,-0.0037036,-0.0011669,-0.0013445,-0.0010074,0.0030139,G-raw-2h
validation,z,vol_regime,low,G-raw-2h,627250,165,0.085058,0.083045,0.08697,0.28569,0.27861,0.29223,0,0,0,0,0,0,-0.0010825,G-raw-2h
validation,z,vol_regime,mid,G-raw-2h,628125,193,0.080338,0.078696,0.082024,0.26945,0.26369,0.27526,0,0,0,0,0,0,0.00012338,G-raw-2h
validation,z,vol_regime,high,G-raw-2h,630575,160,0.077062,0.075391,0.078907,0.25825,0.25258,0.26473,0,0,0,0,0,0,0.0030139,G-raw-2h
validation,z,vol_regime,low,G-raw-6h,627250,165,0.086551,0.08471,0.088329,0.29393,0.28722,0.30036,0.00824,0.0061817,0.010473,0.0014924,0.001121,0.00196,-0.0010825,G-raw-2h
validation,z,vol_regime,mid,G-raw-6h,628125,193,0.081949,0.080433,0.083619,0.27833,0.27267,0.28416,0.0088785,0.0073899,0.010653,0.0016106,0.0013193,0.0019541,0.00012338,G-raw-2h
validation,z,vol_regime,high,G-raw-6h,630575,160,0.078849,0.077359,0.080572,0.2666,0.26166,0.27209,0.0083485,0.006318,0.010342,0.0017872,0.0014048,0.0021876,0.0030139,G-raw-2h
validation,z,vol_regime,low,G-raw-1d,627250,165,0.090422,0.088597,0.092322,0.30951,0.30274,0.31647,0.023822,0.018752,0.029174,0.0053639,0.0040741,0.0067679,-0.0010825,G-raw-2h
validation,z,vol_regime,mid,G-raw-1d,628125,193,0.083593,0.082023,0.085258,0.2863,0.28041,0.29287,0.016854,0.013718,0.02038,0.0032547,0.0025988,0.0040372,0.00012338,G-raw-2h
validation,z,vol_regime,high,G-raw-1d,630575,160,0.081082,0.079583,0.08269,0.27748,0.27178,0.28293,0.019233,0.014875,0.02377,0.0040202,0.003036,0.0050996,0.0030139,G-raw-2h
validation,z,vol_regime,low,G-seas-10m,627250,165,0.084254,0.08221,0.086178,0.28552,0.27757,0.29309,-0.00017313,-0.0024722,0.0021567,-0.00080454,-0.001036,-0.0005738,-0.0010825,G-raw-2h
validation,z,vol_regime,mid,G-seas-10m,628125,193,0.078956,0.077245,0.080657,0.26471,0.25836,0.27115,-0.0047335,-0.0069439,-0.0023216,-0.0013823,-0.0016211,-0.001143,0.00012338,G-raw-2h
validation,z,vol_regime,high,G-seas-10m,630575,160,0.075545,0.073909,0.077353,0.25289,0.24663,0.25949,-0.0053543,-0.0072698,-0.0035838,-0.0015172,-0.0017474,-0.0012992,0.0030139,G-raw-2h
validation,z,vol_regime,low,G-seas-30m,627250,165,0.084252,0.082262,0.086156,0.28214,0.27483,0.28908,-0.0035518,-0.0053088,-0.0017586,-0.00080673,-0.00098394,-0.00061798,-0.0010825,G-raw-2h
validation,z,vol_regime,mid,G-seas-30m,628125,193,0.079004,0.077338,0.080677,0.26266,0.25657,0.26868,-0.0067867,-0.0084355,-0.0049965,-0.0013338,-0.0015266,-0.0011312,0.00012338,G-raw-2h
validation,z,vol_regime,high,G-seas-30m,630575,160,0.075772,0.074143,0.07754,0.25249,0.24647,0.25884,-0.0057618,-0.0073723,-0.004208,-0.0012904,-0.0014925,-0.0011017,0.0030139,G-raw-2h
validation,z,vol_regime,low,G-seas-2h,627250,165,0.08471,0.082719,0.086546,0.28349,0.27648,0.29006,-0.002205,-0.0037068,-0.0005663,-0.00034845,-0.00052369,-0.000174,-0.0010825,G-raw-2h
validation,z,vol_regime,mid,G-seas-2h,628125,193,0.079534,0.077887,0.08125,0.26508,0.25922,0.2713,-0.0043711,-0.0056545,-0.0029271,-0.00080424,-0.00098545,-0.00062692,0.00012338,G-raw-2h
validation,z,vol_regime,high,G-seas-2h,630575,160,0.07653,0.074879,0.078328,0.25556,0.24966,0.26182,-0.0026838,-0.0040965,-0.0012891,-0.00053227,-0.00072512,-0.00034588,0.0030139,G-raw-2h
validation,z,vol_regime,low,G-seas-6h,627250,165,0.085407,0.083534,0.087208,0.28762,0.28086,0.29422,0.0019261,-0.00026165,0.0044351,0.00034842,9.5013e-05,0.00064267,-0.0010825,G-raw-2h
validation,z,vol_regime,mid,G-seas-6h,628125,193,0.080049,0.078423,0.081758,0.2682,0.2622,0.27453,-0.0012461,-0.0030681,0.00077342,-0.00028884,-0.0005426,7.4835e-06,0.00012338,G-raw-2h
validation,z,vol_regime,high,G-seas-6h,630575,160,0.077421,0.075872,0.079158,0.25979,0.25422,0.26579,0.0015418,-0.0006132,0.003587,0.0003594,5.8515e-05,0.0006641,0.0030139,G-raw-2h
validation,z,vol_regime,low,G-seas-1d,627250,165,0.086595,0.084827,0.088381,0.29255,0.28575,0.29922,0.0068576,0.0039018,0.010441,0.0015365,0.001057,0.0021069,-0.0010825,G-raw-2h
validation,z,vol_regime,mid,G-seas-1d,628125,193,0.080838,0.079221,0.08257,0.27271,0.26672,0.27932,0.0032647,0.00078147,0.006178,0.0004997,0.0001097,0.00093296,0.00012338,G-raw-2h
validation,z,vol_regime,high,G-seas-1d,630575,160,0.078505,0.077011,0.080253,0.26648,0.26093,0.2727,0.0082362,0.0050217,0.011642,0.001443,0.0009117,0.0019689,0.0030139,G-raw-2h
validation,z,vol_regime,low,G-blend-raw,627250,165,0.084332,0.082381,0.08617,0.28094,0.27424,0.28725,-0.0047532,-0.0060086,-0.0034329,-0.0007267,-0.00088278,-0.00056498,-0.0010825,G-raw-2h
validation,z,vol_regime,mid,G-blend-raw,628125,193,0.079246,0.077651,0.080909,0.26249,0.25707,0.26802,-0.006952,-0.0084096,-0.005516,-0.0010922,-0.0012624,-0.00091785,0.00012338,G-raw-2h
validation,z,vol_regime,high,G-blend-raw,630575,160,0.07602,0.074464,0.077811,0.25232,0.24691,0.25821,-0.0059251,-0.0072893,-0.0045821,-0.0010421,-0.0012358,-0.00085592,0.0030139,G-raw-2h
validation,z,vol_regime,low,G-blend,627250,165,0.084051,0.082131,0.085903,0.27968,0.27286,0.28627,-0.0060103,-0.0076912,-0.0043993,-0.0010077,-0.0012011,-0.00080525,-0.0010825,G-raw-2h
validation,z,vol_regime,mid,G-blend,628125,193,0.078752,0.077122,0.080444,0.26045,0.25481,0.26627,-0.0089916,-0.010579,-0.0071917,-0.001586,-0.0017972,-0.001373,0.00012338,G-raw-2h
validation,z,vol_regime,high,G-blend,630575,160,0.075696,0.074126,0.077433,0.25069,0.24533,0.2565,-0.0075575,-0.0092495,-0.0059334,-0.001366,-0.0015937,-0.0011461,0.0030139,G-raw-2h
validation,z,vol_regime,low,T-raw-2h,627250,165,0.084365,0.082218,0.086423,0.28113,0.27384,0.28791,-0.0045636,-0.0052996,-0.0038326,-0.00069301,-0.00087357,-0.00050844,-0.0010825,G-raw-2h
validation,z,vol_regime,mid,T-raw-2h,628125,193,0.079272,0.077518,0.081118,0.26444,0.25852,0.27049,-0.0050047,-0.0057,-0.0042642,-0.0010657,-0.0012321,-0.00088898,0.00012338,G-raw-2h
validation,z,vol_regime,high,T-raw-2h,630575,160,0.075701,0.073929,0.077725,0.25263,0.24671,0.25936,-0.0056183,-0.0063318,-0.0049368,-0.0013612,-0.0015382,-0.0011599,0.0030139,G-raw-2h
validation,z,vol_regime,low,T-blend,627250,165,0.083552,0.081494,0.085599,0.27599,0.26898,0.28253,-0.0096987,-0.011128,-0.0083243,-0.0015059,-0.0017184,-0.0012931,-0.0010825,G-raw-2h
validation,z,vol_regime,mid,T-blend,628125,193,0.078233,0.076516,0.080036,0.25742,0.25187,0.26317,-0.012025,-0.013498,-0.010618,-0.0021054,-0.0023293,-0.0018877,0.00012338,G-raw-2h
validation,z,vol_regime,high,T-blend,630575,160,0.074869,0.073182,0.076808,0.24691,0.24136,0.25291,-0.011334,-0.012711,-0.0098896,-0.0021933,-0.0024323,-0.0019653,0.0030139,G-raw-2h
validation,z,vol_regime,low,MIX-blend,627250,165,0.083545,0.081503,0.085578,0.27596,0.26915,0.28235,-0.0097294,-0.0112,-0.0082999,-0.001513,-0.0017214,-0.0013093,-0.0010825,G-raw-2h
validation,z,vol_regime,mid,MIX-blend,628125,193,0.078248,0.076543,0.080037,0.2576,0.25216,0.26326,-0.011845,-0.013321,-0.010422,-0.0020899,-0.0023053,-0.0018783,0.00012338,G-raw-2h
validation,z,vol_regime,high,MIX-blend,630575,160,0.07491,0.07324,0.076827,0.24734,0.2419,0.25319,-0.010911,-0.012326,-0.0094368,-0.0021519,-0.0023862,-0.0019302,0.0030139,G-raw-2h
validation,z,vol_regime,low,EMP-blend,627250,165,0.083565,0.081505,0.085584,0.27605,0.26902,0.28264,-0.0096405,-0.011051,-0.0082186,-0.0014935,-0.0017057,-0.0012821,-0.0031405,G-raw-2h
validation,z,vol_regime,mid,EMP-blend,628125,193,0.078242,0.076533,0.080045,0.25745,0.25186,0.26314,-0.012,-0.013446,-0.010598,-0.0020967,-0.0023247,-0.0018826,-0.0018508,G-raw-2h
validation,z,vol_regime,high,EMP-blend,630575,160,0.074851,0.07317,0.076796,0.24685,0.2413,0.2529,-0.011397,-0.012813,-0.0099384,-0.0022106,-0.0024425,-0.0019814,0.0011667,G-raw-2h
validation,z,trend,chop(<0.5sd),G-raw-10m,977625,366,0.076472,0.075161,0.077847,0.25843,0.25341,0.26356,-0.0019033,-0.00335,-0.00030357,-0.0011504,-0.001324,-0.00097386,0.0016862,G-raw-2h
validation,z,trend,mid,G-raw-10m,700775,366,0.083015,0.081467,0.084665,0.27813,0.27228,0.28445,-0.0051543,-0.0068405,-0.0034333,-0.0013657,-0.0015682,-0.0011628,-0.0025336,G-raw-2h
validation,z,trend,trend(>1.5sd),G-raw-10m,207550,257,0.083162,0.08018,0.086273,0.27853,0.26842,0.29015,-0.002204,-0.005735,0.0014727,-0.00063134,-0.00099823,-0.00023938,0.0068706,G-raw-2h
validation,z,trend,chop(<0.5sd),G-raw-30m,977625,366,0.076517,0.075224,0.07789,0.25603,0.25135,0.26069,-0.004305,-0.0052451,-0.0032683,-0.0011047,-0.0012323,-0.00097728,0.0016862,G-raw-2h
validation,z,trend,mid,G-raw-30m,700775,366,0.083325,0.081807,0.084975,0.27752,0.27196,0.28366,-0.0057701,-0.0069186,-0.0045571,-0.0010558,-0.0011926,-0.00090743,-0.0025336,G-raw-2h
validation,z,trend,trend(>1.5sd),G-raw-30m,207550,257,0.083373,0.080419,0.086412,0.27747,0.26781,0.28795,-0.003263,-0.005701,-0.00081536,-0.00042052,-0.00069311,-0.00015222,0.0068706,G-raw-2h
validation,z,trend,chop(<0.5sd),G-raw-2h,977625,366,0.077622,0.076398,0.078907,0.26033,0.25607,0.2646,0,0,0,0,0,0,0.0016862,G-raw-2h
validation,z,trend,mid,G-raw-2h,700775,366,0.084381,0.082814,0.085996,0.28329,0.27753,0.28913,0,0,0,0,0,0,-0.0025336,G-raw-2h
validation,z,trend,trend(>1.5sd),G-raw-2h,207550,257,0.083794,0.08086,0.086797,0.28073,0.27109,0.29134,0,0,0,0,0,0,0.0068706,G-raw-2h
validation,z,trend,chop(<0.5sd),G-raw-6h,977625,366,0.08022,0.079106,0.081348,0.27193,0.26849,0.27553,0.011599,0.0098775,0.013303,0.0025977,0.0022466,0.0029469,0.0016862,G-raw-2h
validation,z,trend,mid,G-raw-6h,700775,366,0.085215,0.083647,0.086775,0.28862,0.28283,0.29426,0.0053368,0.0043682,0.0063788,0.00083358,0.00068577,0.00098301,-0.0025336,G-raw-2h
validation,z,trend,trend(>1.5sd),G-raw-6h,207550,257,0.083558,0.080537,0.086758,0.28522,0.27351,0.29732,0.0044844,0.0021492,0.0071104,-0.00023619,-0.00043283,-2.6491e-05,0.0068706,G-raw-2h
validation,z,trend,chop(<0.5sd),G-raw-1d,977625,366,0.0847,0.08354,0.08595,0.28972,0.28558,0.29404,0.029384,0.025421,0.033571,0.0070784,0.0060667,0.0081309,0.0016862,G-raw-2h
validation,z,trend,mid,G-raw-1d,700775,366,0.085895,0.084382,0.087555,0.29191,0.28634,0.29802,0.0086241,0.0069494,0.010493,0.0015139,0.0012531,0.0018001,-0.0025336,G-raw-2h
validation,z,trend,trend(>1.5sd),G-raw-1d,207550,257,0.083615,0.080435,0.087006,0.29464,0.28,0.30929,0.013906,0.0083848,0.019845,-0.00017869,-0.00057647,0.00021393,0.0068706,G-raw-2h
validation,z,trend,chop(<0.5sd),G-seas-10m,977625,366,0.076424,0.07512,0.077783,0.25808,0.25317,0.26319,-0.002248,-0.0037667,-0.00057706,-0.0011976,-0.0013788,-0.0010068,0.0016862,G-raw-2h
validation,z,trend,mid,G-seas-10m,700775,366,0.082929,0.081411,0.084574,0.27773,0.27188,0.28413,-0.0055592,-0.0074703,-0.0036266,-0.0014518,-0.001661,-0.001228,-0.0025336,G-raw-2h
validation,z,trend,trend(>1.5sd),G-seas-10m,207550,257,0.083112,0.080136,0.086217,0.27898,0.26848,0.29093,-0.0017567,-0.0055569,0.0023349,-0.00068187,-0.0010457,-0.00027801,0.0068706,G-raw-2h
validation,z,trend,chop(<0.5sd),G-seas-30m,977625,366,0.076426,0.075135,0.077768,0.25541,0.25083,0.26006,-0.0049163,-0.0060479,-0.0036369,-0.0011961,-0.001343,-0.0010362,0.0016862,G-raw-2h
validation,z,trend,mid,G-seas-30m,700775,366,0.08314,0.081638,0.084795,0.27662,0.27121,0.28287,-0.0066619,-0.0081576,-0.0050394,-0.0012407,-0.0014079,-0.0010579,-0.0025336,G-raw-2h
validation,z,trend,trend(>1.5sd),G-seas-30m,207550,257,0.083222,0.080296,0.086248,0.27761,0.2678,0.28866,-0.0031279,-0.0058444,-0.00022885,-0.00057196,-0.00088347,-0.00027316,0.0068706,G-raw-2h
validation,z,trend,chop(<0.5sd),G-seas-2h,977625,366,0.077081,0.075811,0.0784,0.25727,0.2529,0.2615,-0.0030617,-0.0040564,-0.0020496,-0.00054094,-0.00067382,-0.00040288,0.0016862,G-raw-2h
validation,z,trend,mid,G-seas-2h,700775,366,0.083734,0.082204,0.085343,0.27945,0.27402,0.28526,-0.0038382,-0.0050739,-0.0025951,-0.00064746,-0.00079833,-0.00049236,-0.0025336,G-raw-2h
validation,z,trend,trend(>1.5sd),G-seas-2h,207550,257,0.083424,0.080507,0.086474,0.28007,0.2702,0.29131,-0.00066523,-0.0027604,0.0016141,-0.00037004,-0.00060976,-0.0001264,0.0068706,G-raw-2h
validation,z,trend,chop(<0.5sd),G-seas-6h,977625,366,0.078169,0.076982,0.079391,0.26178,0.25784,0.26573,0.0014449,0.00011074,0.0029119,0.00054715,0.00033734,0.00078256,0.0016862,G-raw-2h
validation,z,trend,mid,G-seas-6h,700775,366,0.084158,0.082648,0.085751,0.28231,0.27665,0.28826,-0.00097365,-0.0027778,0.00095436,-0.00022297,-0.00041735,6.3382e-06,-0.0025336,G-raw-2h
validation,z,trend,trend(>1.5sd),G-seas-6h,207550,257,0.08324,0.080241,0.086334,0.28395,0.27266,0.29628,0.0032158,-0.00020014,0.0074598,-0.00055364,-0.00082861,-0.00024494,0.0068706,G-raw-2h
validation,z,trend,chop(<0.5sd),G-seas-1d,977625,366,0.079732,0.078598,0.080902,0.26847,0.26471,0.27228,0.0081366,0.0062459,0.010251,0.0021098,0.0017235,0.0025393,0.0016862,G-raw-2h
validation,z,trend,mid,G-seas-1d,700775,366,0.084649,0.083148,0.086203,0.28527,0.27968,0.2914,0.001984,-0.00027668,0.0046178,0.00026789,-3.2061e-05,0.00059355,-0.0025336,G-raw-2h
validation,z,trend,trend(>1.5sd),G-seas-1d,207550,257,0.083492,0.08044,0.086652,0.29134,0.27804,0.30555,0.010603,0.0052227,0.017084,-0.00030225,-0.00068968,0.00015326,0.0068706,G-raw-2h
validation,z,trend,chop(<0.5sd),G-blend-raw,977625,366,0.07675,0.07553,0.078039,0.25562,0.25143,0.25987,-0.0047122,-0.0057532,-0.0037236,-0.00087227,-0.0010113,-0.00073736,0.0016862,G-raw-2h
validation,z,trend,mid,G-blend-raw,700775,366,0.08322,0.081731,0.084825,0.2756,0.27042,0.28131,-0.0076831,-0.0089718,-0.0063885,-0.0011606,-0.0013239,-0.00099742,-0.0025336,G-raw-2h
validation,z,trend,trend(>1.5sd),G-blend-raw,207550,257,0.083154,0.080209,0.086181,0.27546,0.26595,0.28585,-0.0052687,-0.0079351,-0.0025849,-0.00064029,-0.00093944,-0.00032056,0.0068706,G-raw-2h
validation,z,trend,chop(<0.5sd),G-blend,977625,366,0.076494,0.075263,0.077786,0.25408,0.24991,0.25823,-0.0062493,-0.0074882,-0.0050866,-0.0011281,-0.0012911,-0.00096212,0.0016862,G-raw-2h
validation,z,trend,mid,G-blend,700775,366,0.082788,0.081309,0.084407,0.27379,0.26862,0.27959,-0.0094956,-0.010967,-0.007895,-0.0015928,-0.0017677,-0.0014138,-0.0025336,G-raw-2h
validation,z,trend,trend(>1.5sd),G-blend,207550,257,0.08249,0.079525,0.085565,0.27389,0.26386,0.28531,-0.0068397,-0.0097175,-0.0036208,-0.0013037,-0.0015878,-0.00099889,0.0068706,G-raw-2h
validation,z,trend,chop(<0.5sd),T-raw-2h,977625,366,0.076252,0.074891,0.077671,0.25437,0.24999,0.25897,-0.0059637,-0.0064535,-0.0054609,-0.0013701,-0.0015086,-0.0012332,0.0016862,G-raw-2h
validation,z,trend,mid,T-raw-2h,700775,366,0.083684,0.08202,0.085424,0.2791,0.27334,0.28514,-0.0041854,-0.0048887,-0.003588,-0.00069659,-0.00085186,-0.00054991,-0.0025336,G-raw-2h
validation,z,trend,trend(>1.5sd),T-raw-2h,207550,257,0.083144,0.079996,0.086469,0.27695,0.26666,0.28799,-0.0037853,-0.0050634,-0.0025481,-0.00064972,-0.00095935,-0.00032616,0.0068706,G-raw-2h
validation,z,trend,chop(<0.5sd),T-blend,977625,366,0.075605,0.074273,0.07699,0.24997,0.24563,0.25433,-0.010356,-0.011345,-0.0093856,-0.0020169,-0.0021778,-0.0018529,0.0016862,G-raw-2h
validation,z,trend,mid,T-blend,700775,366,0.082435,0.080828,0.084143,0.27093,0.26564,0.27666,-0.012355,-0.013615,-0.011039,-0.0019461,-0.0021356,-0.0017513,-0.0025336,G-raw-2h
validation,z,trend,trend(>1.5sd),T-blend,207550,257,0.082278,0.079155,0.085499,0.27109,0.26088,0.28214,-0.0096448,-0.011845,-0.0073742,-0.0015154,-0.0018665,-0.0011416,0.0068706,G-raw-2h
validation,z,trend,chop(<0.5sd),MIX-blend,977625,366,0.075643,0.074319,0.07702,0.25038,0.24615,0.25469,-0.009946,-0.010944,-0.0089888,-0.0019785,-0.0021401,-0.0018229,0.0016862,G-raw-2h
validation,z,trend,mid,MIX-blend,700775,366,0.082432,0.080834,0.084131,0.27092,0.26578,0.27656,-0.012362,-0.013676,-0.011016,-0.0019494,-0.0021367,-0.0017604,-0.0025336,G-raw-2h
validation,z,trend,trend(>1.5sd),MIX-blend,207550,257,0.08226,0.079153,0.085459,0.27092,0.26097,0.28163,-0.0098113,-0.012058,-0.0075235,-0.001534,-0.0018818,-0.0011662,0.0068706,G-raw-2h
validation,z,trend,chop(<0.5sd),EMP-blend,977625,366,0.075606,0.074285,0.076991,0.24995,0.2456,0.25427,-0.010384,-0.011387,-0.009432,-0.0020164,-0.0021788,-0.0018598,-0.00026188,G-raw-2h
validation,z,trend,mid,EMP-blend,700775,366,0.08245,0.080849,0.084158,0.271,0.26574,0.2768,-0.012283,-0.01355,-0.010984,-0.0019314,-0.002123,-0.0017333,-0.0045147,G-raw-2h
validation,z,trend,trend(>1.5sd),EMP-blend,207550,257,0.082238,0.079121,0.085461,0.27103,0.26081,0.28213,-0.0096987,-0.011898,-0.0073661,-0.001556,-0.0019167,-0.0011763,0.0049293,G-raw-2h
validation,z,weekend,weekday,G-raw-10m,1368225,262,0.080915,0.079838,0.082011,0.27224,0.26781,0.27648,-0.003089,-0.0044676,-0.0016211,-0.0011522,-0.0012951,-0.00099204,0.0011332,G-raw-2h
validation,z,weekend,weekend,G-raw-10m,517725,104,0.076268,0.073929,0.078683,0.25664,0.24846,0.26524,-0.0032907,-0.005362,-0.0011856,-0.001229,-0.0014858,-0.00097102,-0.00048578,G-raw-2h
validation,z,weekend,weekday,G-raw-30m,1368225,262,0.081075,0.079996,0.082132,0.27071,0.26677,0.27454,-0.0046179,-0.005514,-0.0036289,-0.0009921,-0.0010943,-0.00088162,0.0011332,G-raw-2h
validation,z,weekend,weekend,G-raw-30m,517725,104,0.076435,0.074122,0.078807,0.25489,0.24726,0.26282,-0.0050433,-0.0064065,-0.0035156,-0.0010617,-0.0012696,-0.00084458,-0.00048578,G-raw-2h
validation,z,weekend,weekday,G-raw-2h,1368225,262,0.082067,0.08101,0.083099,0.27533,0.27156,0.279,0,0,0,0,0,0,0.0011332,G-raw-2h
validation,z,weekend,weekend,G-raw-2h,517725,104,0.077497,0.075234,0.079819,0.25993,0.25261,0.26755,0,0,0,0,0,0,-0.00048578,G-raw-2h
validation,z,weekend,weekday,G-raw-6h,1368225,262,0.083076,0.082029,0.084065,0.28109,0.27731,0.28473,0.0057537,0.0049486,0.006592,0.0010088,0.00088002,0.0011345,0.0011332,G-raw-2h
validation,z,weekend,weekend,G-raw-6h,517725,104,0.080769,0.078817,0.082782,0.27565,0.26927,0.28242,0.015717,0.012869,0.018886,0.0032728,0.0026575,0.0039843,-0.00048578,G-raw-2h
validation,z,weekend,weekday,G-raw-1d,1368225,262,0.083597,0.082548,0.084603,0.28551,0.28147,0.28964,0.010176,0.0086834,0.011749,0.0015299,0.0013103,0.0017585,0.0011332,G-raw-2h
validation,z,weekend,weekend,G-raw-1d,517725,104,0.088797,0.086847,0.091016,0.30578,0.29931,0.31269,0.045841,0.039372,0.052861,0.011301,0.0096402,0.013046,-0.00048578,G-raw-2h
validation,z,weekend,weekday,G-seas-10m,1368225,262,0.080828,0.079768,0.081914,0.27175,0.26733,0.27603,-0.00358,-0.0050609,-0.0019435,-0.0012397,-0.001389,-0.0010671,0.0011332,G-raw-2h
validation,z,weekend,weekend,G-seas-10m,517725,104,0.076273,0.073946,0.0787,0.25692,0.24866,0.26556,-0.0030128,-0.0052565,-0.00053734,-0.0012236,-0.0014988,-0.00095362,-0.00048578,G-raw-2h
validation,z,weekend,weekday,G-seas-30m,1368225,262,0.080885,0.079836,0.081935,0.26969,0.26567,0.27361,-0.0056422,-0.0067498,-0.0044109,-0.0011826,-0.0013058,-0.0010486,0.0011332,G-raw-2h
validation,z,weekend,weekend,G-seas-30m,517725,104,0.076455,0.074169,0.078811,0.25529,0.24754,0.26333,-0.0046438,-0.006269,-0.0029249,-0.001042,-0.00127,-0.00080829,-0.00048578,G-raw-2h
validation,z,weekend,weekday,G-seas-2h,1368225,262,0.081358,0.080321,0.082369,0.27127,0.26752,0.27495,-0.0040593,-0.0050093,-0.0030388,-0.00070897,-0.00082643,-0.00058621,0.0011332,G-raw-2h
validation,z,weekend,weekend,G-seas-2h,517725,104,0.077324,0.075072,0.079645,0.25942,0.25155,0.26769,-0.00051558,-0.0018466,0.0010115,-0.00017255,-0.00035286,2.4355e-05,-0.00048578,G-raw-2h
validation,z,weekend,weekday,G-seas-6h,1368225,262,0.081894,0.080898,0.082898,0.27424,0.27057,0.27804,-0.0010942,-0.0024522,0.00036397,-0.00017299,-0.00034695,7.3255e-06,0.0011332,G-raw-2h
validation,z,weekend,weekend,G-seas-6h,517725,104,0.078463,0.076248,0.080688,0.26553,0.25779,0.27364,0.0055915,0.0033103,0.0082683,0.00096661,0.0006469,0.0013282,-0.00048578,G-raw-2h
validation,z,weekend,weekday,G-seas-1d,1368225,262,0.082707,0.081774,0.083695,0.27893,0.27523,0.28277,0.0035989,0.0017199,0.0056888,0.00063951,0.00035269,0.00094615,0.0011332,G-raw-2h
validation,z,weekend,weekend,G-seas-1d,517725,104,0.080032,0.077846,0.082307,0.27272,0.26491,0.28074,0.01279,0.0094304,0.016609,0.0025353,0.0019318,0.0032592,-0.00048578,G-raw-2h
validation,z,weekend,weekday,G-blend-raw,1368225,262,0.081009,0.079955,0.082048,0.26885,0.26509,0.27248,-0.006484,-0.0074663,-0.0054724,-0.0010589,-0.0011759,-0.00093575,0.0011332,G-raw-2h
validation,z,weekend,weekend,G-blend-raw,517725,104,0.07682,0.074624,0.079095,0.25566,0.24872,0.26282,-0.0042743,-0.0056306,-0.002855,-0.00067635,-0.00087216,-0.00047747,-0.00048578,G-raw-2h
validation,z,weekend,weekday,G-blend,1368225,262,0.080622,0.079586,0.081655,0.26708,0.26324,0.27084,-0.0082577,-0.0094618,-0.0070417,-0.0014454,-0.0015878,-0.0013046,0.0011332,G-raw-2h
validation,z,weekend,weekend,G-blend,517725,104,0.076508,0.07429,0.078828,0.25436,0.24712,0.26154,-0.0055725,-0.0071348,-0.0039245,-0.00098917,-0.0012056,-0.00075323,-0.00048578,G-raw-2h
validation,z,weekend,weekday,T-raw-2h,1368225,262,0.081149,0.080008,0.082257,0.27046,0.26662,0.27422,-0.004875,-0.0053582,-0.0044207,-0.00091807,-0.0010229,-0.00080904,0.0011332,G-raw-2h
validation,z,weekend,weekend,T-raw-2h,517725,104,0.076132,0.073651,0.07871,0.25437,0.24642,0.26231,-0.0055604,-0.0063752,-0.0047321,-0.0013643,-0.0016003,-0.0011149,-0.00048578,G-raw-2h
validation,z,weekend,weekday,T-blend,1368225,262,0.080164,0.079043,0.081271,0.26397,0.26027,0.26761,-0.011364,-0.012344,-0.010351,-0.0019033,-0.0020404,-0.0017583,0.0011332,G-raw-2h
validation,z,weekend,weekend,T-blend,517725,104,0.075476,0.073075,0.078002,0.24982,0.2423,0.25742,-0.010112,-0.011484,-0.0087201,-0.0020203,-0.0022774,-0.0017676,-0.00048578,G-raw-2h
validation,z,weekend,weekday,MIX-blend,1368225,262,0.08017,0.079057,0.081267,0.26405,0.26038,0.26762,-0.011288,-0.012287,-0.010266,-0.0018976,-0.0020322,-0.0017563,0.0011332,G-raw-2h
validation,z,weekend,weekend,MIX-blend,517725,104,0.075522,0.073139,0.078033,0.25032,0.2429,0.25779,-0.0096172,-0.011014,-0.0082202,-0.0019747,-0.0022183,-0.0017206,-0.00048578,G-raw-2h
validation,z,weekend,weekday,EMP-blend,1368225,262,0.080158,0.07904,0.081255,0.26398,0.2603,0.26763,-0.011348,-0.012323,-0.010349,-0.0019096,-0.002042,-0.0017636,-0.00081083,G-raw-2h
validation,z,weekend,weekend,EMP-blend,517725,104,0.075498,0.073082,0.078001,0.2498,0.2423,0.25747,-0.010131,-0.011499,-0.0087297,-0.0019992,-0.0022433,-0.0017516,-0.0024865,G-raw-2h
validation,z,vol_burst,normal,G-raw-10m,1686175,366,0.076648,0.075548,0.077738,0.25936,0.25512,0.26387,-0.0025863,-0.0038063,-0.0013351,-0.0013837,-0.00152,-0.0012428,0.00034131,G-raw-2h
validation,z,vol_burst,burst(top10% sig10m/sig1d),G-raw-10m,199775,330,0.10489,0.10253,0.10733,0.34056,0.33349,0.34769,-0.0078551,-0.012513,-0.0034672,0.0006021,-9.8649e-06,0.0011842,0.0036216,G-raw-2h
validation,z,vol_burst,normal,G-raw-30m,1686175,366,0.076903,0.075812,0.077943,0.25772,0.25381,0.26176,-0.0042302,-0.004991,-0.0034377,-0.0011291,-0.0012342,-0.0010275,0.00034131,G-raw-2h
validation,z,vol_burst,burst(top10% sig10m/sig1d),G-raw-30m,199775,330,0.10427,0.10175,0.10694,0.33943,0.33177,0.34771,-0.0089928,-0.012352,-0.0059331,-1.6625e-05,-0.00038704,0.00033495,0.0036216,G-raw-2h
validation,z,vol_burst,normal,G-raw-2h,1686175,366,0.078032,0.077001,0.079032,0.26195,0.25841,0.26534,0,0,0,0,0,0,0.00034131,G-raw-2h
validation,z,vol_burst,burst(top10% sig10m/sig1d),G-raw-2h,199775,330,0.10428,0.10148,0.10728,0.34842,0.33802,0.35986,0,0,0,0,0,0,0.0036216,G-raw-2h
validation,z,vol_burst,normal,G-raw-6h,1686175,366,0.079762,0.078813,0.080657,0.2695,0.26635,0.27241,0.0075544,0.0063205,0.0088069,0.0017297,0.0014879,0.0019802,0.00034131,G-raw-2h
validation,z,vol_burst,burst(top10% sig10m/sig1d),G-raw-6h,199775,330,0.10508,0.10209,0.10822,0.3648,0.35195,0.37845,0.016376,0.013714,0.019206,0.0007916,0.0005866,0.0010073,0.0036216,G-raw-2h
validation,z,vol_burst,normal,G-raw-1d,1686175,366,0.082552,0.081579,0.083542,0.28041,0.27705,0.28371,0.018464,0.015465,0.021445,0.0045203,0.0037918,0.0052554,0.00034131,G-raw-2h
validation,z,vol_burst,burst(top10% sig10m/sig1d),G-raw-1d,199775,330,0.1059,0.10282,0.10913,0.38107,0.36601,0.39724,0.03265,0.026984,0.039339,0.0016115,0.0012433,0.001977,0.0036216,G-raw-2h
validation,z,vol_burst,normal,G-seas-10m,1686175,366,0.076582,0.075494,0.077656,0.25907,0.25483,0.26357,-0.0028795,-0.0042645,-0.0014443,-0.0014499,-0.0015844,-0.0012991,0.00034131,G-raw-2h
validation,z,vol_burst,burst(top10% sig10m/sig1d),G-seas-10m,199775,330,0.10486,0.10253,0.10732,0.3404,0.33356,0.34754,-0.008023,-0.012801,-0.0035224,0.00057621,-4.5446e-05,0.0011701,0.0036216,G-raw-2h
validation,z,vol_burst,normal,G-seas-30m,1686175,366,0.076759,0.075672,0.077796,0.25705,0.25313,0.26114,-0.0048906,-0.005863,-0.0038398,-0.0012732,-0.0013909,-0.0011491,0.00034131,G-raw-2h
validation,z,vol_burst,burst(top10% sig10m/sig1d),G-seas-30m,199775,330,0.10423,0.10177,0.10694,0.33902,0.33154,0.34705,-0.0093989,-0.013204,-0.0060004,-5.348e-05,-0.00050592,0.00036996,0.0036216,G-raw-2h
validation,z,vol_burst,normal,G-seas-2h,1686175,366,0.077448,0.076363,0.078459,0.25909,0.25538,0.26269,-0.0028525,-0.0036535,-0.0020359,-0.00058409,-0.00068902,-0.00047169,0.00034131,G-raw-2h
validation,z,vol_burst,burst(top10% sig10m/sig1d),G-seas-2h,199775,330,0.10391,0.10123,0.10684,0.34336,0.33394,0.35371,-0.005062,-0.0075453,-0.0024931,-0.00037289,-0.0006486,-8.7976e-05,0.0036216,G-raw-2h
validation,z,vol_burst,normal,G-seas-6h,1686175,366,0.078205,0.077181,0.079147,0.26235,0.2589,0.2658,0.00040914,-0.00069636,0.0016669,0.00017289,3.0357e-06,0.00037203,0.00034131,G-raw-2h
validation,z,vol_burst,burst(top10% sig10m/sig1d),G-seas-6h,199775,330,0.10414,0.10139,0.10716,0.35196,0.34111,0.36427,0.0035431,-0.00037685,0.0080986,-0.00013901,-0.00045814,0.00021104,0.0036216,G-raw-2h
validation,z,vol_burst,normal,G-seas-1d,1686175,366,0.079297,0.078312,0.08026,0.26706,0.2637,0.27031,0.0051125,0.0035111,0.006887,0.0012656,0.00096956,0.0015929,0.00034131,G-raw-2h
validation,z,vol_burst,burst(top10% sig10m/sig1d),G-seas-1d,199775,330,0.10455,0.10176,0.10768,0.36306,0.35047,0.37797,0.014642,0.0079574,0.022522,0.00026808,-0.00018797,0.00074773,0.0036216,G-raw-2h
validation,z,vol_burst,normal,G-blend-raw,1686175,366,0.076943,0.075887,0.077943,0.25649,0.25279,0.26017,-0.0054602,-0.0061881,-0.0046799,-0.0010888,-0.001192,-0.00097848,0.00034131,G-raw-2h
validation,z,vol_burst,burst(top10% sig10m/sig1d),G-blend-raw,199775,330,0.10447,0.10205,0.10705,0.33902,0.33156,0.34675,-0.0093981,-0.013493,-0.0055232,0.0001847,-0.00031228,0.00067897,0.0036216,G-raw-2h
validation,z,vol_burst,normal,G-blend,1686175,366,0.076652,0.075595,0.07766,0.25511,0.25142,0.25879,-0.0068349,-0.0077907,-0.0057943,-0.0013802,-0.0014995,-0.0012567,0.00034131,G-raw-2h
validation,z,vol_burst,burst(top10% sig10m/sig1d),G-blend,199775,330,0.10347,0.101,0.10613,0.33511,0.32727,0.34329,-0.013308,-0.0173,-0.0095712,-0.00081291,-0.0012506,-0.00037293,0.0036216,G-raw-2h
validation,z,vol_burst,normal,T-raw-2h,1686175,366,0.076701,0.075568,0.0778,0.25605,0.25233,0.25969,-0.0058927,-0.006329,-0.0054733,-0.001331,-0.0014369,-0.0012244,0.00034131,G-raw-2h
validation,z,vol_burst,burst(top10% sig10m/sig1d),T-raw-2h,199775,330,0.10569,0.10266,0.10892,0.35036,0.33964,0.36195,0.0019382,0.00077014,0.0030779,0.0014107,0.0011546,0.0016447,0.0036216,G-raw-2h
validation,z,vol_burst,normal,T-blend,1686175,366,0.076017,0.074889,0.077096,0.25141,0.24771,0.25506,-0.010531,-0.011272,-0.0097346,-0.0020145,-0.0021469,-0.0018738,0.00034131,G-raw-2h
validation,z,vol_burst,burst(top10% sig10m/sig1d),T-blend,199775,330,0.10302,0.10035,0.10588,0.33327,0.325,0.34203,-0.015147,-0.018358,-0.012003,-0.0012676,-0.0015633,-0.00097508,0.0036216,G-raw-2h
validation,z,vol_burst,normal,MIX-blend,1686175,366,0.076037,0.074917,0.077108,0.25164,0.24797,0.25521,-0.010305,-0.011063,-0.0095204,-0.0019946,-0.002122,-0.001858,0.00034131,G-raw-2h
validation,z,vol_burst,burst(top10% sig10m/sig1d),MIX-blend,199775,330,0.103,0.10036,0.10584,0.33317,0.32508,0.3417,-0.015251,-0.018625,-0.011969,-0.0012788,-0.0015805,-0.00097661,0.0036216,G-raw-2h
validation,z,vol_burst,normal,EMP-blend,1686175,366,0.07602,0.074888,0.077098,0.25142,0.24769,0.25508,-0.010531,-0.011303,-0.0097233,-0.0020119,-0.002142,-0.0018765,-0.0015659,G-raw-2h
validation,z,vol_burst,burst(top10% sig10m/sig1d),EMP-blend,199775,330,0.10301,0.10033,0.10587,0.33333,0.32496,0.3421,-0.015093,-0.018399,-0.011955,-0.0012782,-0.0015899,-0.0009526,0.0012198,G-raw-2h
validation,z,fomc,other,G-raw-10m,1884150,366,0.079591,0.078495,0.080692,0.26781,0.2636,0.27204,-0.0031467,-0.0043191,-0.0019782,-0.0011745,-0.0012986,-0.0010423,0.0006974,G-raw-2h
validation,z,fomc,FOMC 15:00ET,G-raw-10m,1800,8,0.13047,0.089229,0.18057,0.42797,0.30276,0.58116,-0.00072276,-0.056358,0.045496,4.6048e-05,-0.0084618,0.0066612,-0.0083333,G-raw-2h
validation,z,fomc,other,G-raw-30m,1884150,366,0.079754,0.078675,0.080844,0.26622,0.26232,0.27005,-0.0047364,-0.0054906,-0.0039078,-0.0010115,-0.0011071,-0.00091457,0.0006974,G-raw-2h
validation,z,fomc,FOMC 15:00ET,G-raw-30m,1800,8,0.12969,0.086744,0.18277,0.42569,0.29049,0.59714,-0.0030001,-0.043991,0.030743,-0.00072844,-0.0059981,0.0037211,-0.0083333,G-raw-2h
validation,z,fomc,other,G-raw-2h,1884150,366,0.080765,0.07971,0.081824,0.27096,0.26737,0.27469,0,0,0,0,0,0,0.0006974,G-raw-2h
validation,z,fomc,FOMC 15:00ET,G-raw-2h,1800,8,0.13042,0.083961,0.18823,0.42869,0.27045,0.6354,0,0,0,0,0,0,-0.0083333,G-raw-2h
validation,z,fomc,other,G-raw-6h,1884150,366,0.082395,0.081446,0.083366,0.27943,0.27604,0.28276,0.0084722,0.0073655,0.0096026,0.0016296,0.001408,0.0018541,0.0006974,G-raw-2h
validation,z,fomc,FOMC 15:00ET,G-raw-6h,1800,8,0.13282,0.084077,0.19329,0.45462,0.27115,0.68963,0.025933,-0.0030082,0.058931,0.0023994,-0.00061368,0.0053575,-0.0083333,G-raw-2h
validation,z,fomc,other,G-raw-1d,1884150,366,0.084975,0.084056,0.085939,0.29085,0.28727,0.29468,0.019897,0.017296,0.022619,0.0042096,0.0035531,0.0048784,0.0006974,G-raw-2h
validation,z,fomc,FOMC 15:00ET,G-raw-1d,1800,8,0.13725,0.085905,0.20168,0.52239,0.29001,0.82447,0.093699,0.012081,0.20091,0.0068291,0.0010848,0.012995,-0.0083333,G-raw-2h
validation,z,fomc,other,G-seas-10m,1884150,366,0.079529,0.078445,0.080612,0.26753,0.26335,0.27183,-0.0034237,-0.0046731,-0.0021078,-0.0012362,-0.0013663,-0.0010913,0.0006974,G-raw-2h
validation,z,fomc,FOMC 15:00ET,G-seas-10m,1800,8,0.13017,0.088597,0.18081,0.42456,0.29826,0.57779,-0.0041256,-0.06031,0.041949,-0.00025368,-0.0085879,0.0063362,-0.0083333,G-raw-2h
validation,z,fomc,other,G-seas-30m,1884150,366,0.079621,0.078565,0.080678,0.26558,0.26162,0.26939,-0.0053713,-0.0062895,-0.0043597,-0.0011445,-0.001256,-0.0010267,0.0006974,G-raw-2h
validation,z,fomc,FOMC 15:00ET,G-seas-30m,1800,8,0.12986,0.086294,0.18416,0.42661,0.28931,0.60068,-0.0020755,-0.038838,0.030189,-0.00056739,-0.0055976,0.0036571,-0.0083333,G-raw-2h
validation,z,fomc,other,G-seas-2h,1884150,366,0.080203,0.079149,0.081257,0.26786,0.26404,0.27171,-0.0030931,-0.0039027,-0.0022167,-0.0005627,-0.00066235,-0.00044671,0.0006974,G-raw-2h
validation,z,fomc,FOMC 15:00ET,G-seas-2h,1800,8,0.1309,0.083913,0.19006,0.43251,0.27011,0.65204,0.0038176,-0.0052143,0.017466,0.00047316,-0.00036586,0.00162,-0.0083333,G-raw-2h
validation,z,fomc,other,G-seas-6h,1884150,366,0.080905,0.079895,0.081926,0.27169,0.26808,0.27563,0.00073842,-0.00046209,0.0021504,0.00013945,-1.8021e-05,0.00033617,0.0006974,G-raw-2h
validation,z,fomc,FOMC 15:00ET,G-seas-6h,1800,8,0.13098,0.084442,0.18949,0.43225,0.27013,0.6424,0.0035584,-0.0064307,0.017424,0.0005597,-0.00054922,0.0019738,-0.0083333,G-raw-2h
validation,z,fomc,other,G-seas-1d,1884150,366,0.081923,0.080925,0.082895,0.27705,0.27354,0.28095,0.0060925,0.0043901,0.0081292,0.0011578,0.00087594,0.0014658,0.0006974,G-raw-2h
validation,z,fomc,FOMC 15:00ET,G-seas-1d,1800,8,0.13383,0.086206,0.19459,0.46555,0.2847,0.70065,0.036857,0.00090379,0.08587,0.003403,0.00072551,0.006752,-0.0083333,G-raw-2h
validation,z,fomc,other,G-blend-raw,1884150,366,0.079811,0.078748,0.080846,0.26508,0.26146,0.26874,-0.0058715,-0.0066719,-0.0050235,-0.00095395,-0.0010538,-0.00084258,0.0006974,G-raw-2h
validation,z,fomc,FOMC 15:00ET,G-blend-raw,1800,8,0.12954,0.088105,0.18087,0.41664,0.2931,0.56964,-0.012054,-0.066965,0.025487,-0.00088468,-0.0081155,0.0044908,-0.0083333,G-raw-2h
validation,z,fomc,other,G-blend,1884150,366,0.079445,0.078392,0.080475,0.26344,0.25984,0.2671,-0.0075165,-0.0084731,-0.0065207,-0.0013206,-0.0014342,-0.0012013,0.0006974,G-raw-2h
validation,z,fomc,FOMC 15:00ET,G-blend,1800,8,0.12961,0.086513,0.18306,0.41693,0.28514,0.58686,-0.011762,-0.051761,0.01819,-0.0008154,-0.0059352,0.0032096,-0.0083333,G-raw-2h
validation,z,fomc,other,T-raw-2h,1884150,366,0.079721,0.078567,0.080844,0.26588,0.26212,0.26967,-0.0050782,-0.0054777,-0.0046971,-0.0010447,-0.0011496,-0.00093476,0.0006974,G-raw-2h
validation,z,fomc,FOMC 15:00ET,T-raw-2h,1800,8,0.13372,0.083783,0.19578,0.43933,0.27365,0.65279,0.010638,-0.0022075,0.023429,0.0032953,-0.00054038,0.0074884,-0.0083333,G-raw-2h
validation,z,fomc,other,T-blend,1884150,366,0.078827,0.07769,0.079932,0.25993,0.25621,0.26364,-0.011027,-0.011829,-0.010212,-0.0019384,-0.0020597,-0.0018091,0.0006974,G-raw-2h
validation,z,fomc,FOMC 15:00ET,T-blend,1800,8,0.13157,0.084667,0.18894,0.42464,0.28029,0.60688,-0.0040484,-0.033818,0.020314,0.0011502,-0.0011104,0.0038579,-0.0083333,G-raw-2h
validation,z,fomc,other,MIX-blend,1884150,366,0.078844,0.077714,0.079941,0.26012,0.25647,0.26376,-0.010833,-0.011665,-0.010014,-0.0019214,-0.0020401,-0.0017947,0.0006974,G-raw-2h
validation,z,fomc,FOMC 15:00ET,MIX-blend,1800,8,0.13124,0.084734,0.18828,0.42194,0.28055,0.60044,-0.0067531,-0.038703,0.018468,0.00081863,-0.0015607,0.0033973,-0.0083333,G-raw-2h
validation,z,fomc,other,EMP-blend,1884150,366,0.078828,0.0777,0.07994,0.25993,0.25623,0.26365,-0.011021,-0.011815,-0.010199,-0.0019372,-0.0020607,-0.0018084,-0.0012619,G-raw-2h
validation,z,fomc,FOMC 15:00ET,EMP-blend,1800,8,0.13168,0.084824,0.189,0.42559,0.28076,0.60776,-0.003099,-0.032297,0.020718,0.0012538,-0.00072394,0.0036384,-0.010649,G-raw-2h
validation,z,expost_big_move,normal,G-raw-10m,1843875,366,0.076359,0.075338,0.077382,0.25513,0.25132,0.2591,-0.0024722,-0.0035267,-0.0013952,-0.0010382,-0.001164,-0.00090623,0.00048783,G-raw-2h
validation,z,expost_big_move,big move (ex post),G-raw-10m,42075,151,0.2234,0.21324,0.23294,0.83038,0.78476,0.87373,-0.032604,-0.058003,-0.004193,-0.0070952,-0.0091451,-0.0050932,0.0094949,G-raw-2h
validation,z,expost_big_move,normal,G-raw-30m,1843875,366,0.076476,0.075473,0.077471,0.25367,0.25016,0.25729,-0.0039288,-0.004653,-0.0031873,-0.00092147,-0.0010231,-0.00082284,0.00048783,G-raw-2h
validation,z,expost_big_move,big move (ex post),G-raw-30m,42075,151,0.22555,0.215,0.23566,0.82293,0.77941,0.86459,-0.040053,-0.05739,-0.021386,-0.0049441,-0.0063107,-0.0035755,0.0094949,G-raw-2h
validation,z,expost_big_move,normal,G-raw-2h,1843875,366,0.077397,0.076423,0.078356,0.2576,0.25435,0.26068,0,0,0,0,0,0,0.00048783,G-raw-2h
validation,z,expost_big_move,big move (ex post),G-raw-2h,42075,151,0.2305,0.2193,0.24121,0.86298,0.81503,0.90678,0,0,0,0,0,0,0.0094949,G-raw-2h
validation,z,expost_big_move,normal,G-raw-6h,1843875,366,0.079066,0.078159,0.079958,0.26608,0.26294,0.26901,0.0084789,0.007317,0.0096556,0.0016692,0.0014389,0.0019006,0.00048783,G-raw-2h
validation,z,expost_big_move,big move (ex post),G-raw-6h,42075,151,0.23042,0.21961,0.241,0.87191,0.82299,0.9203,0.0089256,-0.0081397,0.027294,-7.5226e-05,-0.0011341,0.0010444,0.0094949,G-raw-2h
validation,z,expost_big_move,normal,G-raw-1d,1843875,366,0.0818,0.080844,0.082764,0.27833,0.27479,0.2819,0.020732,0.017837,0.02361,0.0044024,0.0037302,0.005096,0.00048783,G-raw-2h
validation,z,expost_big_move,big move (ex post),G-raw-1d,42075,151,0.22637,0.21617,0.23678,0.84941,0.79742,0.90662,-0.013574,-0.04846,0.023785,-0.0041279,-0.0066383,-0.0016247,0.0094949,G-raw-2h
validation,z,expost_big_move,normal,G-seas-10m,1843875,366,0.076319,0.075306,0.077337,0.25508,0.25131,0.25912,-0.0025159,-0.0036729,-0.0013699,-0.0010776,-0.0012042,-0.00093482,0.00048783,G-raw-2h
validation,z,expost_big_move,big move (ex post),G-seas-10m,42075,151,0.22235,0.2124,0.23207,0.81975,0.77342,0.86576,-0.043237,-0.070271,-0.013923,-0.0081428,-0.010238,-0.006,0.0094949,G-raw-2h
validation,z,expost_big_move,normal,G-seas-30m,1843875,366,0.076383,0.075385,0.077375,0.25341,0.24985,0.25699,-0.0041911,-0.005058,-0.003285,-0.0010136,-0.0011259,-0.00089465,0.00048783,G-raw-2h
validation,z,expost_big_move,big move (ex post),G-seas-30m,42075,151,0.22364,0.21319,0.23382,0.80603,0.76141,0.84942,-0.05695,-0.077731,-0.033564,-0.0068571,-0.0084369,-0.0052019,0.0094949,G-raw-2h
validation,z,expost_big_move,normal,G-seas-2h,1843875,366,0.076921,0.075936,0.077866,0.25532,0.25207,0.25853,-0.0022753,-0.0029375,-0.0015378,-0.0004763,-0.00057084,-0.00036506,0.00048783,G-raw-2h
validation,z,expost_big_move,big move (ex post),G-seas-2h,42075,151,0.22619,0.21497,0.23723,0.82435,0.77499,0.87504,-0.038636,-0.058674,-0.019619,-0.0043051,-0.0056942,-0.0029709,0.0094949,G-raw-2h
validation,z,expost_big_move,normal,G-seas-6h,1843875,366,0.077662,0.07672,0.078568,0.2591,0.25591,0.26219,0.0015007,0.00054912,0.0026496,0.00026457,0.00011714,0.00045572,0.00048783,G-raw-2h
validation,z,expost_big_move,big move (ex post),G-seas-6h,42075,151,0.22517,0.21404,0.23617,0.83044,0.77345,0.89214,-0.032546,-0.062288,0.0001894,-0.0053258,-0.0072921,-0.0034058,0.0094949,G-raw-2h
validation,z,expost_big_move,normal,G-seas-1d,1843875,366,0.078772,0.077847,0.079654,0.2648,0.26174,0.26803,0.0071994,0.0056308,0.0088798,0.0013747,0.0010836,0.001703,0.00048783,G-raw-2h
validation,z,expost_big_move,big move (ex post),G-seas-1d,42075,151,0.22224,0.21133,0.2331,0.82188,0.76112,0.89067,-0.041098,-0.078362,0.0043582,-0.0082518,-0.010984,-0.0055913,0.0094949,G-raw-2h
validation,z,expost_big_move,normal,G-blend-raw,1843875,366,0.076662,0.075674,0.077615,0.25428,0.25098,0.25757,-0.0033186,-0.0040118,-0.0026677,-0.00073475,-0.00083015,-0.00063938,0.00048783,G-raw-2h
validation,z,expost_big_move,big move (ex post),G-blend-raw,42075,151,0.21994,0.20976,0.22979,0.74497,0.70764,0.77879,-0.11801,-0.13524,-0.10139,-0.010557,-0.012268,-0.0089425,0.0094949,G-raw-2h
validation,z,expost_big_move,normal,G-blend,1843875,366,0.076305,0.075325,0.077254,0.25264,0.24932,0.25597,-0.004958,-0.0058076,-0.0041127,-0.0010925,-0.001206,-0.00097332,0.00048783,G-raw-2h
validation,z,expost_big_move,big move (ex post),G-blend,42075,151,0.2192,0.20892,0.22923,0.74316,0.7032,0.78222,-0.11982,-0.13844,-0.1017,-0.011298,-0.012999,-0.0096568,0.0094949,G-raw-2h
validation,z,expost_big_move,normal,T-raw-2h,1843875,366,0.076205,0.075138,0.077262,0.25327,0.24973,0.25659,-0.0043327,-0.0047085,-0.003951,-0.0011923,-0.0012986,-0.0010851,0.00048783,G-raw-2h
validation,z,expost_big_move,big move (ex post),T-raw-2h,42075,151,0.2361,0.22466,0.24726,0.82591,0.78079,0.86875,-0.037074,-0.040696,-0.033207,0.0056078,0.0050494,0.0062055,0.0094949,G-raw-2h
validation,z,expost_big_move,normal,T-blend,1843875,366,0.075539,0.074484,0.076572,0.24894,0.24562,0.25236,-0.0086607,-0.0093623,-0.0079756,-0.0018584,-0.0019839,-0.0017276,0.00048783,G-raw-2h
validation,z,expost_big_move,big move (ex post),T-blend,42075,151,0.22518,0.21447,0.23555,0.74855,0.71106,0.78589,-0.11443,-0.12844,-0.10032,-0.0053122,-0.0066403,-0.0040388,0.0094949,G-raw-2h
validation,z,expost_big_move,normal,MIX-blend,1843875,366,0.075578,0.07453,0.076606,0.24936,0.24609,0.25269,-0.0082358,-0.0089524,-0.0075611,-0.0018188,-0.0019393,-0.001693,0.00048783,G-raw-2h
validation,z,expost_big_move,big move (ex post),MIX-blend,42075,151,0.2242,0.21356,0.23447,0.73851,0.70211,0.77509,-0.12447,-0.1388,-0.10977,-0.0062984,-0.0076553,-0.0049997,0.0094949,G-raw-2h
validation,z,expost_big_move,normal,EMP-blend,1843875,366,0.075542,0.074497,0.076577,0.24892,0.24557,0.25234,-0.008678,-0.0093755,-0.0079866,-0.0018554,-0.0019792,-0.0017279,-0.0014562,G-raw-2h
validation,z,expost_big_move,big move (ex post),EMP-blend,42075,151,0.22511,0.21435,0.23557,0.7496,0.71211,0.78722,-0.11338,-0.12693,-0.099261,-0.0053853,-0.0068306,-0.0040605,0.0068522,G-raw-2h
validation,dollar,all,all,G-raw-10m,424985,366,0.063794,0.062692,0.064912,0.22044,0.21588,0.22544,-0.0011713,-0.0026479,0.00038624,-0.00076503,-0.00091704,-0.00062401,-4.1074e-05,G-raw-2h
validation,dollar,all,all,G-raw-30m,424985,366,0.063888,0.062802,0.064973,0.21868,0.21447,0.22319,-0.0029311,-0.00394,-0.0018372,-0.00067023,-0.00077787,-0.00056614,-4.2254e-05,G-raw-2h
validation,dollar,all,all,G-raw-2h,424985,366,0.064559,0.063493,0.065619,0.22161,0.21744,0.22584,0,0,0,0,0,0,-4.3547e-05,G-raw-2h
validation,dollar,all,all,G-raw-6h,424985,366,0.065345,0.064325,0.066339,0.22644,0.22243,0.23065,0.004828,0.003902,0.0057612,0.0007863,0.0006456,0.00092664,-4.9243e-05,G-raw-2h
validation,dollar,all,all,G-raw-1d,424985,366,0.066307,0.065336,0.067286,0.23273,0.22828,0.23721,0.011114,0.0092368,0.013264,0.0017486,0.0014395,0.0020876,-6.934e-05,G-raw-2h
validation,dollar,all,all,G-seas-10m,424985,366,0.06371,0.062607,0.064819,0.21977,0.21522,0.22478,-0.0018437,-0.0035047,7.3827e-05,-0.00084815,-0.0009952,-0.00069655,-3.7737e-05,G-raw-2h
validation,dollar,all,all,G-seas-30m,424985,366,0.063711,0.062639,0.064793,0.21757,0.2134,0.22216,-0.004042,-0.0053838,-0.0025237,-0.00084802,-0.00096839,-0.00072317,-3.7808e-05,G-raw-2h
validation,dollar,all,all,G-seas-2h,424985,366,0.064034,0.062969,0.065116,0.21827,0.21415,0.22262,-0.0033411,-0.0045426,-0.002165,-0.00052459,-0.00064577,-0.00041055,-4.0295e-05,G-raw-2h
validation,dollar,all,all,G-seas-6h,424985,366,0.064376,0.063351,0.065449,0.22034,0.21629,0.22478,-0.0012725,-0.0028447,0.00031291,-0.00018293,-0.00033959,-8.1452e-06,-4.0622e-05,G-raw-2h
validation,dollar,all,all,G-seas-1d,424985,366,0.064855,0.063801,0.065917,0.22384,0.21944,0.22872,0.0022262,0.00013931,0.0045765,0.00029618,8.2777e-05,0.00054405,-3.7709e-05,G-raw-2h
validation,dollar,all,all,G-blend-raw,424985,366,0.064232,0.063195,0.065265,0.21749,0.21371,0.22158,-0.0041207,-0.0050957,-0.0031439,-0.00032634,-0.00043379,-0.00022637,-4.5634e-05,G-raw-2h
validation,dollar,all,all,G-blend,424985,366,0.063678,0.062633,0.06475,0.21503,0.21128,0.21927,-0.0065809,-0.0079513,-0.0051853,-0.0008803,-0.0010111,-0.00074418,-3.9043e-05,G-raw-2h
validation,dollar,all,all,T-raw-2h,424985,366,0.06385,0.062684,0.064998,0.21599,0.21209,0.21993,-0.0056196,-0.0064102,-0.0049302,-0.00070904,-0.00081525,-0.00060751,-1.8417e-05,G-raw-2h
validation,dollar,all,all,T-blend,424985,366,0.063113,0.061973,0.064267,0.21075,0.20717,0.21457,-0.010858,-0.012054,-0.0096164,-0.0014452,-0.0015943,-0.0012975,-1.8638e-05,G-raw-2h
validation,dollar,all,all,MIX-blend,424985,366,0.063133,0.062001,0.064277,0.21098,0.20743,0.21474,-0.010631,-0.011854,-0.0094014,-0.0014252,-0.0015745,-0.0012792,-1.749e-05,G-raw-2h
validation,dollar,all,all,EMP-blend,424985,366,0.063114,0.06199,0.064262,0.21078,0.20715,0.21461,-0.010836,-0.012018,-0.0096341,-0.0014448,-0.0015896,-0.0013006,-0.0016518,G-raw-2h
validation,dollar,tau,60m,G-raw-10m,91163,366,0.066818,0.065427,0.068313,0.23772,0.23118,0.24455,0.0044592,0.0017356,0.0073032,-0.00049736,-0.00071463,-0.00026409,0.0015904,G-raw-2h
validation,dollar,tau,45m,G-raw-10m,79068,366,0.066216,0.06475,0.067721,0.23038,0.22401,0.23729,0.0010236,-0.0014637,0.003866,-0.00053799,-0.000763,-0.00031799,0.0010221,G-raw-2h
validation,dollar,tau,30m,G-raw-10m,64177,366,0.065525,0.064197,0.066888,0.22784,0.22134,0.23455,-0.00056515,-0.0031576,0.0020706,-0.00072297,-0.00095653,-0.00050151,-0.0014481,G-raw-2h
validation,dollar,tau,20m,G-raw-10m,52304,366,0.06186,0.060562,0.06319,0.2114,0.20557,0.21725,-0.0038284,-0.0062673,-0.001439,-0.00090247,-0.0011422,-0.00067427,0.00040247,G-raw-2h
validation,dollar,tau,15m,G-raw-10m,45086,366,0.062068,0.060747,0.063368,0.2101,0.20485,0.21557,-0.0042846,-0.0064889,-0.0020894,-0.00086166,-0.0011127,-0.00061718,-0.00070444,G-raw-2h
validation,dollar,tau,10m,G-raw-10m,36368,366,0.061524,0.06013,0.062974,0.2086,0.20265,0.21458,-0.0041992,-0.0063497,-0.0021833,-0.00088617,-0.00114,-0.0006313,-0.00026068,G-raw-2h
validation,dollar,tau,5m,G-raw-10m,24821,366,0.058932,0.057013,0.060765,0.19755,0.191,0.20386,-0.0064269,-0.0083245,-0.0044536,-0.001179,-0.0014961,-0.00089677,-0.0019444,G-raw-2h
validation,dollar,tau,3m,G-raw-10m,18239,366,0.057847,0.055748,0.059876,0.19271,0.18528,0.19932,-0.0072479,-0.0098353,-0.0047818,-0.0014594,-0.0019048,-0.0010518,-0.0019564,G-raw-2h
validation,dollar,tau,2m,G-raw-10m,13759,366,0.057414,0.054999,0.059616,0.19194,0.18399,0.19968,-0.0080756,-0.011609,-0.0048008,-0.0012128,-0.0016475,-0.00077582,-0.0033566,G-raw-2h
validation,dollar,tau,60m,G-raw-30m,91163,366,0.066799,0.065438,0.068228,0.2328,0.22703,0.2389,-0.00045624,-0.0020669,0.0012643,-0.00051654,-0.00065691,-0.00038071,0.0015888,G-raw-2h
validation,dollar,tau,45m,G-raw-30m,79068,366,0.066175,0.064735,0.067659,0.22729,0.22152,0.23333,-0.0020608,-0.0036259,-0.00029165,-0.00057871,-0.00072715,-0.00042696,0.0010198,G-raw-2h
validation,dollar,tau,30m,G-raw-30m,64177,366,0.065553,0.064235,0.066899,0.22535,0.21948,0.23142,-0.0030593,-0.004603,-0.0014604,-0.00069432,-0.00085053,-0.00054662,-0.0014608,G-raw-2h
validation,dollar,tau,20m,G-raw-30m,52304,366,0.061998,0.060713,0.06336,0.21134,0.20604,0.21663,-0.0038896,-0.0055488,-0.0022844,-0.00076456,-0.00093222,-0.00060991,0.0004115,G-raw-2h
validation,dollar,tau,15m,G-raw-30m,45086,366,0.062208,0.060881,0.06348,0.21012,0.20517,0.21531,-0.0042651,-0.0058087,-0.0027557,-0.00072135,-0.00088725,-0.00056844,-0.00071974,G-raw-2h
validation,dollar,tau,10m,G-raw-30m,36368,366,0.061719,0.060291,0.063141,0.20882,0.20331,0.21425,-0.0039848,-0.0055038,-0.0025441,-0.00069059,-0.00086351,-0.0005193,-0.00028237,G-raw-2h
validation,dollar,tau,5m,G-raw-30m,24821,366,0.059331,0.057445,0.061156,0.19936,0.19293,0.20544,-0.0046149,-0.0058676,-0.0034748,-0.00078077,-0.00097593,-0.00059558,-0.0019507,G-raw-2h
validation,dollar,tau,3m,G-raw-30m,18239,366,0.058271,0.056188,0.060263,0.19415,0.18699,0.20075,-0.0058087,-0.0074997,-0.0044115,-0.0010364,-0.0013272,-0.00079362,-0.0019554,G-raw-2h
validation,dollar,tau,2m,G-raw-30m,13759,366,0.057789,0.055362,0.06001,0.19394,0.18645,0.2012,-0.0060796,-0.0083102,-0.0040675,-0.0008374,-0.0011232,-0.00058152,-0.0032273,G-raw-2h
validation,dollar,tau,60m,G-raw-2h,91163,366,0.067315,0.066004,0.068714,0.23326,0.22775,0.23907,0,0,0,0,0,0,0.0015893,G-raw-2h
validation,dollar,tau,45m,G-raw-2h,79068,366,0.066754,0.065317,0.068191,0.22935,0.22345,0.23497,0,0,0,0,0,0,0.0010155,G-raw-2h
validation,dollar,tau,30m,G-raw-2h,64177,366,0.066248,0.064962,0.067568,0.22841,0.22305,0.23411,0,0,0,0,0,0,-0.0014715,G-raw-2h
validation,dollar,tau,20m,G-raw-2h,52304,366,0.062762,0.061447,0.06411,0.21523,0.20972,0.22026,0,0,0,0,0,0,0.00038991,G-raw-2h
validation,dollar,tau,15m,G-raw-2h,45086,366,0.062929,0.061582,0.064211,0.21438,0.2093,0.21966,0,0,0,0,0,0,-0.00076801,G-raw-2h
validation,dollar,tau,10m,G-raw-2h,36368,366,0.06241,0.060984,0.063869,0.2128,0.20733,0.21794,0,0,0,0,0,0,-0.0002959,G-raw-2h
validation,dollar,tau,5m,G-raw-2h,24821,366,0.060111,0.058277,0.061972,0.20398,0.19754,0.21029,0,0,0,0,0,0,-0.0018259,G-raw-2h
validation,dollar,tau,3m,G-raw-2h,18239,366,0.059307,0.057214,0.061321,0.19996,0.19276,0.20676,0,0,0,0,0,0,-0.0019141,G-raw-2h
validation,dollar,tau,2m,G-raw-2h,13759,366,0.058627,0.05617,0.060831,0.20002,0.19186,0.2079,0,0,0,0,0,0,-0.0031996,G-raw-2h
validation,dollar,tau,60m,G-raw-6h,91163,366,0.06795,0.066657,0.069322,0.23678,0.23138,0.24271,0.0035271,0.0023243,0.0048005,0.00063487,0.00049548,0.00080129,0.0015984,G-raw-2h
validation,dollar,tau,45m,G-raw-6h,79068,366,0.067498,0.066103,0.068895,0.23385,0.22795,0.2398,0.0045011,0.0033189,0.005732,0.00074399,0.00059595,0.00089208,0.0010228,G-raw-2h
validation,dollar,tau,30m,G-raw-6h,64177,366,0.06701,0.065744,0.068278,0.23315,0.2273,0.23916,0.0047424,0.0033273,0.0060118,0.00076212,0.00062942,0.00090729,-0.0014583,G-raw-2h
validation,dollar,tau,20m,G-raw-6h,52304,366,0.06359,0.062253,0.064916,0.22001,0.21479,0.22515,0.0047843,0.0035828,0.0059591,0.00082707,0.00065298,0.0010042,0.00038953,G-raw-2h
validation,dollar,tau,15m,G-raw-6h,45086,366,0.063791,0.062527,0.065045,0.22024,0.21505,0.22581,0.005859,0.004557,0.0070846,0.00086202,0.0006899,0.0010399,-0.00078743,G-raw-2h
validation,dollar,tau,10m,G-raw-6h,36368,366,0.063294,0.061858,0.064714,0.21865,0.21289,0.22448,0.0058442,0.0044512,0.0072857,0.00088378,0.00069825,0.0010711,-0.00035144,G-raw-2h
validation,dollar,tau,5m,G-raw-6h,24821,366,0.060949,0.059113,0.062706,0.20919,0.2025,0.21582,0.0052149,0.0037076,0.0067857,0.00083731,0.00063146,0.0010485,-0.0017734,G-raw-2h
validation,dollar,tau,3m,G-raw-6h,18239,366,0.060389,0.058315,0.062384,0.20659,0.19909,0.21389,0.0066267,0.0050888,0.0082389,0.0010818,0.00084884,0.0013117,-0.0019332,G-raw-2h
validation,dollar,tau,2m,G-raw-6h,13759,366,0.059628,0.057159,0.061865,0.20676,0.1979,0.21476,0.0067436,0.0049543,0.0087594,0.0010011,0.00074124,0.0012615,-0.0033967,G-raw-2h
validation,dollar,tau,60m,G-raw-1d,91163,366,0.068798,0.067454,0.070162,0.24198,0.23599,0.24862,0.0087178,0.0061072,0.011498,0.0014822,0.0011583,0.0018485,0.0015888,G-raw-2h
validation,dollar,tau,45m,G-raw-1d,79068,366,0.068406,0.067016,0.069758,0.23994,0.23314,0.24655,0.010588,0.0080546,0.013388,0.0016519,0.001332,0.0020131,0.0010205,G-raw-2h
validation,dollar,tau,30m,G-raw-1d,64177,366,0.067926,0.066657,0.069187,0.23939,0.23276,0.24624,0.010989,0.0081898,0.014098,0.0016784,0.0013599,0.0020227,-0.0014379,G-raw-2h
validation,dollar,tau,20m,G-raw-1d,52304,366,0.06455,0.06323,0.065815,0.22614,0.22042,0.23166,0.010911,0.0086,0.013325,0.0017874,0.0014278,0.0021559,0.00042298,G-raw-2h
validation,dollar,tau,15m,G-raw-1d,45086,366,0.064846,0.06358,0.066146,0.22691,0.22124,0.23322,0.012527,0.01004,0.015059,0.0019162,0.0015558,0.0022763,-0.0007622,G-raw-2h
validation,dollar,tau,10m,G-raw-1d,36368,366,0.064348,0.062925,0.065723,0.22591,0.21977,0.23244,0.013111,0.010278,0.016057,0.001938,0.0015792,0.0023169,-0.00036087,G-raw-2h
validation,dollar,tau,5m,G-raw-1d,24821,366,0.061992,0.060101,0.063824,0.21646,0.20911,0.22439,0.012477,0.0093915,0.015606,0.0018802,0.0014814,0.0022875,-0.0018926,G-raw-2h
validation,dollar,tau,3m,G-raw-1d,18239,366,0.061574,0.059508,0.063669,0.21484,0.20701,0.22377,0.01488,0.011497,0.018635,0.0022676,0.0017884,0.0027723,-0.0022165,G-raw-2h
validation,dollar,tau,2m,G-raw-1d,13759,366,0.0609,0.058372,0.063182,0.21403,0.20449,0.22244,0.014011,0.010611,0.017477,0.0022735,0.0017161,0.0028333,-0.0036304,G-raw-2h
validation,dollar,tau,60m,G-seas-10m,91163,366,0.066735,0.06535,0.068195,0.23699,0.23028,0.24372,0.0037307,0.00066527,0.0068827,-0.00057998,-0.00080499,-0.00033244,0.0015922,G-raw-2h
validation,dollar,tau,45m,G-seas-10m,79068,366,0.066086,0.064628,0.067562,0.22919,0.22281,0.23617,-0.00015905,-0.0029893,0.0030004,-0.00066854,-0.00089209,-0.00041906,0.0010243,G-raw-2h
validation,dollar,tau,30m,G-seas-10m,64177,366,0.065286,0.063956,0.066619,0.22566,0.21927,0.23271,-0.0027474,-0.00571,0.00048332,-0.00096186,-0.0012075,-0.0007108,-0.0014402,G-raw-2h
validation,dollar,tau,20m,G-seas-10m,52304,366,0.061837,0.06056,0.063175,0.21142,0.20547,0.21746,-0.003809,-0.0063755,-0.0012153,-0.00092542,-0.0011779,-0.00067069,0.00040043,G-raw-2h
validation,dollar,tau,15m,G-seas-10m,45086,366,0.062067,0.060748,0.063374,0.21028,0.20494,0.2159,-0.0041032,-0.0064182,-0.001774,-0.0008619,-0.0011134,-0.00061115,-0.00070404,G-raw-2h
validation,dollar,tau,10m,G-seas-10m,36368,366,0.061519,0.060124,0.062966,0.20869,0.20278,0.21464,-0.0041112,-0.0063013,-0.0019972,-0.00089113,-0.0011554,-0.00063026,-0.00026031,G-raw-2h
validation,dollar,tau,5m,G-seas-10m,24821,366,0.058919,0.056992,0.060756,0.19756,0.19099,0.20385,-0.0064221,-0.0083862,-0.0044165,-0.0011924,-0.0015051,-0.00090039,-0.0019351,G-raw-2h
validation,dollar,tau,3m,G-seas-10m,18239,366,0.057818,0.055719,0.059841,0.19273,0.18524,0.19942,-0.0072323,-0.009902,-0.0046688,-0.0014886,-0.0019398,-0.0010786,-0.0019424,G-raw-2h
validation,dollar,tau,2m,G-seas-10m,13759,366,0.057422,0.054997,0.059635,0.19204,0.18419,0.19981,-0.0079724,-0.011561,-0.0046435,-0.0012044,-0.0016327,-0.00076762,-0.003345,G-raw-2h
validation,dollar,tau,60m,G-seas-30m,91163,366,0.066575,0.065207,0.068017,0.23124,0.22527,0.23709,-0.0020146,-0.0042851,0.00019856,-0.0007408,-0.00091781,-0.00056052,0.0015902,G-raw-2h
validation,dollar,tau,45m,G-seas-30m,79068,366,0.065961,0.064513,0.067414,0.22575,0.21996,0.23196,-0.0036059,-0.0056578,-0.0013014,-0.00079344,-0.00096059,-0.00061753,0.0010249,G-raw-2h
validation,dollar,tau,30m,G-seas-30m,64177,366,0.065223,0.063947,0.066568,0.22282,0.21715,0.22937,-0.0055825,-0.0079387,-0.0031393,-0.0010252,-0.001218,-0.00082933,-0.0014571,G-raw-2h
validation,dollar,tau,20m,G-seas-30m,52304,366,0.06187,0.060582,0.063188,0.21075,0.20557,0.21621,-0.0044734,-0.0064622,-0.0024495,-0.00089227,-0.0010781,-0.00069529,0.00040365,G-raw-2h
validation,dollar,tau,15m,G-seas-30m,45086,366,0.062138,0.060809,0.063418,0.21016,0.20502,0.2157,-0.0042248,-0.0059535,-0.0023937,-0.00079102,-0.00097111,-0.00061157,-0.00072123,G-raw-2h
validation,dollar,tau,10m,G-seas-30m,36368,366,0.061647,0.060252,0.063092,0.20851,0.20295,0.21392,-0.0042926,-0.0058692,-0.0025887,-0.00076259,-0.00095884,-0.00056505,-0.00028491,G-raw-2h
validation,dollar,tau,5m,G-seas-30m,24821,366,0.059257,0.057359,0.061103,0.19907,0.19261,0.20516,-0.0049052,-0.006316,-0.0035368,-0.00085408,-0.0010767,-0.00064961,-0.0019273,G-raw-2h
validation,dollar,tau,3m,G-seas-30m,18239,366,0.058136,0.056005,0.060145,0.19403,0.1868,0.20063,-0.0059356,-0.0077678,-0.0042748,-0.0011711,-0.0014988,-0.00089122,-0.0019177,G-raw-2h
validation,dollar,tau,2m,G-seas-30m,13759,366,0.057775,0.055384,0.060027,0.19419,0.18658,0.20179,-0.0058289,-0.0082141,-0.0036328,-0.00085116,-0.001157,-0.00056902,-0.003196,G-raw-2h
validation,dollar,tau,60m,G-seas-2h,91163,366,0.066699,0.065386,0.068118,0.22871,0.22334,0.23438,-0.0045494,-0.0063749,-0.0027463,-0.00061593,-0.00076733,-0.00045816,0.0015911,G-raw-2h
validation,dollar,tau,45m,G-seas-2h,79068,366,0.066165,0.064763,0.067585,0.22501,0.21929,0.23058,-0.004344,-0.0059247,-0.002764,-0.00058934,-0.00072911,-0.00043901,0.0010201,G-raw-2h
validation,dollar,tau,30m,G-seas-2h,64177,366,0.065556,0.064294,0.066903,0.22321,0.21782,0.22931,-0.0051961,-0.0070212,-0.0035103,-0.00069158,-0.00083853,-0.00052935,-0.0014762,G-raw-2h
validation,dollar,tau,20m,G-seas-2h,52304,366,0.062269,0.060995,0.063576,0.21238,0.20723,0.21766,-0.0028491,-0.0044372,-0.001434,-0.00049307,-0.00064397,-0.0003216,0.00037149,G-raw-2h
validation,dollar,tau,15m,G-seas-2h,45086,366,0.062591,0.061273,0.063879,0.21293,0.20745,0.21842,-0.0014574,-0.0027287,-0.00019749,-0.00033842,-0.00046781,-0.00019007,-0.00076518,G-raw-2h
validation,dollar,tau,10m,G-seas-2h,36368,366,0.062041,0.060616,0.063473,0.21115,0.20553,0.21665,-0.0016496,-0.0027723,-0.00044589,-0.00036935,-0.0005167,-0.00021853,-0.00028065,G-raw-2h
validation,dollar,tau,5m,G-seas-2h,24821,366,0.059762,0.057852,0.061638,0.2028,0.19635,0.20921,-0.0011796,-0.002238,2.2879e-06,-0.00034923,-0.00050638,-0.00018893,-0.0018472,G-raw-2h
validation,dollar,tau,3m,G-seas-2h,18239,366,0.058792,0.05672,0.06081,0.19878,0.19129,0.20589,-0.0011812,-0.0024493,8.8557e-05,-0.00051516,-0.00071813,-0.00033463,-0.0018644,G-raw-2h
validation,dollar,tau,2m,G-seas-2h,13759,366,0.058389,0.055923,0.06064,0.19982,0.19154,0.20825,-0.00019709,-0.0016667,0.0012704,-0.00023755,-0.00043646,-3.9333e-05,-0.003122,G-raw-2h
validation,dollar,tau,60m,G-seas-6h,91163,366,0.066872,0.065571,0.068286,0.22897,0.22355,0.2349,-0.00429,-0.006525,-0.0019833,-0.00044315,-0.0006354,-0.00023833,0.0015958,G-raw-2h
validation,dollar,tau,45m,G-seas-6h,79068,366,0.066406,0.065006,0.067788,0.2261,0.22021,0.23165,-0.0032512,-0.0052823,-0.0011222,-0.00034794,-0.00054231,-0.00012423,0.0010237,G-raw-2h
validation,dollar,tau,30m,G-seas-6h,64177,366,0.065885,0.064658,0.067234,0.22532,0.21976,0.23146,-0.0030894,-0.005312,-0.00089409,-0.00036317,-0.00055438,-0.00015776,-0.0014717,G-raw-2h
validation,dollar,tau,20m,G-seas-6h,52304,366,0.062663,0.061385,0.063928,0.21464,0.20924,0.22032,-0.00058598,-0.0026125,0.001458,-9.9925e-05,-0.00028855,0.00010253,0.00035384,G-raw-2h
validation,dollar,tau,15m,G-seas-6h,45086,366,0.063048,0.061779,0.064329,0.21609,0.21079,0.2219,0.0017021,-0.00013623,0.0037656,0.00011851,-6.1676e-05,0.0003279,-0.00080584,G-raw-2h
validation,dollar,tau,10m,G-seas-6h,36368,366,0.062503,0.06106,0.063922,0.21504,0.20906,0.22094,0.0022351,0.00032041,0.0041449,9.2563e-05,-0.00011738,0.00030587,-0.00031727,G-raw-2h
validation,dollar,tau,5m,G-seas-6h,24821,366,0.060248,0.058405,0.062072,0.20646,0.19989,0.21329,0.002477,0.00068094,0.0044726,0.00013679,-0.00011371,0.0003854,-0.0018086,G-raw-2h
validation,dollar,tau,3m,G-seas-6h,18239,366,0.059408,0.057333,0.061457,0.20306,0.19566,0.2105,0.0030997,0.0010573,0.0053666,0.00010148,-0.00017593,0.00035794,-0.0017953,G-raw-2h
validation,dollar,tau,2m,G-seas-6h,13759,366,0.058971,0.056469,0.061262,0.20439,0.19553,0.21274,0.004379,0.0019455,0.0066563,0.00034488,5.7578e-05,0.00061472,-0.0030698,G-raw-2h
validation,dollar,tau,60m,G-seas-1d,91163,366,0.067233,0.065952,0.068621,0.23109,0.22546,0.23788,-0.0021678,-0.0053855,0.0012396,-8.2294e-05,-0.00034116,0.00020511,0.0015958,G-raw-2h
validation,dollar,tau,45m,G-seas-1d,79068,366,0.066784,0.065354,0.068162,0.22923,0.22306,0.23539,-0.00012193,-0.0030228,0.002835,2.9501e-05,-0.00024528,0.00033705,0.0010283,G-raw-2h
validation,dollar,tau,30m,G-seas-1d,64177,366,0.066333,0.06509,0.067663,0.22868,0.22293,0.2354,0.00027616,-0.0025966,0.0034039,8.4879e-05,-0.0001848,0.00036149,-0.0014537,G-raw-2h
validation,dollar,tau,20m,G-seas-1d,52304,366,0.063191,0.061882,0.06451,0.21824,0.21233,0.22413,0.0030155,0.00039792,0.0057688,0.00042887,0.0001542,0.00072753,0.00036884,G-raw-2h
validation,dollar,tau,15m,G-seas-1d,45086,366,0.063613,0.062318,0.064966,0.22007,0.21447,0.22613,0.0056893,0.0032481,0.0085467,0.00068383,0.00042624,0.00097369,-0.00080466,G-raw-2h
validation,dollar,tau,10m,G-seas-1d,36368,366,0.063087,0.06165,0.064466,0.22016,0.21372,0.22704,0.0073546,0.0045735,0.010425,0.00067681,0.00041448,0.00096085,-0.00033548,G-raw-2h
validation,dollar,tau,5m,G-seas-1d,24821,366,0.060858,0.059001,0.062679,0.21096,0.20409,0.21844,0.0069838,0.0043093,0.010149,0.00074642,0.00040644,0.0010935,-0.0018479,G-raw-2h
validation,dollar,tau,3m,G-seas-1d,18239,366,0.060076,0.057956,0.062103,0.20846,0.20071,0.21693,0.0084947,0.0054341,0.01192,0.0007687,0.00035567,0.0011898,-0.0018191,G-raw-2h
validation,dollar,tau,2m,G-seas-1d,13759,366,0.059729,0.057248,0.062006,0.20915,0.19951,0.21778,0.0091317,0.005515,0.012441,0.0011027,0.00062905,0.001548,-0.003,G-raw-2h
validation,dollar,tau,60m,G-blend-raw,91163,366,0.067804,0.066541,0.069127,0.23146,0.22662,0.23625,-0.0018021,-0.0035661,-0.00026343,0.00048832,0.00028964,0.00067116,0.0015913,G-raw-2h
validation,dollar,tau,45m,G-blend-raw,79068,366,0.066932,0.065586,0.068303,0.22686,0.22194,0.23205,-0.002497,-0.0040297,-0.00094475,0.00017845,7.4518e-06,0.00034689,0.001018,G-raw-2h
validation,dollar,tau,30m,G-blend-raw,64177,366,0.065988,0.064719,0.067264,0.22428,0.21922,0.22986,-0.0041236,-0.005738,-0.0025291,-0.00025954,-0.00043126,-9.5547e-05,-0.001463,G-raw-2h
validation,dollar,tau,20m,G-blend-raw,52304,366,0.062137,0.060896,0.063445,0.21061,0.20563,0.21576,-0.0046199,-0.0064215,-0.0029617,-0.00062584,-0.00080453,-0.0004504,0.00038676,G-raw-2h
validation,dollar,tau,15m,G-blend-raw,45086,366,0.062308,0.061026,0.063549,0.20939,0.20473,0.21425,-0.0049972,-0.0066307,-0.0034247,-0.00062152,-0.00081291,-0.00043406,-0.00074192,G-raw-2h
validation,dollar,tau,10m,G-blend-raw,36368,366,0.061548,0.060168,0.062965,0.20726,0.20191,0.21266,-0.0055478,-0.0071179,-0.0040278,-0.00086243,-0.0010611,-0.0006735,-0.00027427,G-raw-2h
validation,dollar,tau,5m,G-blend-raw,24821,366,0.058777,0.056842,0.060616,0.19685,0.18984,0.20302,-0.00713,-0.0087885,-0.0055588,-0.0013339,-0.0016062,-0.0011011,-0.0018828,G-raw-2h
validation,dollar,tau,3m,G-blend-raw,18239,366,0.057545,0.055372,0.05962,0.19173,0.18367,0.1991,-0.0082343,-0.010601,-0.0059211,-0.0017623,-0.0021356,-0.0014233,-0.0019462,G-raw-2h
validation,dollar,tau,2m,G-blend-raw,13759,366,0.056934,0.054424,0.059255,0.19064,0.18195,0.19879,-0.0093761,-0.012302,-0.0066091,-0.0016925,-0.002046,-0.0013085,-0.0033168,G-raw-2h
validation,dollar,tau,60m,G-blend,91163,366,0.066762,0.065469,0.068112,0.227,0.22194,0.2325,-0.0062612,-0.0086523,-0.0040632,-0.00055302,-0.00075,-0.00034926,0.0015954,G-raw-2h
validation,dollar,tau,45m,G-blend,79068,366,0.066173,0.064833,0.067536,0.22336,0.21819,0.22881,-0.0059981,-0.0081816,-0.0037881,-0.00058075,-0.00079196,-0.00037987,0.0010227,G-raw-2h
validation,dollar,tau,30m,G-blend,64177,366,0.065311,0.064061,0.066608,0.2203,0.21505,0.22616,-0.0081034,-0.01034,-0.0058725,-0.00093679,-0.0011464,-0.00072706,-0.0014636,G-raw-2h
validation,dollar,tau,20m,G-blend,52304,366,0.061819,0.060582,0.063161,0.20913,0.204,0.21442,-0.0060951,-0.0081297,-0.0041472,-0.00094331,-0.0011253,-0.00074794,0.00036888,G-raw-2h
validation,dollar,tau,15m,G-blend,45086,366,0.062081,0.060787,0.063353,0.2089,0.20376,0.21421,-0.0054843,-0.007187,-0.0037716,-0.00084776,-0.0010207,-0.00066095,-0.00075771,G-raw-2h
validation,dollar,tau,10m,G-blend,36368,366,0.061401,0.060007,0.062831,0.20702,0.20145,0.21238,-0.0057868,-0.0074441,-0.0041039,-0.0010086,-0.0012123,-0.00080415,-0.00027822,G-raw-2h
validation,dollar,tau,5m,G-blend,24821,366,0.058684,0.056719,0.060518,0.19664,0.18977,0.20279,-0.0073357,-0.0089532,-0.0057928,-0.0014274,-0.0016994,-0.0011913,-0.0018545,G-raw-2h
validation,dollar,tau,3m,G-blend,18239,366,0.057414,0.055234,0.059486,0.19162,0.18339,0.19904,-0.0083418,-0.010646,-0.0059299,-0.0018932,-0.0022784,-0.0015619,-0.0018729,G-raw-2h
validation,dollar,tau,2m,G-blend,13759,366,0.056922,0.054405,0.059278,0.19123,0.18259,0.19943,-0.0087896,-0.011895,-0.0059611,-0.001705,-0.0020541,-0.0013171,-0.0031824,G-raw-2h
validation,dollar,tau,60m,T-raw-2h,91163,366,0.066722,0.065322,0.068232,0.22655,0.22173,0.23145,-0.0067097,-0.0080128,-0.0054887,-0.00059378,-0.00072439,-0.00046725,0.0016053,G-raw-2h
validation,dollar,tau,45m,T-raw-2h,79068,366,0.066221,0.064675,0.067717,0.22393,0.21889,0.22896,-0.0054282,-0.0066,-0.0042536,-0.00053329,-0.00066282,-0.0003982,0.0010127,G-raw-2h
validation,dollar,tau,30m,T-raw-2h,64177,366,0.065703,0.064331,0.067099,0.22238,0.21764,0.22735,-0.0060273,-0.0072664,-0.004789,-0.00054466,-0.00066346,-0.0004253,-0.0014366,G-raw-2h
validation,dollar,tau,20m,T-raw-2h,52304,366,0.061884,0.060489,0.063353,0.20977,0.20466,0.21463,-0.0054551,-0.0065253,-0.004397,-0.00087822,-0.0010539,-0.00071265,0.0004594,G-raw-2h
validation,dollar,tau,15m,T-raw-2h,45086,366,0.062178,0.060723,0.063573,0.20961,0.20456,0.21447,-0.004776,-0.0057637,-0.0038295,-0.00075121,-0.00091962,-0.00058981,-0.0007053,G-raw-2h
validation,dollar,tau,10m,T-raw-2h,36368,366,0.061533,0.059975,0.063101,0.20805,0.20276,0.21332,-0.0047531,-0.0056784,-0.0037406,-0.00087739,-0.0010677,-0.00069044,-0.0002279,G-raw-2h
validation,dollar,tau,5m,T-raw-2h,24821,366,0.05913,0.057049,0.061157,0.1994,0.19239,0.20613,-0.0045792,-0.005955,-0.0033807,-0.00098105,-0.0012876,-0.00069017,-0.0018454,G-raw-2h
validation,dollar,tau,3m,T-raw-2h,18239,366,0.058369,0.056045,0.060655,0.19553,0.18759,0.20277,-0.0044343,-0.0060292,-0.0029192,-0.00093745,-0.001323,-0.00054034,-0.0018687,G-raw-2h
validation,dollar,tau,2m,T-raw-2h,13759,366,0.057397,0.054548,0.059918,0.19329,0.18453,0.20181,-0.0067219,-0.0088159,-0.0046598,-0.0012298,-0.0017228,-0.00073098,-0.003351,G-raw-2h
validation,dollar,tau,60m,T-blend,91163,366,0.065988,0.064565,0.067489,0.22153,0.21663,0.22664,-0.011729,-0.013618,-0.0099812,-0.0013273,-0.0015131,-0.0011186,0.0016006,G-raw-2h
validation,dollar,tau,45m,T-blend,79068,366,0.065449,0.063913,0.06696,0.21865,0.21372,0.22372,-0.010701,-0.012377,-0.008941,-0.0013049,-0.0014972,-0.0011049,0.0010159,G-raw-2h
validation,dollar,tau,30m,T-blend,64177,366,0.064816,0.063452,0.066177,0.21604,0.21145,0.22117,-0.012362,-0.014257,-0.010546,-0.0014315,-0.0016376,-0.0012135,-0.0014524,G-raw-2h
validation,dollar,tau,20m,T-blend,52304,366,0.061201,0.059826,0.062632,0.20467,0.19991,0.20943,-0.010554,-0.012165,-0.0089004,-0.0015619,-0.0017853,-0.0013246,0.00042732,G-raw-2h
validation,dollar,tau,15m,T-blend,45086,366,0.061591,0.060184,0.062954,0.20507,0.20038,0.20977,-0.0093153,-0.01085,-0.0078674,-0.0013381,-0.0015303,-0.0011292,-0.00068922,G-raw-2h
validation,dollar,tau,10m,T-blend,36368,366,0.06094,0.059427,0.062471,0.20361,0.19832,0.2086,-0.0091976,-0.010707,-0.0077249,-0.0014701,-0.0017179,-0.0012216,-0.00022626,G-raw-2h
validation,dollar,tau,5m,T-blend,24821,366,0.058414,0.056373,0.060384,0.19418,0.1876,0.20024,-0.0097962,-0.011524,-0.0081007,-0.0016977,-0.0020398,-0.0013897,-0.0018768,G-raw-2h
validation,dollar,tau,3m,T-blend,18239,366,0.057387,0.055093,0.059579,0.18928,0.1819,0.19602,-0.010683,-0.012824,-0.0085881,-0.0019202,-0.0024082,-0.0014753,-0.0017998,G-raw-2h
validation,dollar,tau,2m,T-blend,13759,366,0.056774,0.054077,0.059286,0.1883,0.18013,0.19597,-0.011719,-0.014401,-0.0089869,-0.0018529,-0.0023198,-0.0013015,-0.0032411,G-raw-2h
validation,dollar,tau,60m,MIX-blend,91163,366,0.06599,0.064581,0.067475,0.22167,0.21689,0.22669,-0.011588,-0.013528,-0.0097657,-0.0013254,-0.0015072,-0.0011232,0.0016054,G-raw-2h
validation,dollar,tau,45m,MIX-blend,79068,366,0.065473,0.063953,0.066976,0.21889,0.21407,0.22385,-0.010464,-0.012199,-0.0087019,-0.0012806,-0.0014687,-0.0010769,0.0010131,G-raw-2h
validation,dollar,tau,30m,MIX-blend,64177,366,0.064838,0.063479,0.066191,0.21633,0.21177,0.22136,-0.012079,-0.01402,-0.010191,-0.0014101,-0.0016163,-0.001197,-0.001447,G-raw-2h
validation,dollar,tau,20m,MIX-blend,52304,366,0.061235,0.059874,0.062659,0.20498,0.20025,0.20968,-0.010246,-0.011874,-0.0085779,-0.0015278,-0.0017468,-0.0012949,0.00043697,G-raw-2h
validation,dollar,tau,15m,MIX-blend,45086,366,0.061629,0.06024,0.06297,0.20546,0.20086,0.21007,-0.0089199,-0.010487,-0.0074841,-0.0013004,-0.0014882,-0.0010961,-0.00069163,G-raw-2h
validation,dollar,tau,10m,MIX-blend,36368,366,0.060959,0.059462,0.062473,0.20374,0.19855,0.20862,-0.0090597,-0.010575,-0.0075608,-0.0014505,-0.0016972,-0.0011972,-0.00022512,G-raw-2h
validation,dollar,tau,5m,MIX-blend,24821,366,0.05842,0.05639,0.060387,0.19429,0.18774,0.20028,-0.009687,-0.011373,-0.0080415,-0.0016914,-0.0020399,-0.0013798,-0.0018787,G-raw-2h
validation,dollar,tau,3m,MIX-blend,18239,366,0.057401,0.055114,0.059592,0.18945,0.18211,0.19626,-0.010508,-0.012685,-0.0084468,-0.0019058,-0.002395,-0.0014564,-0.0018004,G-raw-2h
validation,dollar,tau,2m,MIX-blend,13759,366,0.056803,0.054111,0.059314,0.18844,0.18034,0.19607,-0.01158,-0.014225,-0.0088533,-0.0018235,-0.0023031,-0.0012733,-0.0032739,G-raw-2h
validation,dollar,tau,60m,EMP-blend,91163,366,0.065965,0.064533,0.067432,0.22156,0.21673,0.22665,-0.011702,-0.013548,-0.0099917,-0.0013508,-0.0015424,-0.0011435,-0.0015312,G-raw-2h
validation,dollar,tau,45m,EMP-blend,79068,366,0.065427,0.063918,0.066946,0.21861,0.21366,0.22367,-0.010741,-0.012354,-0.008989,-0.0013274,-0.001514,-0.0011269,-0.0012248,G-raw-2h
validation,dollar,tau,30m,EMP-blend,64177,366,0.064805,0.063457,0.066156,0.21599,0.21145,0.22102,-0.012419,-0.01429,-0.010622,-0.0014428,-0.0016479,-0.0012307,-0.0015042,G-raw-2h
validation,dollar,tau,20m,EMP-blend,52304,366,0.061211,0.059848,0.062631,0.20468,0.19993,0.20938,-0.010546,-0.012151,-0.008934,-0.0015512,-0.0017723,-0.0013143,-0.00090326,G-raw-2h
validation,dollar,tau,15m,EMP-blend,45086,366,0.061593,0.060179,0.062953,0.20504,0.20031,0.20975,-0.0093393,-0.010851,-0.0078908,-0.0013363,-0.0015255,-0.001139,-0.0012122,G-raw-2h
validation,dollar,tau,10m,EMP-blend,36368,366,0.060968,0.059475,0.062507,0.20371,0.19845,0.20882,-0.0090955,-0.010563,-0.0075813,-0.0014423,-0.0016764,-0.001198,-0.0010808,G-raw-2h
validation,dollar,tau,5m,EMP-blend,24821,366,0.058461,0.056398,0.060399,0.19435,0.18763,0.20043,-0.0096259,-0.011368,-0.0079801,-0.0016508,-0.0019849,-0.0013375,-0.0033052,G-raw-2h
validation,dollar,tau,3m,EMP-blend,18239,366,0.057427,0.055166,0.059625,0.18936,0.18205,0.19609,-0.010607,-0.012773,-0.0084977,-0.0018798,-0.0023773,-0.0014341,-0.0037018,G-raw-2h
validation,dollar,tau,2m,EMP-blend,13759,366,0.056866,0.054195,0.059345,0.18867,0.18044,0.19634,-0.011341,-0.013979,-0.0086748,-0.0017604,-0.0022401,-0.0012197,-0.0056898,G-raw-2h
validation,dollar,absz,0-0.5,G-raw-10m,52938,366,0.2287,0.22729,0.23004,0.64925,0.64624,0.6521,-0.0031449,-0.0041804,-0.0021977,-0.001347,-0.0017814,-0.0009485,0.0047477,G-raw-2h
validation,dollar,absz,0.5-1,G-raw-10m,53010,366,0.14146,0.13881,0.14405,0.45372,0.44725,0.46038,-0.011526,-0.013969,-0.009101,-0.0034424,-0.0040645,-0.0028198,-0.0015119,G-raw-2h
validation,dollar,absz,1-1.5,G-raw-10m,53298,366,0.069147,0.066494,0.071844,0.26363,0.25554,0.27217,-0.007566,-0.010111,-0.0050296,-0.0013299,-0.0016891,-0.00098454,-0.0014549,G-raw-2h
validation,dollar,absz,1.5-2,G-raw-10m,53171,366,0.033615,0.031663,0.035503,0.15297,0.14529,0.16046,0.0016327,-0.0011302,0.0045661,3.572e-05,-0.00016338,0.00022135,-0.0011457,G-raw-2h
validation,dollar,absz,2-2.5,G-raw-10m,53152,366,0.018543,0.01702,0.020157,0.1007,0.092442,0.10942,0.0057637,0.0029554,0.0090752,1.8618e-05,-0.00010464,0.00012842,-0.00063383,G-raw-2h
validation,dollar,absz,2.5-3,G-raw-10m,54234,366,0.010091,0.0089529,0.011264,0.06517,0.057869,0.072761,0.0034136,0.00091966,0.0062417,-4.6448e-05,-0.00010799,1.1925e-05,-0.00025155,G-raw-2h
validation,dollar,absz,>3,G-raw-10m,105182,366,0.0047511,0.0040879,0.0054427,0.039843,0.034191,0.046084,0.00099512,-0.0010957,0.0033819,-7.8652e-06,-2.4609e-05,8.5352e-06,-2.7066e-05,G-raw-2h
validation,dollar,absz,0-0.5,G-raw-30m,52938,366,0.22901,0.22776,0.2302,0.64998,0.64736,0.6525,-0.0024087,-0.0030554,-0.0017786,-0.0010412,-0.0013233,-0.00076475,0.0046763,G-raw-2h
validation,dollar,absz,0.5-1,G-raw-30m,53010,366,0.14222,0.13973,0.14471,0.45609,0.45018,0.46212,-0.0091505,-0.010646,-0.0076998,-0.0026881,-0.0031227,-0.0022711,-0.0013239,G-raw-2h
validation,dollar,absz,1-1.5,G-raw-30m,53298,366,0.069239,0.066614,0.071865,0.26305,0.25564,0.27057,-0.0081415,-0.0097315,-0.006579,-0.0012384,-0.0014927,-0.00099642,-0.0016008,G-raw-2h
validation,dollar,absz,1.5-2,G-raw-30m,53171,366,0.033367,0.031402,0.035281,0.14815,0.1411,0.15514,-0.0031941,-0.0047805,-0.0016109,-0.00021197,-0.00033507,-9.4735e-05,-0.0011341,G-raw-2h
validation,dollar,absz,2-2.5,G-raw-30m,53152,366,0.018433,0.016906,0.020053,0.094805,0.087287,0.10231,-0.00013441,-0.0019641,0.0019715,-9.1566e-05,-0.00015898,-3.199e-05,-0.00063502,G-raw-2h
validation,dollar,absz,2.5-3,G-raw-30m,54234,366,0.010069,0.0089151,0.011241,0.06129,0.054449,0.068217,-0.00046605,-0.0021522,0.0015253,-6.7972e-05,-9.5719e-05,-4.1011e-05,-0.00024249,G-raw-2h
validation,dollar,absz,>3,G-raw-30m,105182,366,0.0047456,0.004088,0.0054482,0.038877,0.033193,0.044875,2.9334e-05,-0.0017538,0.0018285,-1.3275e-05,-1.8512e-05,-8.2821e-06,-2.6689e-05,G-raw-2h
validation,dollar,absz,0-0.5,G-raw-2h,52938,366,0.23005,0.22894,0.23107,0.65239,0.6501,0.65451,0,0,0,0,0,0,0.0045897,G-raw-2h
validation,dollar,absz,0.5-1,G-raw-2h,53010,366,0.1449,0.14258,0.14712,0.46524,0.45999,0.47034,0,0,0,0,0,0,-0.0013652,G-raw-2h
validation,dollar,absz,1-1.5,G-raw-2h,53298,366,0.070477,0.067822,0.073083,0.2712,0.26407,0.27827,0,0,0,0,0,0,-0.001499,G-raw-2h
validation,dollar,absz,1.5-2,G-raw-2h,53171,366,0.033579,0.031614,0.035543,0.15134,0.14455,0.15816,0,0,0,0,0,0,-0.0011503,G-raw-2h
validation,dollar,absz,2-2.5,G-raw-2h,53152,366,0.018524,0.016984,0.020208,0.09494,0.087895,0.10227,0,0,0,0,0,0,-0.00059484,G-raw-2h
validation,dollar,absz,2.5-3,G-raw-2h,54234,366,0.010137,0.0089748,0.011315,0.061756,0.054986,0.06867,0,0,0,0,0,0,-0.00024875,G-raw-2h
validation,dollar,absz,>3,G-raw-2h,105182,366,0.0047589,0.0040971,0.0054677,0.038848,0.03335,0.044659,0,0,0,0,0,0,-2.7981e-05,G-raw-2h
validation,dollar,absz,0-0.5,G-raw-6h,52938,366,0.23057,0.22951,0.23159,0.6535,0.65133,0.6556,0.0011042,0.00066751,0.0015425,0.00052266,0.00032283,0.00072738,0.0045309,G-raw-2h
validation,dollar,absz,0.5-1,G-raw-6h,53010,366,0.14709,0.14484,0.14921,0.47101,0.46574,0.47581,0.0057656,0.0045397,0.0070481,0.0021832,0.0017528,0.0026361,-0.0015783,G-raw-2h
validation,dollar,absz,1-1.5,G-raw-6h,53298,366,0.072648,0.070131,0.075115,0.28007,0.27322,0.28683,0.0088764,0.0072613,0.010468,0.0021711,0.0018123,0.0025316,-0.0013729,G-raw-2h
validation,dollar,absz,1.5-2,G-raw-6h,53171,366,0.034632,0.032732,0.036542,0.16065,0.15391,0.16742,0.0093084,0.0077246,0.01094,0.0010533,0.00086715,0.0012392,-0.00098254,G-raw-2h
validation,dollar,absz,2-2.5,G-raw-6h,53152,366,0.018827,0.017291,0.020481,0.10204,0.095062,0.10962,0.0070996,0.0055243,0.0087319,0.00030245,0.00022458,0.00037601,-0.00063728,G-raw-2h
validation,dollar,absz,2.5-3,G-raw-6h,54234,366,0.010186,0.0090472,0.01137,0.066208,0.05884,0.073541,0.0044522,0.0028463,0.005992,4.9319e-05,2.6663e-05,7.1898e-05,-0.0002611,G-raw-2h
validation,dollar,absz,>3,G-raw-6h,105182,366,0.0047617,0.0041028,0.0054675,0.039807,0.034084,0.046138,0.0009591,-0.00036735,0.0022127,2.8157e-06,-1.9886e-06,7.7151e-06,-3.4852e-05,G-raw-2h
validation,dollar,absz,0-0.5,G-raw-1d,52938,366,0.23089,0.22979,0.23198,0.65417,0.6519,0.6565,0.0017818,0.00097375,0.0026333,0.00084104,0.00048924,0.001217,0.0045341,G-raw-2h
validation,dollar,absz,0.5-1,G-raw-1d,53010,366,0.14888,0.14645,0.15109,0.47612,0.47015,0.48166,0.010873,0.0083844,0.013691,0.003973,0.0031353,0.00488,-0.001904,G-raw-2h
validation,dollar,absz,1-1.5,G-raw-1d,53298,366,0.075052,0.072405,0.07749,0.29046,0.28215,0.29773,0.01926,0.015957,0.022757,0.0045746,0.003842,0.0053878,-0.0013764,G-raw-2h
validation,dollar,absz,1.5-2,G-raw-1d,53171,366,0.036355,0.034584,0.03819,0.17277,0.16501,0.18015,0.021431,0.018005,0.025084,0.0027761,0.002306,0.0032672,-0.00072707,G-raw-2h
validation,dollar,absz,2-2.5,G-raw-1d,53152,366,0.019669,0.018212,0.021256,0.11315,0.1051,0.12252,0.018211,0.014637,0.022125,0.0011446,0.00090108,0.0013989,-0.00060874,G-raw-2h
validation,dollar,absz,2.5-3,G-raw-1d,54234,366,0.010561,0.0094579,0.011744,0.073379,0.065726,0.08148,0.011622,0.00853,0.014751,0.00042412,0.00031368,0.00054296,-0.00035879,G-raw-2h
validation,dollar,absz,>3,G-raw-1d,105182,366,0.0048799,0.0042115,0.0055922,0.041589,0.035688,0.047982,0.0027415,0.00051688,0.0050191,0.00012097,7.91e-05,0.00016653,-4.5008e-05,G-raw-2h
validation,dollar,absz,0-0.5,G-seas-10m,52938,366,0.22864,0.22723,0.23001,0.64917,0.64613,0.65212,-0.0032273,-0.0043125,-0.0022367,-0.0014058,-0.0018617,-0.00099934,0.0047159,G-raw-2h
validation,dollar,absz,0.5-1,G-seas-10m,53010,366,0.14125,0.13863,0.14385,0.45335,0.44684,0.46016,-0.011892,-0.014446,-0.0093564,-0.0036525,-0.0042721,-0.0030099,-0.001496,G-raw-2h
validation,dollar,absz,1-1.5,G-seas-10m,53298,366,0.068955,0.066343,0.071688,0.26322,0.25502,0.27194,-0.0079739,-0.010672,-0.005165,-0.0015217,-0.001896,-0.0011548,-0.0014119,G-raw-2h
validation,dollar,absz,1.5-2,G-seas-10m,53171,366,0.033524,0.031582,0.035401,0.15326,0.14543,0.16125,0.0019195,-0.0010858,0.0051536,-5.5252e-05,-0.00028047,0.00016315,-0.0011274,G-raw-2h
validation,dollar,absz,2-2.5,G-seas-10m,53152,366,0.018475,0.016968,0.020047,0.10013,0.091633,0.10912,0.0051922,0.0018436,0.0087986,-4.9621e-05,-0.00019047,8.0995e-05,-0.00062965,G-raw-2h
validation,dollar,absz,2.5-3,G-seas-10m,54234,366,0.010061,0.0089406,0.011232,0.063684,0.056487,0.071135,0.0019279,-0.0011732,0.0051205,-7.6167e-05,-0.00015174,-6.5367e-06,-0.00027889,G-raw-2h
validation,dollar,absz,>3,G-seas-10m,105182,366,0.0047437,0.00408,0.0054382,0.038468,0.032808,0.044626,-0.00037918,-0.0027411,0.0021788,-1.5216e-05,-3.5544e-05,5.3088e-06,-2.4666e-05,G-raw-2h
validation,dollar,absz,0-0.5,G-seas-30m,52938,366,0.22874,0.22744,0.23,0.64937,0.64664,0.65205,-0.003018,-0.0037685,-0.0023088,-0.0013096,-0.0016338,-0.0010053,0.0046784,G-raw-2h
validation,dollar,absz,0.5-1,G-seas-30m,53010,366,0.14165,0.13914,0.14411,0.4541,0.44812,0.46033,-0.011141,-0.012886,-0.0093768,-0.0032558,-0.0037395,-0.0027577,-0.0013207,G-raw-2h
validation,dollar,absz,1-1.5,G-seas-30m,53298,366,0.06892,0.066326,0.071576,0.26148,0.25373,0.26931,-0.009715,-0.011748,-0.0075613,-0.0015574,-0.0018668,-0.0012563,-0.0015986,G-raw-2h
validation,dollar,absz,1.5-2,G-seas-30m,53171,366,0.033275,0.031319,0.035164,0.14803,0.14081,0.15524,-0.0033125,-0.0054723,-0.0012604,-0.00030446,-0.00048408,-0.00012099,-0.0010874,G-raw-2h
validation,dollar,absz,2-2.5,G-seas-30m,53152,366,0.018337,0.016809,0.01994,0.094439,0.086584,0.10246,-0.00050105,-0.0029265,0.0021035,-0.00018711,-0.0002929,-9.0347e-05,-0.00063116,G-raw-2h
validation,dollar,absz,2.5-3,G-seas-30m,54234,366,0.010017,0.0088748,0.011186,0.06001,0.053378,0.066725,-0.0017461,-0.0042512,0.0010018,-0.00011991,-0.0001711,-7.2457e-05,-0.00026588,G-raw-2h
validation,dollar,absz,>3,G-seas-30m,105182,366,0.0047319,0.0040707,0.0054295,0.037401,0.031808,0.043327,-0.0014469,-0.0038208,0.0008388,-2.6988e-05,-3.8105e-05,-1.6349e-05,-2.6029e-05,G-raw-2h
validation,dollar,absz,0-0.5,G-seas-2h,52938,366,0.22926,0.2281,0.23039,0.65062,0.6482,0.65296,-0.0017727,-0.0021981,-0.0013546,-0.00078564,-0.00097568,-0.00059623,0.0046657,G-raw-2h
validation,dollar,absz,0.5-1,G-seas-2h,53010,366,0.14305,0.14058,0.14542,0.45901,0.45327,0.4645,-0.0062314,-0.0074939,-0.0050036,-0.0018532,-0.0022545,-0.0014589,-0.0013865,G-raw-2h
validation,dollar,absz,1-1.5,G-seas-2h,53298,366,0.069437,0.066828,0.072015,0.26428,0.25711,0.27167,-0.0069189,-0.0084115,-0.0052768,-0.0010404,-0.0013329,-0.00072352,-0.0016002,G-raw-2h
validation,dollar,absz,1.5-2,G-seas-2h,53171,366,0.033357,0.03141,0.035274,0.14821,0.14126,0.15501,-0.0031327,-0.0048096,-0.0013707,-0.00022183,-0.0003862,-5.0351e-05,-0.0010643,G-raw-2h
validation,dollar,absz,2-2.5,G-seas-2h,53152,366,0.018359,0.016828,0.019985,0.093184,0.085803,0.10043,-0.0017553,-0.003691,0.00014297,-0.00016546,-0.00026348,-7.7691e-05,-0.00057311,G-raw-2h
validation,dollar,absz,2.5-3,G-seas-2h,54234,366,0.010045,0.0088981,0.011213,0.059415,0.052494,0.066205,-0.0023413,-0.004495,-0.00024093,-9.1559e-05,-0.00013681,-5.0805e-05,-0.0002768,G-raw-2h
validation,dollar,absz,>3,G-seas-2h,105182,366,0.0047389,0.0040802,0.0054452,0.036565,0.031177,0.041927,-0.0022831,-0.0041603,-0.00065463,-2.0031e-05,-2.893e-05,-1.185e-05,-3.1011e-05,G-raw-2h
validation,dollar,absz,0-0.5,G-seas-6h,52938,366,0.22951,0.22838,0.23064,0.65115,0.64882,0.65353,-0.0012454,-0.0017793,-0.00070038,-0.00053846,-0.00077644,-0.00028944,0.004645,G-raw-2h
validation,dollar,absz,0.5-1,G-seas-6h,53010,366,0.14406,0.14173,0.14638,0.46186,0.4563,0.46761,-0.0033786,-0.0049487,-0.0017312,-0.00084688,-0.0013284,-0.00030361,-0.0015495,G-raw-2h
validation,dollar,absz,1-1.5,G-seas-6h,53298,366,0.070356,0.06779,0.072891,0.26844,0.26126,0.2755,-0.0027606,-0.0048235,-0.00062788,-0.00012121,-0.00052728,0.00030816,-0.0014532,G-raw-2h
validation,dollar,absz,1.5-2,G-seas-6h,53171,366,0.033823,0.031926,0.035712,0.15261,0.14576,0.15952,0.0012701,-0.001106,0.0037118,0.00024365,5.2361e-06,0.00049914,-0.00097038,G-raw-2h
validation,dollar,absz,2-2.5,G-seas-6h,53152,366,0.018464,0.016949,0.020065,0.096105,0.089156,0.10328,0.0011658,-0.0014729,0.0037596,-6.0117e-05,-0.00019644,6.8213e-05,-0.00062153,G-raw-2h
validation,dollar,absz,2.5-3,G-seas-6h,54234,366,0.010045,0.0089078,0.011202,0.061384,0.054316,0.068515,-0.00037173,-0.0029582,0.0023943,-9.1635e-05,-0.00015835,-2.7188e-05,-0.00029035,G-raw-2h
validation,dollar,absz,>3,G-seas-6h,105182,366,0.0047335,0.0040775,0.0054325,0.036395,0.030934,0.041935,-0.0024525,-0.0046914,-0.00030121,-2.5431e-05,-4.3278e-05,-9.6708e-06,-3.0326e-05,G-raw-2h
validation,dollar,absz,0-0.5,G-seas-1d,52938,366,0.22982,0.22867,0.23106,0.65187,0.64943,0.65443,-0.00052467,-0.0013857,0.00044059,-0.00023289,-0.00059212,0.00015992,0.0047191,G-raw-2h
validation,dollar,absz,0.5-1,G-seas-1d,53010,366,0.14529,0.14285,0.14777,0.4665,0.45998,0.47292,0.0012581,-0.0014345,0.0044247,0.00038684,-0.00028616,0.0010999,-0.0018152,G-raw-2h
validation,dollar,absz,1-1.5,G-seas-1d,53298,366,0.07167,0.069128,0.074188,0.27624,0.26849,0.28377,0.0050472,0.0019893,0.0082858,0.0011932,0.00063669,0.0017704,-0.0013059,G-raw-2h
validation,dollar,absz,1.5-2,G-seas-1d,53171,366,0.034488,0.032658,0.036322,0.16,0.15304,0.16749,0.0086615,0.0050784,0.012415,0.00090866,0.00058067,0.0012718,-0.00088058,G-raw-2h
validation,dollar,absz,2-2.5,G-seas-1d,53152,366,0.018696,0.017222,0.020286,0.10129,0.093431,0.10975,0.0063521,0.0027412,0.010392,0.00017168,-2.3212e-05,0.00036973,-0.00063689,G-raw-2h
validation,dollar,absz,2.5-3,G-seas-1d,54234,366,0.01011,0.0089848,0.011259,0.064047,0.056721,0.071976,0.0022913,-0.0013223,0.006136,-2.7218e-05,-0.00012246,7.0733e-05,-0.00030386,G-raw-2h
validation,dollar,absz,>3,G-seas-1d,105182,366,0.0047412,0.004099,0.0054366,0.036145,0.030668,0.041696,-0.0027027,-0.005507,-6.1763e-05,-1.7708e-05,-5.3576e-05,1.4629e-05,-2.7212e-05,G-raw-2h
validation,dollar,absz,0-0.5,G-blend-raw,52938,366,0.22948,0.22832,0.2306,0.65105,0.64862,0.6534,-0.0013461,-0.0018644,-0.00088618,-0.00057363,-0.0008018,-0.00036954,0.0045981,G-raw-2h
validation,dollar,absz,0.5-1,G-blend-raw,53010,366,0.14348,0.14114,0.14582,0.45993,0.45456,0.46548,-0.0053095,-0.0066618,-0.0040198,-0.0014207,-0.001855,-0.0010255,-0.0013243,G-raw-2h
validation,dollar,absz,1-1.5,G-blend-raw,53298,366,0.069955,0.067431,0.072535,0.2653,0.25849,0.27223,-0.0059004,-0.0074507,-0.0045313,-0.00052172,-0.00082107,-0.00024019,-0.0016787,G-raw-2h
validation,dollar,absz,1.5-2,G-blend-raw,53171,366,0.033662,0.031754,0.035484,0.14825,0.14186,0.15448,-0.003091,-0.0047712,-0.0015032,8.3087e-05,-0.00010984,0.00026985,-0.000977,G-raw-2h
validation,dollar,absz,2-2.5,G-blend-raw,53152,366,0.018458,0.016963,0.020041,0.091039,0.084583,0.097746,-0.0039002,-0.0057672,-0.0021544,-6.6845e-05,-0.00018461,3.3518e-05,-0.0006419,G-raw-2h
validation,dollar,absz,2.5-3,G-blend-raw,54234,366,0.010059,0.0089239,0.011226,0.057242,0.051253,0.063605,-0.0045137,-0.0064847,-0.0026389,-7.8414e-05,-0.00013534,-2.4232e-05,-0.00027052,G-raw-2h
validation,dollar,absz,>3,G-blend-raw,105182,366,0.0047416,0.0040795,0.0054363,0.034402,0.029482,0.039604,-0.0044454,-0.0061902,-0.0027571,-1.7267e-05,-3.188e-05,-3.2403e-06,-2.278e-05,G-raw-2h
validation,dollar,absz,0-0.5,G-blend,52938,366,0.22885,0.22764,0.23006,0.64964,0.64707,0.65217,-0.0027564,-0.0034375,-0.0021434,-0.0011959,-0.0014874,-0.00093028,0.0046648,G-raw-2h
validation,dollar,absz,0.5-1,G-blend,53010,366,0.14185,0.13948,0.14426,0.45476,0.44894,0.46078,-0.010481,-0.012232,-0.0088165,-0.0030531,-0.003541,-0.002542,-0.0014917,G-raw-2h
validation,dollar,absz,1-1.5,G-blend,53298,366,0.068742,0.066183,0.071354,0.25954,0.25225,0.26662,-0.011658,-0.013577,-0.0097639,-0.0017355,-0.002086,-0.0014014,-0.0015682,G-raw-2h
validation,dollar,absz,1.5-2,G-blend,53171,366,0.033143,0.031274,0.034992,0.14516,0.13833,0.15178,-0.0061778,-0.0081885,-0.0039772,-0.000436,-0.00065322,-0.00022546,-0.00091527,G-raw-2h
validation,dollar,absz,2-2.5,G-blend,53152,366,0.018195,0.016716,0.019774,0.089522,0.082687,0.096531,-0.0054177,-0.0077435,-0.0031876,-0.0003291,-0.0004667,-0.00020821,-0.00064484,G-raw-2h
validation,dollar,absz,2.5-3,G-blend,54234,366,0.009938,0.0088045,0.011096,0.056198,0.049766,0.062724,-0.0055577,-0.0079941,-0.0033256,-0.00019907,-0.00026491,-0.0001307,-0.00027988,G-raw-2h
validation,dollar,absz,>3,G-blend,105182,366,0.0047115,0.0040505,0.0054079,0.033561,0.028676,0.038824,-0.0052868,-0.0076468,-0.0031023,-4.7441e-05,-6.6536e-05,-3.0391e-05,-2.6254e-05,G-raw-2h
validation,dollar,absz,0-0.5,T-raw-2h,52938,366,0.229,0.22754,0.23036,0.65005,0.64693,0.6529,-0.0023461,-0.0031658,-0.0015739,-0.0010446,-0.0014042,-0.00070733,0.0049606,G-raw-2h
validation,dollar,absz,0.5-1,T-raw-2h,53010,366,0.14176,0.13897,0.14447,0.45552,0.44865,0.46203,-0.0097225,-0.011291,-0.0082731,-0.0031411,-0.0036395,-0.0026759,-0.0017609,G-raw-2h
validation,dollar,absz,1-1.5,T-raw-2h,53298,366,0.069241,0.066357,0.072063,0.26446,0.25588,0.27286,-0.0067324,-0.0080544,-0.0054801,-0.0012365,-0.0014675,-0.001017,-0.0012936,G-raw-2h
validation,dollar,absz,1.5-2,T-raw-2h,53171,366,0.033465,0.031486,0.035443,0.15005,0.14306,0.15713,-0.0012953,-0.0017351,-0.00085943,-0.00011444,-0.00014906,-7.9351e-05,-0.0011138,G-raw-2h
validation,dollar,absz,2-2.5,T-raw-2h,53152,366,0.018475,0.01695,0.020132,0.092955,0.086706,0.099669,-0.0019848,-0.0028093,-0.001212,-4.9246e-05,-7.2868e-05,-2.69e-05,-0.00061439,G-raw-2h
validation,dollar,absz,2.5-3,T-raw-2h,54234,366,0.010087,0.0089452,0.011246,0.056611,0.051458,0.061966,-0.0051448,-0.0066991,-0.0036147,-5.0197e-05,-7.022e-05,-3.0463e-05,-0.00025867,G-raw-2h
validation,dollar,absz,>3,T-raw-2h,105182,366,0.0047381,0.0040826,0.0054389,0.029945,0.026394,0.033604,-0.0089029,-0.011054,-0.0068506,-2.0856e-05,-2.8623e-05,-1.3058e-05,-2.1248e-05,G-raw-2h
validation,dollar,absz,0-0.5,T-blend,52938,366,0.22815,0.2266,0.22964,0.648,0.64472,0.65124,-0.0043877,-0.005596,-0.0032413,-0.0019031,-0.0024039,-0.0014223,0.0049667,G-raw-2h
validation,dollar,absz,0.5-1,T-blend,53010,366,0.13952,0.13669,0.14222,0.44739,0.44026,0.4544,-0.017849,-0.020215,-0.015548,-0.005388,-0.0060253,-0.0047643,-0.0017892,G-raw-2h
validation,dollar,absz,1-1.5,T-blend,53298,366,0.067576,0.064859,0.070362,0.25359,0.24522,0.26185,-0.017607,-0.01946,-0.015738,-0.0029015,-0.0031651,-0.0026243,-0.0013197,G-raw-2h
validation,dollar,absz,1.5-2,T-blend,53171,366,0.032845,0.030895,0.034785,0.14251,0.13566,0.14934,-0.0088277,-0.010151,-0.0074455,-0.00073387,-0.00085657,-0.0006067,-0.0010221,G-raw-2h
validation,dollar,absz,2-2.5,T-blend,53152,366,0.01818,0.016673,0.019791,0.087362,0.081124,0.093738,-0.007578,-0.0093014,-0.0060285,-0.00034408,-0.00043944,-0.00026236,-0.00062664,G-raw-2h
validation,dollar,absz,2.5-3,T-blend,54234,366,0.0099501,0.0088152,0.011104,0.05266,0.047531,0.057948,-0.009096,-0.011217,-0.00709,-0.00018699,-0.00024049,-0.00013376,-0.00028579,G-raw-2h
validation,dollar,absz,>3,T-blend,105182,366,0.0047044,0.0040501,0.0053944,0.028084,0.024743,0.031546,-0.010764,-0.013257,-0.0083926,-5.4535e-05,-7.4235e-05,-3.6862e-05,-2.3924e-05,G-raw-2h
validation,dollar,absz,0-0.5,MIX-blend,52938,366,0.22817,0.22663,0.22967,0.64807,0.64475,0.65131,-0.0043258,-0.0055452,-0.0031663,-0.001875,-0.0023872,-0.0013874,0.0049765,G-raw-2h
validation,dollar,absz,0.5-1,MIX-blend,53010,366,0.13954,0.13674,0.14223,0.44749,0.44047,0.45436,-0.017755,-0.019982,-0.015534,-0.0053666,-0.0059864,-0.0047702,-0.0017679,G-raw-2h
validation,dollar,absz,1-1.5,MIX-blend,53298,366,0.067646,0.064954,0.070402,0.25413,0.24604,0.26209,-0.01707,-0.018789,-0.015393,-0.0028316,-0.0030852,-0.0025656,-0.0013599,G-raw-2h
validation,dollar,absz,1.5-2,MIX-blend,53171,366,0.032887,0.03095,0.034811,0.14307,0.13645,0.14968,-0.0082715,-0.0096242,-0.0068409,-0.00069226,-0.00082932,-0.00055524,-0.00098598,G-raw-2h
validation,dollar,absz,2-2.5,MIX-blend,53152,366,0.018183,0.01669,0.019784,0.087511,0.081402,0.093666,-0.0074283,-0.0092976,-0.0057181,-0.00034159,-0.00044808,-0.00024832,-0.00064214,G-raw-2h
validation,dollar,absz,2.5-3,MIX-blend,54234,366,0.0099476,0.0088186,0.011097,0.052828,0.047706,0.05802,-0.0089283,-0.011138,-0.0068337,-0.00018947,-0.00024955,-0.00012918,-0.00028984,G-raw-2h
validation,dollar,absz,>3,MIX-blend,105182,366,0.0047038,0.0040497,0.0053923,0.028208,0.024838,0.031679,-0.01064,-0.01314,-0.008254,-5.5066e-05,-7.7298e-05,-3.5164e-05,-2.2904e-05,G-raw-2h
validation,dollar,absz,0-0.5,EMP-blend,52938,366,0.22814,0.22665,0.22958,0.64799,0.64483,0.65107,-0.0044039,-0.0055392,-0.0033312,-0.0019095,-0.0023881,-0.0014587,-0.00064531,G-raw-2h
validation,dollar,absz,0.5-1,EMP-blend,53010,366,0.13952,0.1367,0.1422,0.44743,0.44035,0.45436,-0.017815,-0.020212,-0.015501,-0.0053807,-0.0059977,-0.00478,-0.00472,G-raw-2h
validation,dollar,absz,1-1.5,EMP-blend,53298,366,0.067566,0.064839,0.070349,0.25355,0.24518,0.26185,-0.017648,-0.019533,-0.015719,-0.002911,-0.003182,-0.0026307,-0.0025206,G-raw-2h
validation,dollar,absz,1.5-2,EMP-blend,53171,366,0.032843,0.030883,0.034785,0.14248,0.13559,0.14931,-0.0088583,-0.010189,-0.0074892,-0.00073599,-0.00086044,-0.00060978,-0.0019173,G-raw-2h
validation,dollar,absz,2-2.5,EMP-blend,53152,366,0.018188,0.016676,0.019798,0.08743,0.081222,0.093879,-0.0075093,-0.0091902,-0.0059728,-0.00033634,-0.00042948,-0.00025579,-0.0014479,G-raw-2h
validation,dollar,absz,2.5-3,EMP-blend,54234,366,0.0099541,0.0088179,0.011107,0.052726,0.047566,0.057994,-0.0090298,-0.011148,-0.0070412,-0.0001829,-0.00023566,-0.00013126,-0.00096264,G-raw-2h
validation,dollar,absz,>3,EMP-blend,105182,366,0.0047055,0.0040517,0.005396,0.028133,0.024779,0.03154,-0.010715,-0.013213,-0.0083548,-5.34e-05,-7.2989e-05,-3.5883e-05,-0.00049621,G-raw-2h
validation,dollar,vol_regime,low,G-raw-10m,93050,165,0.069517,0.066851,0.072122,0.24503,0.23402,0.25644,0.0016854,-0.0017406,0.0052502,-0.00042805,-0.00070178,-0.0001596,-0.0026134,G-raw-2h
validation,dollar,vol_regime,mid,G-raw-10m,132011,193,0.063917,0.061876,0.065876,0.22036,0.21187,0.22898,-0.0021277,-0.0047444,0.00058926,-0.00081558,-0.0010391,-0.00059144,-0.0014128,G-raw-2h
validation,dollar,vol_regime,high,G-raw-10m,199924,160,0.061048,0.059482,0.062783,0.20905,0.20266,0.21619,-0.0018694,-0.0041258,0.00037106,-0.00088849,-0.0011447,-0.00066167,0.0020619,G-raw-2h
validation,dollar,vol_regime,low,G-raw-30m,93050,165,0.069455,0.066829,0.072052,0.24126,0.23085,0.2523,-0.002084,-0.0046623,0.00039525,-0.00049057,-0.00067998,-0.00031758,-0.0025955,G-raw-2h
validation,dollar,vol_regime,mid,G-raw-30m,132011,193,0.064006,0.061997,0.065966,0.2184,0.21077,0.22641,-0.004081,-0.0059824,-0.0022477,-0.00072654,-0.00089142,-0.00056935,-0.001388,G-raw-2h
validation,dollar,vol_regime,high,G-raw-30m,199924,160,0.061219,0.059692,0.062878,0.20835,0.2024,0.21477,-0.0025661,-0.0042312,-0.00099748,-0.00071667,-0.00089959,-0.00054002,0.0020347,G-raw-2h
validation,dollar,vol_regime,low,G-raw-2h,93050,165,0.069946,0.067436,0.072482,0.24335,0.23349,0.25385,0,0,0,0,0,0,-0.0025833,G-raw-2h
validation,dollar,vol_regime,mid,G-raw-2h,132011,193,0.064733,0.062721,0.066667,0.22249,0.21472,0.23038,0,0,0,0,0,0,-0.001326,G-raw-2h
validation,dollar,vol_regime,high,G-raw-2h,199924,160,0.061936,0.06047,0.063536,0.21092,0.20539,0.21713,0,0,0,0,0,0,0.0019853,G-raw-2h
validation,dollar,vol_regime,low,G-raw-6h,93050,165,0.070769,0.068307,0.073345,0.2496,0.23923,0.26113,0.0062584,0.004031,0.0086433,0.00082336,0.00058751,0.0011168,-0.0025639,G-raw-2h
validation,dollar,vol_regime,mid,G-raw-6h,132011,193,0.065481,0.063484,0.067436,0.22804,0.21963,0.23635,0.0055567,0.0040969,0.0071151,0.00074778,0.00054783,0.0009595,-0.0013068,G-raw-2h
validation,dollar,vol_regime,high,G-raw-6h,199924,160,0.062731,0.061367,0.06429,0.2146,0.20937,0.22028,0.003681,0.0022525,0.005085,0.0007945,0.00055579,0.0010513,0.0019516,G-raw-2h
validation,dollar,vol_regime,low,G-raw-1d,93050,165,0.072378,0.069898,0.075107,0.25832,0.24703,0.27146,0.014973,0.010897,0.019354,0.0024329,0.0018605,0.003123,-0.0025899,G-raw-2h
validation,dollar,vol_regime,mid,G-raw-1d,132011,193,0.066111,0.064148,0.068103,0.23275,0.22337,0.24199,0.01026,0.0071192,0.013406,0.0013783,0.00098714,0.0018076,-0.0013279,G-raw-2h
validation,dollar,vol_regime,high,G-raw-1d,199924,160,0.063611,0.062227,0.065086,0.2208,0.21527,0.22676,0.0098821,0.0070555,0.012951,0.0016746,0.0011735,0.002243,0.0019348,G-raw-2h
validation,dollar,vol_regime,low,G-seas-10m,93050,165,0.069441,0.066799,0.072028,0.24442,0.23335,0.25643,0.0010779,-0.0031395,0.0051603,-0.00050429,-0.00080563,-0.00020951,-0.0025956,G-raw-2h
validation,dollar,vol_regime,mid,G-seas-10m,132011,193,0.063826,0.061787,0.065775,0.21996,0.21159,0.22865,-0.0025262,-0.0054141,0.00060265,-0.00090642,-0.0011448,-0.0006593,-0.0014179,G-raw-2h
validation,dollar,vol_regime,high,G-seas-10m,199924,160,0.060966,0.059414,0.062691,0.20817,0.20175,0.2152,-0.0027528,-0.0052561,-0.00026822,-0.00096972,-0.0012277,-0.0007208,0.002064,G-raw-2h
validation,dollar,vol_regime,low,G-seas-30m,93050,165,0.069305,0.066707,0.07185,0.24016,0.22978,0.25103,-0.0031832,-0.0067099,0.00012558,-0.00064045,-0.00086606,-0.00040417,-0.0025707,G-raw-2h
validation,dollar,vol_regime,mid,G-seas-30m,132011,193,0.063801,0.061805,0.065761,0.21756,0.20984,0.22565,-0.0049288,-0.0074074,-0.0023407,-0.00093172,-0.001142,-0.00074115,-0.0014034,G-raw-2h
validation,dollar,vol_regime,high,G-seas-30m,199924,160,0.061047,0.059535,0.062683,0.20706,0.20111,0.21359,-0.0038563,-0.0059012,-0.0016886,-0.00088937,-0.0010986,-0.00068863,0.0020428,G-raw-2h
validation,dollar,vol_regime,low,G-seas-2h,93050,165,0.069536,0.067013,0.072013,0.23965,0.22981,0.24974,-0.0036928,-0.006314,-0.0012212,-0.00040905,-0.00060358,-0.0002183,-0.0025708,G-raw-2h
validation,dollar,vol_regime,mid,G-seas-2h,132011,193,0.064073,0.062127,0.066007,0.21881,0.21087,0.22694,-0.0036744,-0.0055658,-0.0018429,-0.00066023,-0.00083411,-0.00048184,-0.001357,G-raw-2h
validation,dollar,vol_regime,high,G-seas-2h,199924,160,0.061447,0.059955,0.063066,0.20796,0.20218,0.21436,-0.0029574,-0.0048593,-0.0011302,-0.0004888,-0.0006766,-0.00030329,0.0020069,G-raw-2h
validation,dollar,vol_regime,low,G-seas-6h,93050,165,0.069899,0.067405,0.072403,0.24206,0.23218,0.25268,-0.0012864,-0.0042726,0.0019721,-4.6381e-05,-0.00027114,0.00019217,-0.0025612,G-raw-2h
validation,dollar,vol_regime,mid,G-seas-6h,132011,193,0.064284,0.062289,0.066216,0.22091,0.21282,0.22967,-0.0015729,-0.0040915,0.0011108,-0.00044908,-0.00067118,-0.00019404,-0.0013371,G-raw-2h
validation,dollar,vol_regime,high,G-seas-6h,199924,160,0.061865,0.0604,0.063461,0.20985,0.20413,0.2162,-0.0010676,-0.003518,0.0013339,-7.0745e-05,-0.00033825,0.00021948,0.0019886,G-raw-2h
validation,dollar,vol_regime,low,G-seas-1d,93050,165,0.07037,0.067884,0.072898,0.24381,0.23391,0.25497,0.00046445,-0.0032487,0.0047881,0.0004249,0.00011111,0.00080779,-0.002564,G-raw-2h
validation,dollar,vol_regime,mid,G-seas-1d,132011,193,0.064656,0.062679,0.066583,0.22383,0.21505,0.23285,0.0013435,-0.0019769,0.0053552,-7.6693e-05,-0.00037792,0.00027264,-0.0013212,G-raw-2h
validation,dollar,vol_regime,high,G-seas-1d,199924,160,0.062419,0.060903,0.063981,0.21455,0.20837,0.22132,0.0036289,0.00019656,0.0072894,0.00048249,6.7641e-05,0.0009134,0.0019856,G-raw-2h
validation,dollar,vol_regime,low,G-blend-raw,93050,165,0.069683,0.067173,0.072176,0.23867,0.2293,0.2484,-0.0046778,-0.0072915,-0.002284,-0.00026258,-0.00047109,-6.926e-05,-0.0026136,G-raw-2h
validation,dollar,vol_regime,mid,G-blend-raw,132011,193,0.064312,0.062355,0.066194,0.21733,0.21017,0.22462,-0.0051595,-0.0071937,-0.0034605,-0.00042081,-0.00058681,-0.00026428,-0.0013842,G-raw-2h
validation,dollar,vol_regime,high,G-blend-raw,199924,160,0.061643,0.060186,0.063229,0.20774,0.2026,0.21336,-0.0031755,-0.0046206,-0.0018715,-0.00029364,-0.00046777,-0.00013088,0.0020334,G-raw-2h
validation,dollar,vol_regime,low,G-blend,93050,165,0.069245,0.066763,0.071759,0.2365,0.22707,0.2466,-0.0068414,-0.0099726,-0.0038018,-0.00070079,-0.00092786,-0.00045194,-0.0025962,G-raw-2h
validation,dollar,vol_regime,mid,G-blend,132011,193,0.063676,0.061702,0.065583,0.21521,0.20783,0.22313,-0.0072765,-0.0097356,-0.0049525,-0.0010571,-0.0012599,-0.00085273,-0.0013889,G-raw-2h
validation,dollar,vol_regime,high,G-blend,199924,160,0.061089,0.059624,0.062707,0.20492,0.19957,0.21052,-0.0060003,-0.0080479,-0.0040675,-0.00084714,-0.0010649,-0.00062478,0.0020425,G-raw-2h
validation,dollar,vol_regime,low,T-raw-2h,93050,165,0.069586,0.066872,0.072286,0.23603,0.22693,0.2457,-0.0073129,-0.0093017,-0.0055169,-0.00035931,-0.00056819,-0.0001336,-0.0025543,G-raw-2h
validation,dollar,vol_regime,mid,T-raw-2h,132011,193,0.064021,0.061894,0.066068,0.21668,0.20929,0.22386,-0.0058048,-0.0071475,-0.0045218,-0.00071196,-0.00089644,-0.00052414,-0.001361,G-raw-2h
validation,dollar,vol_regime,high,T-raw-2h,199924,160,0.061066,0.059482,0.062843,0.20621,0.20086,0.21184,-0.0047091,-0.0057364,-0.0037248,-0.0008699,-0.0010435,-0.00070411,0.0020484,G-raw-2h
validation,dollar,vol_regime,low,T-blend,93050,165,0.068887,0.066212,0.07154,0.23133,0.22229,0.24077,-0.012018,-0.0151,-0.009139,-0.001059,-0.0013411,-0.00074581,-0.002562,G-raw-2h
validation,dollar,vol_regime,mid,T-blend,132011,193,0.063188,0.06111,0.065175,0.21093,0.20379,0.21822,-0.011555,-0.013719,-0.0096708,-0.0015448,-0.0017878,-0.0013081,-0.0014078,G-raw-2h
validation,dollar,vol_regime,high,T-blend,199924,160,0.060377,0.058756,0.062134,0.20106,0.19585,0.20646,-0.0098579,-0.011577,-0.0081657,-0.0015592,-0.0018021,-0.0013002,0.0020824,G-raw-2h
validation,dollar,vol_regime,low,MIX-blend,93050,165,0.06888,0.066227,0.071523,0.2313,0.22242,0.24056,-0.012043,-0.015179,-0.0091284,-0.0010659,-0.0013413,-0.00076878,-0.0025616,G-raw-2h
validation,dollar,vol_regime,mid,MIX-blend,132011,193,0.063206,0.061144,0.065186,0.21113,0.20419,0.21836,-0.011358,-0.013594,-0.0094301,-0.0015272,-0.0017659,-0.0012864,-0.0014036,G-raw-2h
validation,dollar,vol_regime,high,MIX-blend,199924,160,0.060411,0.058806,0.062155,0.20143,0.19627,0.2067,-0.0094934,-0.01127,-0.0077438,-0.0015251,-0.0017669,-0.0012718,0.0020818,G-raw-2h
validation,dollar,vol_regime,low,EMP-blend,93050,165,0.068901,0.066227,0.071562,0.23135,0.22236,0.24075,-0.011994,-0.015071,-0.0091522,-0.001045,-0.001318,-0.0007403,-0.0043146,G-raw-2h
validation,dollar,vol_regime,mid,EMP-blend,132011,193,0.063199,0.061107,0.065172,0.21098,0.20389,0.21825,-0.011507,-0.013655,-0.0096285,-0.0015341,-0.0017716,-0.0013024,-0.0030383,G-raw-2h
validation,dollar,vol_regime,high,EMP-blend,199924,160,0.060364,0.058754,0.062118,0.20107,0.19585,0.20643,-0.0098528,-0.011559,-0.0081782,-0.0015719,-0.0018111,-0.001318,0.00050292,G-raw-2h
test,z,all,all,G-raw-10m,3376125,632,0.077755,0.076938,0.078512,0.26304,0.25982,0.26612,-0.0020684,-0.003119,-0.00087238,-0.0012076,-0.0013177,-0.0010903,-0.0002451,G-raw-2h
test,z,all,all,G-raw-30m,3376125,632,0.077881,0.077088,0.078628,0.26053,0.25775,0.26333,-0.0045777,-0.0052441,-0.0038408,-0.0010818,-0.0011638,-0.00099994,-0.0002451,G-raw-2h
test,z,all,all,G-raw-2h,3376125,632,0.078963,0.078175,0.079684,0.26511,0.26252,0.26767,0,0,0,0,0,0,-0.0002451,G-raw-2h
test,z,all,all,G-raw-6h,3376125,632,0.080861,0.080136,0.081538,0.27491,0.27237,0.2775,0.0098096,0.0087962,0.010757,0.0018985,0.0016897,0.0021115,-0.0002451,G-raw-2h
test,z,all,all,G-raw-1d,3376125,632,0.083748,0.082894,0.084571,0.28728,0.2842,0.29038,0.022175,0.019861,0.024416,0.0047849,0.0042003,0.0053678,-0.0002451,G-raw-2h
test,z,all,all,G-seas-10m,3376125,632,0.077627,0.076801,0.078381,0.26219,0.25901,0.26543,-0.0029175,-0.0040496,-0.0016687,-0.0013357,-0.0014563,-0.0012119,-0.0002451,G-raw-2h
test,z,all,all,G-seas-30m,3376125,632,0.077626,0.076815,0.078374,0.25892,0.25607,0.26184,-0.006182,-0.0070339,-0.0052285,-0.0013369,-0.0014426,-0.0012333,-0.0002451,G-raw-2h
test,z,all,all,G-seas-2h,3376125,632,0.078062,0.077252,0.078798,0.25964,0.25696,0.26218,-0.0054691,-0.0061809,-0.004771,-0.00090087,-0.0010013,-0.00080297,-0.0002451,G-raw-2h
test,z,all,all,G-seas-6h,3376125,632,0.0787,0.077945,0.079413,0.26299,0.26048,0.2656,-0.002116,-0.0030118,-0.0012335,-0.00026272,-0.00039831,-0.00013213,-0.0002451,G-raw-2h
test,z,all,all,G-seas-1d,3376125,632,0.079766,0.079047,0.080513,0.26858,0.26598,0.2714,0.0034772,0.0021216,0.0047784,0.00080388,0.00055323,0.0010467,-0.0002451,G-raw-2h
test,z,all,all,G-blend-raw,3376125,632,0.077609,0.076817,0.07834,0.25771,0.25501,0.26027,-0.0073942,-0.0079833,-0.00673,-0.0013534,-0.0014384,-0.0012645,-0.0002451,G-raw-2h
test,z,all,all,G-blend,3376125,632,0.077262,0.076479,0.077995,0.25581,0.25312,0.25844,-0.0092939,-0.010062,-0.0084821,-0.0017009,-0.0018132,-0.0015963,-0.0002451,G-raw-2h
test,z,all,all,T-raw-2h,3376125,632,0.077653,0.07681,0.078429,0.25925,0.25648,0.26184,-0.005852,-0.0061526,-0.0055384,-0.0013098,-0.0013869,-0.0012366,-0.0002451,G-raw-2h
test,z,all,all,T-blend,3376125,632,0.076751,0.075927,0.077514,0.25296,0.25023,0.25552,-0.012143,-0.012827,-0.011439,-0.0022121,-0.002328,-0.0021037,-0.0002451,G-raw-2h
test,z,all,all,MIX-blend,3376125,632,0.076759,0.07594,0.07752,0.25308,0.25039,0.25561,-0.012023,-0.012707,-0.011316,-0.0022032,-0.0023181,-0.0020959,-0.0002451,G-raw-2h
test,z,all,all,EMP-blend,3376125,632,0.076775,0.075947,0.077534,0.25305,0.25035,0.25563,-0.012051,-0.012748,-0.011343,-0.0021879,-0.002306,-0.0020796,0.00044823,G-raw-2h
test,z,tau,60m,G-raw-10m,375125,632,0.087409,0.086172,0.088674,0.30397,0.29853,0.3095,0.011812,0.0092515,0.014322,-4.3645e-05,-0.00023096,0.00013693,-0.00027058,G-raw-2h
test,z,tau,45m,G-raw-10m,375125,632,0.085401,0.084251,0.08656,0.29043,0.28575,0.29544,0.0032127,0.0011962,0.0053156,-0.00043943,-0.00062608,-0.00025669,-0.001097,G-raw-2h
test,z,tau,30m,G-raw-10m,375125,632,0.084861,0.083686,0.086047,0.28741,0.28273,0.29216,0.0010937,-0.00076431,0.0030645,-0.00058641,-0.00077897,-0.00040194,-0.00075575,G-raw-2h
test,z,tau,20m,G-raw-10m,375125,632,0.079619,0.078481,0.080745,0.26755,0.2631,0.27229,-0.0026006,-0.0044318,-0.00060355,-0.0010252,-0.0011995,-0.00083738,0.0011929,G-raw-2h
test,z,tau,15m,G-raw-10m,375125,632,0.078835,0.077774,0.07995,0.26457,0.26026,0.26925,-0.0027639,-0.0045976,-0.0008092,-0.0011726,-0.00136,-0.00098438,0.00053449,G-raw-2h
test,z,tau,10m,G-raw-10m,375125,632,0.076861,0.075862,0.077943,0.25691,0.25318,0.26117,-0.0046345,-0.0063298,-0.002673,-0.0013336,-0.0015149,-0.0011314,-8.6638e-05,G-raw-2h
test,z,tau,5m,G-raw-10m,375125,632,0.071054,0.070039,0.072073,0.2382,0.23441,0.2421,-0.0075295,-0.0091045,-0.0057944,-0.0018964,-0.0020825,-0.0017017,-0.0020113,G-raw-2h
test,z,tau,3m,G-raw-10m,375125,632,0.068553,0.067626,0.069554,0.23116,0.22761,0.23493,-0.008374,-0.0099341,-0.0066503,-0.0021026,-0.0022754,-0.0019306,0.0004092,G-raw-2h
test,z,tau,2m,G-raw-10m,375125,632,0.067203,0.066198,0.068167,0.22715,0.22348,0.2309,-0.0088313,-0.010331,-0.0071642,-0.0022683,-0.0024411,-0.0020749,-0.00012129,G-raw-2h
test,z,tau,60m,G-raw-30m,375125,632,0.086991,0.085786,0.088241,0.29326,0.28853,0.29791,0.0010988,-0.0003141,0.0024205,-0.00046157,-0.00058114,-0.00033751,-0.00027058,G-raw-2h
test,z,tau,45m,G-raw-30m,375125,632,0.085189,0.084071,0.086326,0.28574,0.28169,0.28996,-0.001479,-0.0027116,-0.00022152,-0.00065137,-0.0007707,-0.00052841,-0.001097,G-raw-2h
test,z,tau,30m,G-raw-30m,375125,632,0.084696,0.083534,0.08591,0.28331,0.27895,0.28779,-0.0029975,-0.0042217,-0.001801,-0.0007514,-0.0008742,-0.00063029,-0.00075575,G-raw-2h
test,z,tau,20m,G-raw-30m,375125,632,0.07959,0.078454,0.080757,0.26473,0.26069,0.26886,-0.0054193,-0.0064542,-0.0043173,-0.0010543,-0.0011694,-0.00094161,0.0011929,G-raw-2h
test,z,tau,15m,G-raw-30m,375125,632,0.078899,0.077861,0.080013,0.26196,0.25825,0.26616,-0.0053677,-0.0064818,-0.004288,-0.0011079,-0.0012275,-0.00098806,0.00053449,G-raw-2h
test,z,tau,10m,G-raw-30m,375125,632,0.07698,0.076024,0.078046,0.25526,0.25191,0.25891,-0.006279,-0.0072879,-0.0051215,-0.0012149,-0.0013306,-0.0010808,-8.6638e-05,G-raw-2h
test,z,tau,5m,G-raw-30m,375125,632,0.071488,0.070512,0.072474,0.23857,0.23529,0.24207,-0.0071551,-0.0081026,-0.0061147,-0.0014627,-0.0015825,-0.0013409,-0.0020113,G-raw-2h
test,z,tau,3m,G-raw-30m,375125,632,0.069162,0.068249,0.070131,0.23263,0.22945,0.23596,-0.0069022,-0.0077911,-0.0058601,-0.001494,-0.0016028,-0.0013845,0.0004092,G-raw-2h
test,z,tau,2m,G-raw-30m,375125,632,0.067933,0.066944,0.06888,0.22928,0.22589,0.23256,-0.0066984,-0.0076338,-0.0056802,-0.0015383,-0.001652,-0.0014229,-0.00012129,G-raw-2h
test,z,tau,60m,G-raw-2h,375125,632,0.087453,0.086299,0.088606,0.29216,0.28796,0.29637,0,0,0,0,0,0,-0.00027058,G-raw-2h
test,z,tau,45m,G-raw-2h,375125,632,0.08584,0.084723,0.08697,0.28722,0.28337,0.29109,0,0,0,0,0,0,-0.001097,G-raw-2h
test,z,tau,30m,G-raw-2h,375125,632,0.085447,0.08431,0.086622,0.28631,0.28237,0.29028,0,0,0,0,0,0,-0.00075575,G-raw-2h
test,z,tau,20m,G-raw-2h,375125,632,0.080644,0.079506,0.081818,0.27015,0.26624,0.27432,0,0,0,0,0,0,0.0011929,G-raw-2h
test,z,tau,15m,G-raw-2h,375125,632,0.080007,0.07897,0.081101,0.26733,0.26377,0.2712,0,0,0,0,0,0,0.00053449,G-raw-2h
test,z,tau,10m,G-raw-2h,375125,632,0.078194,0.077264,0.079198,0.26154,0.25834,0.26497,0,0,0,0,0,0,-8.6638e-05,G-raw-2h
test,z,tau,5m,G-raw-2h,375125,632,0.07295,0.072042,0.073904,0.24573,0.24277,0.24896,0,0,0,0,0,0,-0.0020113,G-raw-2h
test,z,tau,3m,G-raw-2h,375125,632,0.070656,0.069772,0.071627,0.23953,0.23654,0.24273,0,0,0,0,0,0,0.0004092,G-raw-2h
test,z,tau,2m,G-raw-2h,375125,632,0.069471,0.068522,0.070423,0.23598,0.23275,0.239,0,0,0,0,0,0,-0.00012129,G-raw-2h
test,z,tau,60m,G-raw-6h,375125,632,0.088731,0.087615,0.089807,0.29848,0.29449,0.30233,0.0063188,0.0051184,0.0075188,0.0012788,0.0010553,0.0014974,-0.00027058,G-raw-2h
test,z,tau,45m,G-raw-6h,375125,632,0.087223,0.086138,0.088233,0.29438,0.29048,0.29822,0.0071625,0.005965,0.0083246,0.0013827,0.0011541,0.0015988,-0.001097,G-raw-2h
test,z,tau,30m,G-raw-6h,375125,632,0.086972,0.085825,0.088108,0.29389,0.2901,0.29773,0.0075815,0.0063588,0.008704,0.0015251,0.001306,0.0017472,-0.00075575,G-raw-2h
test,z,tau,20m,G-raw-6h,375125,632,0.082506,0.08143,0.083618,0.28063,0.27669,0.2847,0.010479,0.0093234,0.011606,0.001862,0.0016479,0.0020878,0.0011929,G-raw-2h
test,z,tau,15m,G-raw-6h,375125,632,0.081926,0.080908,0.082975,0.27793,0.27424,0.28176,0.010604,0.0095409,0.011747,0.0019187,0.0017103,0.0021366,0.00053449,G-raw-2h
test,z,tau,10m,G-raw-6h,375125,632,0.080285,0.079379,0.081248,0.27325,0.26981,0.27664,0.011712,0.010635,0.012824,0.0020905,0.0018697,0.0023206,-8.6638e-05,G-raw-2h
test,z,tau,5m,G-raw-6h,375125,632,0.075244,0.074361,0.076188,0.25744,0.25442,0.2606,0.011717,0.010579,0.012812,0.0022936,0.0020447,0.0025317,-0.0020113,G-raw-2h
test,z,tau,3m,G-raw-6h,375125,632,0.072979,0.072097,0.07392,0.25087,0.24783,0.25418,0.011342,0.010244,0.012377,0.0023232,0.0020831,0.0025496,0.0004092,G-raw-2h
test,z,tau,2m,G-raw-6h,375125,632,0.071883,0.070904,0.072823,0.24735,0.24399,0.25052,0.01137,0.010241,0.012505,0.0024119,0.0021546,0.0026512,-0.00012129,G-raw-2h
test,z,tau,60m,G-raw-1d,375125,632,0.091004,0.089845,0.092093,0.308,0.30372,0.31197,0.015841,0.01346,0.018145,0.0035513,0.002975,0.0040997,-0.00027058,G-raw-2h
test,z,tau,45m,G-raw-1d,375125,632,0.08957,0.088446,0.090641,0.30446,0.30028,0.30852,0.017244,0.01496,0.019513,0.00373,0.0031615,0.0042937,-0.001097,G-raw-2h
test,z,tau,30m,G-raw-1d,375125,632,0.089492,0.088358,0.090555,0.30461,0.30058,0.30857,0.018303,0.015644,0.020744,0.0040442,0.0034587,0.0046304,-0.00075575,G-raw-2h
test,z,tau,20m,G-raw-1d,375125,632,0.085283,0.08413,0.086383,0.29315,0.28897,0.29753,0.023004,0.020574,0.025408,0.0046384,0.0040529,0.0052305,0.0011929,G-raw-2h
test,z,tau,15m,G-raw-1d,375125,632,0.084782,0.083742,0.085899,0.2906,0.28665,0.2948,0.023267,0.020776,0.025618,0.0047742,0.0042052,0.0053459,0.00053449,G-raw-2h
test,z,tau,10m,G-raw-1d,375125,632,0.083333,0.082335,0.084475,0.28702,0.28316,0.29101,0.025483,0.023044,0.027908,0.0051384,0.0045549,0.0057282,-8.6638e-05,G-raw-2h
test,z,tau,5m,G-raw-1d,375125,632,0.078538,0.077491,0.079597,0.27136,0.26763,0.27518,0.025639,0.023026,0.028203,0.0055876,0.0049185,0.0062447,-0.0020113,G-raw-2h
test,z,tau,3m,G-raw-1d,375125,632,0.076414,0.075394,0.077514,0.26509,0.26152,0.26892,0.025562,0.023047,0.028033,0.0057582,0.0051055,0.0063928,0.0004092,G-raw-2h
test,z,tau,2m,G-raw-1d,375125,632,0.075313,0.074158,0.076475,0.26122,0.25709,0.26514,0.025235,0.022633,0.027744,0.0058422,0.005119,0.0064604,-0.00012129,G-raw-2h
test,z,tau,60m,G-seas-10m,375125,632,0.08717,0.085941,0.088434,0.29973,0.29452,0.30499,0.0075666,0.0050771,0.010081,-0.00028231,-0.00048628,-7.4926e-05,-0.00027058,G-raw-2h
test,z,tau,45m,G-seas-10m,375125,632,0.085113,0.083934,0.086275,0.28801,0.28345,0.29293,0.00079502,-0.0012804,0.0031075,-0.00072698,-0.00093195,-0.00052131,-0.001097,G-raw-2h
test,z,tau,30m,G-seas-10m,375125,632,0.084414,0.083225,0.085615,0.2853,0.28067,0.29003,-0.0010098,-0.0032541,0.0014026,-0.0010335,-0.0012632,-0.00079178,-0.00075575,G-raw-2h
test,z,tau,20m,G-seas-10m,375125,632,0.079539,0.078407,0.080667,0.26791,0.26347,0.27274,-0.0022392,-0.0042599,-0.00021426,-0.0011053,-0.0013057,-0.00089592,0.0011929,G-raw-2h
test,z,tau,15m,G-seas-10m,375125,632,0.078799,0.07774,0.079919,0.26496,0.26059,0.26985,-0.0023724,-0.0042602,-0.00024308,-0.001208,-0.0014018,-0.0010087,0.00053449,G-raw-2h
test,z,tau,10m,G-seas-10m,375125,632,0.07685,0.075847,0.077927,0.25715,0.25337,0.26146,-0.0043878,-0.0061134,-0.0023856,-0.0013448,-0.0015334,-0.0011369,-8.6638e-05,G-raw-2h
test,z,tau,5m,G-seas-10m,375125,632,0.071031,0.070002,0.072045,0.23822,0.2344,0.24211,-0.0075047,-0.0090846,-0.0057222,-0.0019189,-0.0021045,-0.0017226,-0.0020113,G-raw-2h
test,z,tau,3m,G-seas-10m,375125,632,0.068533,0.067598,0.069525,0.23121,0.22761,0.23509,-0.0083161,-0.00991,-0.0065492,-0.0021232,-0.002293,-0.0019469,0.0004092,G-raw-2h
test,z,tau,2m,G-seas-10m,375125,632,0.067193,0.066183,0.068159,0.22719,0.22348,0.23101,-0.0087895,-0.0103,-0.0070941,-0.0022784,-0.0024526,-0.002084,-0.00012129,G-raw-2h
test,z,tau,60m,G-seas-30m,375125,632,0.086613,0.085424,0.087832,0.28941,0.28467,0.29391,-0.002749,-0.0043578,-0.0010395,-0.00083981,-0.0010068,-0.00067171,-0.00027058,G-raw-2h
test,z,tau,45m,G-seas-30m,375125,632,0.084803,0.0837,0.085939,0.28257,0.2787,0.28671,-0.0046428,-0.0060493,-0.0031009,-0.0010368,-0.0011987,-0.00086834,-0.001097,G-raw-2h
test,z,tau,30m,G-seas-30m,375125,632,0.084116,0.082943,0.085295,0.27972,0.27542,0.28425,-0.0065928,-0.0081943,-0.0050074,-0.0013312,-0.001517,-0.0011379,-0.00075575,G-raw-2h
test,z,tau,20m,G-seas-30m,375125,632,0.079321,0.078182,0.080471,0.26373,0.25965,0.26798,-0.0064187,-0.0078226,-0.0050709,-0.0013236,-0.00149,-0.0011538,0.0011929,G-raw-2h
test,z,tau,15m,G-seas-30m,375125,632,0.0787,0.077666,0.079821,0.26114,0.25725,0.26543,-0.0061957,-0.0075289,-0.0048436,-0.0013076,-0.0014588,-0.0011531,0.00053449,G-raw-2h
test,z,tau,10m,G-seas-30m,375125,632,0.076843,0.075889,0.077905,0.25479,0.25131,0.25842,-0.0067472,-0.0079761,-0.0053257,-0.001351,-0.0014945,-0.0011876,-8.6638e-05,G-raw-2h
test,z,tau,5m,G-seas-30m,375125,632,0.071349,0.070332,0.072338,0.23794,0.23452,0.24151,-0.0077868,-0.0088245,-0.0065488,-0.0016017,-0.00174,-0.0014619,-0.0020113,G-raw-2h
test,z,tau,3m,G-seas-30m,375125,632,0.069043,0.068139,0.069994,0.23213,0.22893,0.2356,-0.0073975,-0.0084051,-0.0062286,-0.0016127,-0.0017374,-0.0014806,0.0004092,G-raw-2h
test,z,tau,2m,G-seas-30m,375125,632,0.067844,0.066862,0.068781,0.22887,0.22548,0.23226,-0.0071076,-0.0081357,-0.0060106,-0.0016274,-0.0017595,-0.0014938,-0.00012129,G-raw-2h
test,z,tau,60m,G-seas-2h,375125,632,0.086498,0.085345,0.087653,0.28559,0.2814,0.28978,-0.0065725,-0.0077865,-0.0053701,-0.00095506,-0.0011117,-0.00080259,-0.00027058,G-raw-2h
test,z,tau,45m,G-seas-2h,375125,632,0.084896,0.08383,0.085994,0.28096,0.2773,0.28474,-0.0062534,-0.0073268,-0.0050972,-0.00094413,-0.0010877,-0.00080521,-0.001097,G-raw-2h
test,z,tau,30m,G-seas-2h,375125,632,0.084269,0.083135,0.085429,0.27862,0.27469,0.28276,-0.0076929,-0.0089677,-0.0064713,-0.0011785,-0.0013386,-0.001011,-0.00075575,G-raw-2h
test,z,tau,20m,G-seas-2h,375125,632,0.079658,0.078527,0.080825,0.26404,0.26027,0.26806,-0.0061126,-0.007144,-0.0050966,-0.00098645,-0.0011376,-0.00084664,0.0011929,G-raw-2h
test,z,tau,15m,G-seas-2h,375125,632,0.079086,0.078022,0.080176,0.26146,0.25784,0.26551,-0.0058682,-0.0067776,-0.0049338,-0.00092158,-0.0010556,-0.0007944,0.00053449,G-raw-2h
test,z,tau,10m,G-seas-2h,375125,632,0.077346,0.076395,0.078364,0.25652,0.25324,0.25992,-0.0050203,-0.0059243,-0.0040991,-0.00084881,-0.00097178,-0.00072424,-8.6638e-05,G-raw-2h
test,z,tau,5m,G-seas-2h,375125,632,0.072121,0.071148,0.073076,0.24129,0.23817,0.24454,-0.0044306,-0.0051875,-0.003564,-0.00082966,-0.00094117,-0.00071033,-0.0020113,G-raw-2h
test,z,tau,3m,G-seas-2h,375125,632,0.069894,0.068979,0.070821,0.2357,0.23255,0.23888,-0.0038258,-0.0045254,-0.0030723,-0.00076231,-0.00086853,-0.00064688,0.0004092,G-raw-2h
test,z,tau,2m,G-seas-2h,375125,632,0.06879,0.067825,0.069729,0.23254,0.22945,0.2357,-0.0034453,-0.0041545,-0.0027379,-0.00068138,-0.00079392,-0.00056767,-0.00012129,G-raw-2h
test,z,tau,60m,G-seas-6h,375125,632,0.086792,0.085662,0.087873,0.28678,0.2827,0.29083,-0.0053834,-0.0068179,-0.0040047,-0.00066083,-0.00085203,-0.00047478,-0.00027058,G-raw-2h
test,z,tau,45m,G-seas-6h,375125,632,0.085272,0.084188,0.086336,0.28308,0.27925,0.28694,-0.004141,-0.005531,-0.0027424,-0.00056749,-0.00075139,-0.00038821,-0.001097,G-raw-2h
test,z,tau,30m,G-seas-6h,375125,632,0.084718,0.083607,0.085836,0.28107,0.27713,0.28502,-0.0052446,-0.0068616,-0.0036726,-0.00072897,-0.00094041,-0.00053229,-0.00075575,G-raw-2h
test,z,tau,20m,G-seas-6h,375125,632,0.080261,0.07918,0.081393,0.26737,0.26372,0.27139,-0.002778,-0.0040338,-0.0014965,-0.0003835,-0.00056538,-0.00020756,0.0011929,G-raw-2h
test,z,tau,15m,G-seas-6h,375125,632,0.079701,0.078686,0.080804,0.26496,0.2613,0.2689,-0.0023702,-0.0035739,-0.0011834,-0.00030655,-0.00047195,-0.00014121,0.00053449,G-raw-2h
test,z,tau,10m,G-seas-6h,375125,632,0.078063,0.077128,0.07905,0.26072,0.25723,0.26413,-0.00081891,-0.0018973,0.00026735,-0.00013119,-0.00029007,1.6281e-05,-8.6638e-05,G-raw-2h
test,z,tau,5m,G-seas-6h,375125,632,0.072963,0.072032,0.073906,0.24576,0.24262,0.24906,3.6939e-05,-0.00096954,0.0010594,1.2857e-05,-0.00014681,0.00017125,-0.0020113,G-raw-2h
test,z,tau,3m,G-seas-6h,375125,632,0.070794,0.069899,0.071708,0.24022,0.23709,0.24339,0.00069347,-0.0003108,0.0017295,0.00013788,-1.6029e-05,0.0002986,0.0004092,G-raw-2h
test,z,tau,2m,G-seas-6h,375125,632,0.069735,0.068777,0.070668,0.23694,0.23378,0.24005,0.00096135,7.6016e-05,0.0018723,0.00026334,9.82e-05,0.00042061,-0.00012129,G-raw-2h
test,z,tau,60m,G-seas-1d,375125,632,0.087541,0.086431,0.088592,0.29087,0.28707,0.29481,-0.0012908,-0.0031764,0.00055307,8.8297e-05,-0.00019022,0.00036557,-0.00027058,G-raw-2h
test,z,tau,45m,G-seas-1d,375125,632,0.086031,0.084935,0.087051,0.28733,0.28346,0.29111,0.0001156,-0.0017466,0.0020226,0.00019127,-7.7386e-05,0.00044857,-0.001097,G-raw-2h
test,z,tau,30m,G-seas-1d,375125,632,0.085556,0.084488,0.086608,0.28575,0.28191,0.28972,-0.00055977,-0.0027737,0.0016876,0.00010898,-0.00019783,0.00040087,-0.00075575,G-raw-2h
test,z,tau,20m,G-seas-1d,375125,632,0.081255,0.080249,0.082366,0.27283,0.26928,0.27686,0.0026792,0.00094463,0.004401,0.0006106,0.00033502,0.00088247,0.0011929,G-raw-2h
test,z,tau,15m,G-seas-1d,375125,632,0.080749,0.079728,0.081783,0.27071,0.26709,0.27464,0.0033777,0.0016747,0.0051192,0.00074124,0.00047176,0.0010123,0.00053449,G-raw-2h
test,z,tau,10m,G-seas-1d,375125,632,0.079204,0.078298,0.080182,0.26701,0.26349,0.27057,0.0054665,0.0039609,0.0070454,0.0010093,0.00075296,0.0012605,-8.6638e-05,G-raw-2h
test,z,tau,5m,G-seas-1d,375125,632,0.074259,0.073346,0.075227,0.25241,0.24923,0.25599,0.0066816,0.0050991,0.0082829,0.0013087,0.0010292,0.0015907,-0.0020113,G-raw-2h
test,z,tau,3m,G-seas-1d,375125,632,0.072177,0.07128,0.073159,0.2469,0.24359,0.25029,0.0073683,0.0059105,0.0088965,0.0015206,0.0012349,0.0018217,0.0004092,G-raw-2h
test,z,tau,2m,G-seas-1d,375125,632,0.071127,0.070166,0.072087,0.24344,0.2401,0.24676,0.0074563,0.0059002,0.0090021,0.0016558,0.0013556,0.0019609,-0.00012129,G-raw-2h
test,z,tau,60m,G-blend-raw,375125,632,0.087488,0.086368,0.08862,0.28961,0.28581,0.29327,-0.0025543,-0.0034652,-0.0016638,3.5196e-05,-9.4119e-05,0.00016838,-0.00027058,G-raw-2h
test,z,tau,45m,G-blend-raw,375125,632,0.085692,0.084651,0.086766,0.28378,0.2804,0.28725,-0.0034415,-0.0043861,-0.002486,-0.00014846,-0.00028769,-1.6786e-05,-0.001097,G-raw-2h
test,z,tau,30m,G-blend-raw,375125,632,0.085165,0.084048,0.086292,0.28173,0.27799,0.28532,-0.0045836,-0.0056245,-0.0035204,-0.00028268,-0.00043758,-0.00013229,-0.00075575,G-raw-2h
test,z,tau,20m,G-blend-raw,375125,632,0.079549,0.078437,0.080668,0.26371,0.2598,0.2676,-0.0064427,-0.0075225,-0.0053982,-0.0010955,-0.0012282,-0.0009676,0.0011929,G-raw-2h
test,z,tau,15m,G-blend-raw,375125,632,0.078831,0.077803,0.079937,0.26063,0.25705,0.26471,-0.0066975,-0.0077105,-0.0056404,-0.0011764,-0.0013195,-0.0010359,0.00053449,G-raw-2h
test,z,tau,10m,G-blend-raw,375125,632,0.076738,0.075777,0.077809,0.25375,0.25039,0.25746,-0.0077909,-0.008841,-0.0066665,-0.0014569,-0.0015928,-0.0013103,-8.6638e-05,G-raw-2h
test,z,tau,5m,G-blend-raw,375125,632,0.070632,0.069625,0.071671,0.23496,0.23153,0.23863,-0.010769,-0.011835,-0.0095814,-0.0023186,-0.0024629,-0.0021646,-0.0020113,G-raw-2h
test,z,tau,3m,G-blend-raw,375125,632,0.067912,0.066965,0.06894,0.2278,0.22425,0.23154,-0.011726,-0.012885,-0.010554,-0.0027438,-0.0028827,-0.0025957,0.0004092,G-raw-2h
test,z,tau,2m,G-blend-raw,375125,632,0.066477,0.065431,0.067478,0.22344,0.21969,0.22722,-0.012543,-0.013677,-0.011297,-0.0029938,-0.003148,-0.0028406,-0.00012129,G-raw-2h
test,z,tau,60m,G-blend,375125,632,0.086628,0.085482,0.087736,0.28514,0.28125,0.28894,-0.0070203,-0.0083208,-0.0056633,-0.00082447,-0.00099816,-0.00064384,-0.00027058,G-raw-2h
test,z,tau,45m,G-blend,375125,632,0.084897,0.083829,0.085982,0.27967,0.27623,0.28336,-0.0075478,-0.0087918,-0.0062829,-0.00094329,-0.0011136,-0.00078206,-0.001097,G-raw-2h
test,z,tau,30m,G-blend,375125,632,0.0842,0.083102,0.085303,0.27686,0.27315,0.28059,-0.0094546,-0.010901,-0.0079833,-0.0012469,-0.0014457,-0.0010439,-0.00075575,G-raw-2h
test,z,tau,20m,G-blend,375125,632,0.079269,0.078165,0.080395,0.26223,0.25837,0.26616,-0.0079145,-0.0091128,-0.0067362,-0.0013758,-0.0015386,-0.0012246,0.0011929,G-raw-2h
test,z,tau,15m,G-blend,375125,632,0.078629,0.07756,0.079735,0.25932,0.25574,0.26347,-0.0080089,-0.009111,-0.0068351,-0.0013784,-0.0015242,-0.0012214,0.00053449,G-raw-2h
test,z,tau,10m,G-blend,375125,632,0.076639,0.075698,0.077693,0.25319,0.24987,0.2567,-0.0083534,-0.0094393,-0.0071714,-0.0015555,-0.0016931,-0.0014088,-8.6638e-05,G-raw-2h
test,z,tau,5m,G-blend,375125,632,0.070612,0.069576,0.071636,0.23458,0.23116,0.23825,-0.011143,-0.012193,-0.0099816,-0.0023385,-0.0024896,-0.0021826,-0.0020113,G-raw-2h
test,z,tau,3m,G-blend,375125,632,0.06794,0.067009,0.06895,0.22775,0.22413,0.23145,-0.011784,-0.012956,-0.010613,-0.0027158,-0.0028563,-0.0025632,0.0004092,G-raw-2h
test,z,tau,2m,G-blend,375125,632,0.066542,0.065503,0.06753,0.22356,0.21994,0.22737,-0.012418,-0.013523,-0.011176,-0.0029291,-0.0030842,-0.0027726,-0.00012129,G-raw-2h
test,z,tau,60m,T-raw-2h,375125,632,0.087058,0.08586,0.088256,0.28859,0.28466,0.29244,-0.003576,-0.0040505,-0.0030585,-0.00039479,-0.00046235,-0.00032695,-0.00027058,G-raw-2h
test,z,tau,45m,T-raw-2h,375125,632,0.08532,0.084162,0.086492,0.2835,0.27982,0.2873,-0.0037161,-0.0041365,-0.0032319,-0.00052029,-0.00059811,-0.00043933,-0.001097,G-raw-2h
test,z,tau,30m,T-raw-2h,375125,632,0.084922,0.083718,0.086148,0.28238,0.2785,0.28626,-0.0039354,-0.0043451,-0.003502,-0.00052517,-0.00060722,-0.00044617,-0.00075575,G-raw-2h
test,z,tau,20m,T-raw-2h,375125,632,0.079716,0.078508,0.08096,0.26588,0.26192,0.27003,-0.0042685,-0.0046959,-0.0038409,-0.00092838,-0.001043,-0.00081901,0.0011929,G-raw-2h
test,z,tau,15m,T-raw-2h,375125,632,0.079112,0.077988,0.080296,0.26323,0.25947,0.26724,-0.0041046,-0.0045077,-0.0036906,-0.00089491,-0.00098729,-0.00079724,0.00053449,G-raw-2h
test,z,tau,10m,T-raw-2h,375125,632,0.077062,0.076049,0.078174,0.25683,0.2536,0.26047,-0.0047107,-0.0051502,-0.0042714,-0.0011321,-0.0012392,-0.0010153,-8.6638e-05,G-raw-2h
test,z,tau,5m,T-raw-2h,375125,632,0.070961,0.069915,0.072054,0.23799,0.23462,0.24164,-0.0077364,-0.0083427,-0.0071204,-0.0019892,-0.0021367,-0.0018321,-0.0020113,G-raw-2h
test,z,tau,3m,T-raw-2h,375125,632,0.068128,0.067106,0.06924,0.22972,0.22628,0.23341,-0.0098115,-0.010508,-0.0091452,-0.0025276,-0.0026979,-0.0023668,0.0004092,G-raw-2h
test,z,tau,2m,T-raw-2h,375125,632,0.066596,0.065497,0.067705,0.22517,0.22143,0.22887,-0.010808,-0.011544,-0.010034,-0.0028756,-0.003058,-0.0026944,-0.00012129,G-raw-2h
test,z,tau,60m,T-blend,375125,632,0.086107,0.084906,0.087295,0.28227,0.27836,0.28616,-0.0098951,-0.011004,-0.0087157,-0.0013459,-0.0015019,-0.001198,-0.00027058,G-raw-2h
test,z,tau,45m,T-blend,375125,632,0.084346,0.083234,0.085488,0.27687,0.27332,0.28049,-0.010349,-0.011405,-0.0092092,-0.0014936,-0.0016398,-0.0013563,-0.001097,G-raw-2h
test,z,tau,30m,T-blend,375125,632,0.083778,0.082598,0.084936,0.27435,0.2706,0.2781,-0.011961,-0.013179,-0.010742,-0.0016691,-0.0018481,-0.001491,-0.00075575,G-raw-2h
test,z,tau,20m,T-blend,375125,632,0.078803,0.077624,0.080003,0.25946,0.25577,0.26349,-0.010693,-0.01172,-0.009702,-0.0018419,-0.0020065,-0.0016847,0.0011929,G-raw-2h
test,z,tau,15m,T-blend,375125,632,0.078203,0.0771,0.079354,0.25686,0.25328,0.26091,-0.010468,-0.011448,-0.0094675,-0.0018044,-0.0019456,-0.0016477,0.00053449,G-raw-2h
test,z,tau,10m,T-blend,375125,632,0.076217,0.075215,0.077305,0.25076,0.24762,0.25412,-0.01078,-0.011693,-0.0098063,-0.0019776,-0.0021315,-0.00181,-8.6638e-05,G-raw-2h
test,z,tau,5m,T-blend,375125,632,0.070105,0.069034,0.071195,0.23191,0.22855,0.2354,-0.013816,-0.014721,-0.012812,-0.0028456,-0.0030133,-0.0026623,-0.0020113,G-raw-2h
test,z,tau,3m,T-blend,375125,632,0.067341,0.066351,0.068401,0.22425,0.22088,0.22774,-0.015278,-0.016252,-0.014277,-0.0033152,-0.0034995,-0.0031364,0.0004092,G-raw-2h
test,z,tau,2m,T-blend,375125,632,0.065856,0.064767,0.066908,0.21993,0.21637,0.2235,-0.016048,-0.017067,-0.015057,-0.0036153,-0.0038246,-0.0034211,-0.00012129,G-raw-2h
test,z,tau,60m,MIX-blend,375125,632,0.086122,0.084925,0.087302,0.28241,0.27857,0.28621,-0.0097551,-0.010908,-0.0085601,-0.0013309,-0.0014865,-0.0011846,-0.00027058,G-raw-2h
test,z,tau,45m,MIX-blend,375125,632,0.084359,0.083255,0.085495,0.27699,0.27351,0.28056,-0.010232,-0.011278,-0.0090932,-0.0014807,-0.001627,-0.0013457,-0.001097,G-raw-2h
test,z,tau,30m,MIX-blend,375125,632,0.083791,0.082615,0.08494,0.27446,0.27076,0.27817,-0.011849,-0.013117,-0.010619,-0.0016563,-0.0018367,-0.001477,-0.00075575,G-raw-2h
test,z,tau,20m,MIX-blend,375125,632,0.078814,0.07764,0.080008,0.25957,0.25595,0.26357,-0.01058,-0.011626,-0.0096021,-0.0018306,-0.0019925,-0.0016758,0.0011929,G-raw-2h
test,z,tau,15m,MIX-blend,375125,632,0.078221,0.07712,0.079366,0.25704,0.25349,0.26105,-0.010294,-0.01127,-0.0092689,-0.0017862,-0.0019269,-0.0016328,0.00053449,G-raw-2h
test,z,tau,10m,MIX-blend,375125,632,0.076225,0.075226,0.077308,0.25089,0.24777,0.25421,-0.010654,-0.011567,-0.0096692,-0.0019695,-0.0021225,-0.0018051,-8.6638e-05,G-raw-2h
test,z,tau,5m,MIX-blend,375125,632,0.070112,0.069045,0.0712,0.23203,0.2287,0.23546,-0.013695,-0.014595,-0.01272,-0.0028381,-0.0030041,-0.0026559,-0.0020113,G-raw-2h
test,z,tau,3m,MIX-blend,375125,632,0.067342,0.066353,0.068403,0.22436,0.22101,0.22783,-0.015175,-0.016121,-0.014208,-0.0033137,-0.0034946,-0.003136,0.0004092,G-raw-2h
test,z,tau,2m,MIX-blend,375125,632,0.065848,0.064758,0.0669,0.22001,0.2165,0.22349,-0.015969,-0.016976,-0.014998,-0.0036232,-0.0038315,-0.003429,-0.00012129,G-raw-2h
test,z,tau,60m,EMP-blend,375125,632,0.086121,0.08494,0.087311,0.28231,0.27842,0.28617,-0.0098559,-0.010988,-0.0086923,-0.0013317,-0.0014875,-0.0011805,-0.0010248,G-raw-2h
test,z,tau,45m,EMP-blend,375125,632,0.084367,0.083254,0.085498,0.27693,0.27337,0.28058,-0.010286,-0.011354,-0.0091514,-0.0014732,-0.0016215,-0.0013336,-0.00084382,G-raw-2h
test,z,tau,30m,EMP-blend,375125,632,0.083791,0.082622,0.084938,0.27439,0.27064,0.27815,-0.011921,-0.013161,-0.010695,-0.0016566,-0.0018362,-0.0014711,0.00081857,G-raw-2h
test,z,tau,20m,EMP-blend,375125,632,0.078812,0.077634,0.080005,0.25948,0.25575,0.26352,-0.010673,-0.011703,-0.009686,-0.0018328,-0.0019968,-0.00167,0.00062107,G-raw-2h
test,z,tau,15m,EMP-blend,375125,632,0.078222,0.077133,0.079371,0.25689,0.25335,0.26091,-0.01044,-0.011401,-0.0094299,-0.0017857,-0.001935,-0.0016352,0.00087563,G-raw-2h
test,z,tau,10m,EMP-blend,375125,632,0.076254,0.075254,0.077343,0.25087,0.2477,0.25425,-0.010673,-0.011607,-0.0096952,-0.0019408,-0.002089,-0.0017793,9.6532e-05,G-raw-2h
test,z,tau,5m,EMP-blend,375125,632,0.070138,0.069054,0.071221,0.23202,0.2287,0.2355,-0.013706,-0.01462,-0.012697,-0.002812,-0.0029825,-0.0026236,0.00031251,G-raw-2h
test,z,tau,3m,EMP-blend,375125,632,0.067382,0.06639,0.068434,0.22446,0.22111,0.22797,-0.015069,-0.016014,-0.014063,-0.0032739,-0.0034592,-0.0030962,0.00167,G-raw-2h
test,z,tau,2m,EMP-blend,375125,632,0.065887,0.064797,0.066935,0.22014,0.21665,0.22363,-0.015837,-0.016847,-0.014826,-0.0035845,-0.003791,-0.0033934,0.0015084,G-raw-2h
test,z,absz,0-0.5,G-raw-10m,405135,632,0.23682,0.23648,0.23715,0.66641,0.66571,0.66711,-0.0026322,-0.0028796,-0.0023724,-0.0012483,-0.0013618,-0.0011267,-0.00023079,G-raw-2h
test,z,absz,0.5-1,G-raw-10m,540180,632,0.16079,0.15937,0.16211,0.50081,0.49765,0.50395,-0.011415,-0.012489,-0.010308,-0.0041433,-0.0044794,-0.0038186,0.00024251,G-raw-2h
test,z,absz,1-1.5,G-raw-10m,540180,632,0.078853,0.077419,0.080281,0.29375,0.28924,0.2984,-0.0090726,-0.010708,-0.007327,-0.0021128,-0.0023357,-0.0018978,-0.00034063,G-raw-2h
test,z,absz,1.5-2,G-raw-10m,540180,632,0.036912,0.035798,0.038043,0.1647,0.16036,0.16932,-0.00019141,-0.0019244,0.0015816,-0.00029716,-0.00041282,-0.00017618,-0.00047392,G-raw-2h
test,z,absz,2-2.5,G-raw-10m,540180,632,0.018527,0.01765,0.019372,0.098243,0.093913,0.1026,0.004537,0.0029638,0.0062106,-1.4599e-05,-7.8247e-05,5.3498e-05,-0.00047947,G-raw-2h
test,z,absz,2.5-3,G-raw-10m,810270,632,0.0088468,0.0082254,0.0094429,0.057779,0.054042,0.061738,0.0034591,0.0020848,0.0048231,-2.8851e-05,-5.9227e-05,2.1769e-06,-0.00020487,G-raw-2h
test,z,absz,0-0.5,G-raw-30m,405135,632,0.23718,0.23688,0.23748,0.66717,0.66654,0.66777,-0.0018746,-0.0020404,-0.0017092,-0.00088314,-0.00096055,-0.00080598,-0.00023079,G-raw-2h
test,z,absz,0.5-1,G-raw-30m,540180,632,0.16164,0.16034,0.16286,0.50267,0.49965,0.5054,-0.0095639,-0.01027,-0.0088906,-0.003293,-0.0035302,-0.0030575,0.00024251,G-raw-2h
test,z,absz,1-1.5,G-raw-30m,540180,632,0.078911,0.077522,0.080294,0.29187,0.2879,0.2957,-0.010949,-0.011911,-0.0099778,-0.002055,-0.0022283,-0.0018853,-0.00034063,G-raw-2h
test,z,absz,1.5-2,G-raw-30m,540180,632,0.036682,0.035565,0.037821,0.15936,0.15529,0.16343,-0.0055343,-0.0065882,-0.0044304,-0.00052667,-0.00061242,-0.00044421,-0.00047392,G-raw-2h
test,z,absz,2-2.5,G-raw-30m,540180,632,0.018401,0.017518,0.01925,0.092596,0.088638,0.096434,-0.0011093,-0.0021335,7.1157e-06,-0.00014148,-0.00017997,-9.9037e-05,-0.00047947,G-raw-2h
test,z,absz,2.5-3,G-raw-30m,810270,632,0.0088204,0.0081889,0.0094142,0.054288,0.050764,0.057856,-3.2104e-05,-0.0010461,0.0010362,-5.5267e-05,-6.8586e-05,-4.0934e-05,-0.00020487,G-raw-2h
test,z,absz,0-0.5,G-raw-2h,405135,632,0.23806,0.23782,0.2383,0.66905,0.66855,0.66952,0,0,0,0,0,0,-0.00023079,G-raw-2h
test,z,absz,0.5-1,G-raw-2h,540180,632,0.16494,0.16384,0.16602,0.51223,0.50982,0.51461,0,0,0,0,0,0,0.00024251,G-raw-2h
test,z,absz,1-1.5,G-raw-2h,540180,632,0.080966,0.079652,0.082288,0.30282,0.29942,0.30623,0,0,0,0,0,0,-0.00034063,G-raw-2h
test,z,absz,1.5-2,G-raw-2h,540180,632,0.037209,0.036093,0.038348,0.16489,0.16126,0.16859,0,0,0,0,0,0,-0.00047392,G-raw-2h
test,z,absz,2-2.5,G-raw-2h,540180,632,0.018542,0.017643,0.01941,0.093706,0.089942,0.097368,0,0,0,0,0,0,-0.00047947,G-raw-2h
test,z,absz,2.5-3,G-raw-2h,810270,632,0.0088757,0.0082314,0.009472,0.05432,0.050612,0.057742,0,0,0,0,0,0,-0.00020487,G-raw-2h
test,z,absz,0-0.5,G-raw-6h,405135,632,0.23874,0.23852,0.23894,0.67045,0.67,0.67084,0.0013996,0.0012354,0.0015736,0.00068039,0.00060065,0.00076494,-0.00023079,G-raw-2h
test,z,absz,0.5-1,G-raw-6h,540180,632,0.16847,0.16744,0.16939,0.52085,0.51865,0.52289,0.0086252,0.0077108,0.0095175,0.003528,0.0031423,0.0039054,0.00024251,G-raw-2h
test,z,absz,1-1.5,G-raw-6h,540180,632,0.085315,0.084103,0.086533,0.3185,0.31528,0.32163,0.015679,0.01418,0.017102,0.0043493,0.0039006,0.0047783,-0.00034063,G-raw-2h
test,z,absz,1.5-2,G-raw-6h,540180,632,0.039625,0.038562,0.040718,0.18088,0.17726,0.18444,0.015985,0.014455,0.017412,0.0024166,0.0021249,0.002701,-0.00047392,G-raw-2h
test,z,absz,2-2.5,G-raw-6h,540180,632,0.019359,0.018492,0.020209,0.10529,0.10149,0.1091,0.011586,0.010349,0.012795,0.00081683,0.00068564,0.00095253,-0.00047947,G-raw-2h
test,z,absz,2.5-3,G-raw-6h,810270,632,0.0090387,0.0084141,0.0096311,0.05991,0.056033,0.063648,0.0055902,0.0045368,0.0066082,0.00016304,0.00011876,0.00021095,-0.00020487,G-raw-2h
test,z,absz,0-0.5,G-raw-1d,405135,632,0.23929,0.23905,0.23951,0.67155,0.67107,0.672,0.0025006,0.0021646,0.0028095,0.0012225,0.0010601,0.0013736,-0.00023079,G-raw-2h
test,z,absz,0.5-1,G-raw-1d,540180,632,0.17172,0.17057,0.17277,0.52825,0.52567,0.53063,0.016023,0.014197,0.017795,0.0067804,0.0059967,0.0075337,0.00024251,G-raw-2h
test,z,absz,1-1.5,G-raw-1d,540180,632,0.09061,0.089105,0.092093,0.33422,0.33008,0.33825,0.031404,0.02828,0.034499,0.0096444,0.0085939,0.010707,-0.00034063,G-raw-2h
test,z,absz,1.5-2,G-raw-1d,540180,632,0.044094,0.042835,0.045364,0.20013,0.19573,0.20467,0.035236,0.031816,0.038571,0.0068849,0.0060336,0.0077419,-0.00047392,G-raw-2h
test,z,absz,2-2.5,G-raw-1d,540180,632,0.022082,0.021105,0.023048,0.12248,0.11799,0.127,0.028771,0.025775,0.031622,0.0035402,0.002983,0.0040835,-0.00047947,G-raw-2h
test,z,absz,2.5-3,G-raw-1d,810270,632,0.010302,0.0096304,0.010944,0.071177,0.067008,0.075443,0.016857,0.014568,0.019196,0.0014261,0.0011295,0.0017144,-0.00020487,G-raw-2h
test,z,absz,0-0.5,G-seas-10m,405135,632,0.23678,0.23644,0.23712,0.66634,0.66562,0.66705,-0.0027007,-0.0029572,-0.0024291,-0.0012825,-0.0014031,-0.0011542,-0.00023079,G-raw-2h
test,z,absz,0.5-1,G-seas-10m,540180,632,0.16059,0.15918,0.16192,0.50042,0.49716,0.50361,-0.011806,-0.012975,-0.010656,-0.0043513,-0.0047098,-0.0039949,0.00024251,G-raw-2h
test,z,absz,1-1.5,G-seas-10m,540180,632,0.078602,0.077141,0.080048,0.29316,0.28859,0.2978,-0.0096541,-0.011435,-0.0078075,-0.0023643,-0.0025963,-0.0021273,-0.00034063,G-raw-2h
test,z,absz,1.5-2,G-seas-10m,540180,632,0.036743,0.035588,0.037886,0.16384,0.15941,0.16862,-0.0010494,-0.0028549,0.00078964,-0.00046617,-0.00060257,-0.00032257,-0.00047392,G-raw-2h
test,z,absz,2-2.5,G-seas-10m,540180,632,0.018439,0.017567,0.019282,0.097204,0.092832,0.1017,0.0034987,0.0017885,0.0052898,-0.00010287,-0.00018389,-1.8921e-05,-0.00047947,G-raw-2h
test,z,absz,2.5-3,G-seas-10m,810270,632,0.0088079,0.008198,0.0094095,0.056188,0.052374,0.060236,0.0018681,0.00028217,0.003523,-6.7845e-05,-0.00011042,-2.4868e-05,-0.00020487,G-raw-2h
test,z,absz,0-0.5,G-seas-30m,405135,632,0.23701,0.2367,0.23732,0.66681,0.66616,0.66743,-0.0022369,-0.0024255,-0.0020396,-0.0010515,-0.0011391,-0.00095929,-0.00023079,G-raw-2h
test,z,absz,0.5-1,G-seas-30m,540180,632,0.16101,0.15971,0.16224,0.50072,0.49769,0.5036,-0.011507,-0.012355,-0.010656,-0.0039286,-0.0042102,-0.0036579,0.00024251,G-raw-2h
test,z,absz,1-1.5,G-seas-30m,540180,632,0.078482,0.077074,0.079873,0.28962,0.28544,0.29356,-0.013194,-0.014355,-0.01204,-0.0024842,-0.0026896,-0.0022776,-0.00034063,G-raw-2h
test,z,absz,1.5-2,G-seas-30m,540180,632,0.03648,0.035334,0.037636,0.15772,0.15363,0.16184,-0.0071745,-0.0083594,-0.0058496,-0.00072844,-0.00085089,-0.00059905,-0.00047392,G-raw-2h
test,z,absz,2-2.5,G-seas-30m,540180,632,0.018289,0.017412,0.019136,0.091295,0.087433,0.095102,-0.0024104,-0.0036655,-0.0010416,-0.00025276,-0.00032691,-0.00017598,-0.00047947,G-raw-2h
test,z,absz,2.5-3,G-seas-30m,810270,632,0.0087604,0.0081445,0.009355,0.052537,0.049091,0.05625,-0.001783,-0.0030859,-0.00035935,-0.00011531,-0.00015109,-7.8697e-05,-0.00020487,G-raw-2h
test,z,absz,0-0.5,G-seas-2h,405135,632,0.23749,0.23722,0.23775,0.66783,0.66728,0.66836,-0.001216,-0.0013378,-0.0011057,-0.00057594,-0.00063363,-0.0005233,-0.00023079,G-raw-2h
test,z,absz,0.5-1,G-seas-2h,540180,632,0.16251,0.16126,0.16366,0.50524,0.50251,0.50783,-0.0069892,-0.0076025,-0.0064203,-0.0024269,-0.0026494,-0.0022209,0.00024251,G-raw-2h
test,z,absz,1-1.5,G-seas-2h,540180,632,0.07921,0.077888,0.08057,0.29332,0.28966,0.29707,-0.009499,-0.010393,-0.0086519,-0.0017563,-0.0019621,-0.0015581,-0.00034063,G-raw-2h
test,z,absz,1.5-2,G-seas-2h,540180,632,0.036591,0.035464,0.037707,0.15786,0.15408,0.16153,-0.0070305,-0.0079309,-0.0061475,-0.00061788,-0.00074143,-0.00049146,-0.00047392,G-raw-2h
test,z,absz,2-2.5,G-seas-2h,540180,632,0.018301,0.017417,0.019159,0.089397,0.085619,0.09308,-0.0043083,-0.0052619,-0.0033023,-0.00024119,-0.0003165,-0.00016494,-0.00047947,G-raw-2h
test,z,absz,2.5-3,G-seas-2h,810270,632,0.0087715,0.0081421,0.009367,0.050691,0.047284,0.054055,-0.0036284,-0.0047173,-0.0024753,-0.00010416,-0.00014245,-6.8286e-05,-0.00020487,G-raw-2h
test,z,absz,0-0.5,G-seas-6h,405135,632,0.23779,0.23753,0.23803,0.66845,0.66792,0.66894,-0.00059119,-0.00071565,-0.00048217,-0.0002758,-0.00033551,-0.00022333,-0.00023079,G-raw-2h
test,z,absz,0.5-1,G-seas-6h,540180,632,0.1639,0.16275,0.165,0.50888,0.50622,0.5113,-0.0033547,-0.0040699,-0.0027164,-0.0010347,-0.0012988,-0.00079488,0.00024251,G-raw-2h
test,z,absz,1-1.5,G-seas-6h,540180,632,0.08067,0.079407,0.081971,0.2994,0.29589,0.3029,-0.0034161,-0.004577,-0.002365,-0.00029621,-0.00058687,-2.2277e-05,-0.00034063,G-raw-2h
test,z,absz,1.5-2,G-seas-6h,540180,632,0.037271,0.036179,0.038341,0.16343,0.15967,0.16697,-0.0014618,-0.0027015,-0.00028488,6.2264e-05,-0.00011762,0.00023762,-0.00047392,G-raw-2h
test,z,absz,2-2.5,G-seas-6h,540180,632,0.01849,0.017627,0.019327,0.092868,0.089232,0.096794,-0.00083819,-0.0020851,0.00045199,-5.2039e-05,-0.00014859,4.7289e-05,-0.00047947,G-raw-2h
test,z,absz,2.5-3,G-seas-6h,810270,632,0.0087994,0.008178,0.0093851,0.051846,0.048298,0.055274,-0.002474,-0.003814,-0.0011081,-7.6299e-05,-0.00012383,-2.8428e-05,-0.00020487,G-raw-2h
test,z,absz,0-0.5,G-seas-1d,405135,632,0.2381,0.23784,0.23835,0.6691,0.66857,0.66962,5.3446e-05,-0.00015138,0.00025499,3.8032e-05,-6.0241e-05,0.00013443,-0.00023079,G-raw-2h
test,z,absz,0.5-1,G-seas-1d,540180,632,0.16565,0.16447,0.16675,0.51323,0.51047,0.51574,0.00099949,-0.00011653,0.0021103,0.00071108,0.00026969,0.0011514,0.00024251,G-raw-2h
test,z,absz,1-1.5,G-seas-1d,540180,632,0.082948,0.081644,0.084286,0.30794,0.30422,0.31182,0.0051268,0.0032665,0.0069886,0.001982,0.0014979,0.0024655,-0.00034063,G-raw-2h
test,z,absz,1.5-2,G-seas-1d,540180,632,0.03873,0.037676,0.039773,0.17284,0.1692,0.17666,0.0079543,0.0059887,0.0099193,0.0015215,0.0011861,0.001864,-0.00047392,G-raw-2h
test,z,absz,2-2.5,G-seas-1d,540180,632,0.019134,0.018315,0.01999,0.09997,0.096344,0.10396,0.0062647,0.0044048,0.0082433,0.00059225,0.00040988,0.00077791,-0.00047947,G-raw-2h
test,z,absz,2.5-3,G-seas-1d,810270,632,0.0090016,0.0084048,0.009574,0.055218,0.051701,0.058758,0.00089799,-0.00086546,0.0027794,0.00012592,4.3184e-05,0.00020727,-0.00020487,G-raw-2h
test,z,absz,0-0.5,G-blend-raw,405135,632,0.23691,0.2366,0.2372,0.66658,0.66596,0.66717,-0.0024686,-0.002636,-0.0022922,-0.0011589,-0.0012366,-0.0010759,-0.00023079,G-raw-2h
test,z,absz,0.5-1,G-blend-raw,540180,632,0.16078,0.15952,0.16198,0.49991,0.49696,0.50264,-0.012316,-0.013027,-0.011635,-0.0041532,-0.0043935,-0.0039254,0.00024251,G-raw-2h
test,z,absz,1-1.5,G-blend-raw,540180,632,0.078503,0.07716,0.079862,0.28877,0.28496,0.29261,-0.014043,-0.014938,-0.013151,-0.0024632,-0.0026366,-0.0022862,-0.00034063,G-raw-2h
test,z,absz,1.5-2,G-blend-raw,540180,632,0.036559,0.035454,0.037673,0.15646,0.15266,0.16022,-0.0084262,-0.0093033,-0.0075254,-0.00065001,-0.0007531,-0.00054702,-0.00047392,G-raw-2h
test,z,absz,2-2.5,G-blend-raw,540180,632,0.018344,0.017475,0.019194,0.089441,0.085836,0.092983,-0.0042652,-0.0051428,-0.0033583,-0.00019753,-0.00024945,-0.00014387,-0.00047947,G-raw-2h
test,z,absz,2.5-3,G-blend-raw,810270,632,0.0087919,0.008164,0.0093864,0.050778,0.047464,0.053948,-0.0035412,-0.004466,-0.0026082,-8.3764e-05,-0.00010539,-6.2154e-05,-0.00020487,G-raw-2h
test,z,absz,0-0.5,G-blend,405135,632,0.23678,0.23647,0.23708,0.6663,0.66567,0.66693,-0.0027442,-0.0029169,-0.0025556,-0.0012883,-0.0013684,-0.0012,-0.00023079,G-raw-2h
test,z,absz,0.5-1,G-blend,540180,632,0.16015,0.15885,0.16139,0.49812,0.49511,0.501,-0.014109,-0.014934,-0.013328,-0.0047925,-0.0050643,-0.0045246,0.00024251,G-raw-2h
test,z,absz,1-1.5,G-blend,540180,632,0.077812,0.076444,0.079161,0.28578,0.28192,0.28951,-0.017035,-0.018132,-0.01601,-0.0031537,-0.0033657,-0.002951,-0.00034063,G-raw-2h
test,z,absz,1.5-2,G-blend,540180,632,0.03615,0.035036,0.037262,0.15381,0.14993,0.15765,-0.011078,-0.012066,-0.0099895,-0.0010587,-0.0011921,-0.0009261,-0.00047392,G-raw-2h
test,z,absz,2-2.5,G-blend,540180,632,0.018142,0.017275,0.018986,0.087511,0.083835,0.091146,-0.0061946,-0.0072825,-0.0050089,-0.00039999,-0.00047928,-0.00031409,-0.00047947,G-raw-2h
test,z,absz,2.5-3,G-blend,810270,632,0.0087028,0.0080942,0.0093007,0.049245,0.045906,0.052624,-0.0050748,-0.0062724,-0.0037913,-0.00017288,-0.00021276,-0.00013134,-0.00020487,G-raw-2h
test,z,absz,0-0.5,T-raw-2h,405135,632,0.23672,0.23638,0.23704,0.6662,0.66551,0.66686,-0.0028447,-0.0030478,-0.0026488,-0.0013429,-0.0014378,-0.0012509,-0.00023079,G-raw-2h
test,z,absz,0.5-1,T-raw-2h,540180,632,0.16052,0.15914,0.16187,0.49977,0.49656,0.50292,-0.012456,-0.013271,-0.011699,-0.0044141,-0.004697,-0.0041533,0.00024251,G-raw-2h
test,z,absz,1-1.5,T-raw-2h,540180,632,0.078627,0.077171,0.080087,0.29137,0.28721,0.2955,-0.011443,-0.012228,-0.01065,-0.0023392,-0.0024928,-0.0021914,-0.00034063,G-raw-2h
test,z,absz,1.5-2,T-raw-2h,540180,632,0.036874,0.035725,0.038054,0.16134,0.15737,0.16533,-0.0035506,-0.0039296,-0.0031817,-0.00033505,-0.00036798,-0.00030355,-0.00047392,G-raw-2h
test,z,absz,2-2.5,T-raw-2h,540180,632,0.018508,0.017613,0.019375,0.092735,0.08907,0.096226,-0.00097043,-0.0011828,-0.00075793,-3.3557e-05,-4.1402e-05,-2.5517e-05,-0.00047947,G-raw-2h
test,z,absz,2.5-3,T-raw-2h,810270,632,0.0088377,0.0082029,0.0094246,0.050306,0.047288,0.05308,-0.0040137,-0.0046935,-0.0032981,-3.8027e-05,-4.5792e-05,-2.9733e-05,-0.00020487,G-raw-2h
test,z,absz,0-0.5,T-blend,405135,632,0.23621,0.23584,0.23656,0.66506,0.66431,0.66581,-0.0039809,-0.0042726,-0.0036795,-0.0018587,-0.0019944,-0.0017219,-0.00023079,G-raw-2h
test,z,absz,0.5-1,T-blend,540180,632,0.1585,0.15705,0.15989,0.49329,0.48982,0.49663,-0.018935,-0.02008,-0.01787,-0.0064378,-0.0068031,-0.0060985,0.00024251,G-raw-2h
test,z,absz,1-1.5,T-blend,540180,632,0.076909,0.075478,0.078342,0.28167,0.27749,0.28579,-0.021144,-0.022243,-0.020056,-0.0040569,-0.0042525,-0.0038596,-0.00034063,G-raw-2h
test,z,absz,1.5-2,T-blend,540180,632,0.03597,0.034838,0.0371,0.15228,0.14838,0.15607,-0.012613,-0.013411,-0.011718,-0.0012384,-0.0013365,-0.0011427,-0.00047392,G-raw-2h
test,z,absz,2-2.5,T-blend,540180,632,0.018116,0.017241,0.018965,0.085972,0.082523,0.089312,-0.0077336,-0.0085062,-0.0068336,-0.00042609,-0.00048696,-0.00036184,-0.00047947,G-raw-2h
test,z,absz,2.5-3,T-blend,810270,632,0.0086942,0.0080806,0.0092871,0.045998,0.043256,0.048645,-0.008322,-0.009425,-0.0071695,-0.00018145,-0.00021456,-0.00014759,-0.00020487,G-raw-2h
test,z,absz,0-0.5,MIX-blend,405135,632,0.23619,0.23582,0.23655,0.66502,0.66425,0.66577,-0.0040267,-0.0043271,-0.0037182,-0.0018792,-0.002019,-0.0017406,-0.00023079,G-raw-2h
test,z,absz,0.5-1,MIX-blend,540180,632,0.15849,0.15705,0.15988,0.49328,0.48982,0.49661,-0.018945,-0.020067,-0.017903,-0.0064438,-0.006805,-0.0061074,0.00024251,G-raw-2h
test,z,absz,1-1.5,MIX-blend,540180,632,0.076953,0.075533,0.078377,0.28195,0.27782,0.28601,-0.020864,-0.021897,-0.019799,-0.0040127,-0.0042058,-0.0038204,-0.00034063,G-raw-2h
test,z,absz,1.5-2,MIX-blend,540180,632,0.035997,0.034869,0.037122,0.15259,0.14875,0.15631,-0.012296,-0.013093,-0.011434,-0.0012118,-0.0013119,-0.001112,-0.00047392,G-raw-2h
test,z,absz,2-2.5,MIX-blend,540180,632,0.018122,0.017252,0.018968,0.086111,0.082725,0.089424,-0.0075947,-0.0083957,-0.0066514,-0.00042007,-0.00048326,-0.00035104,-0.00047947,G-raw-2h
test,z,absz,2.5-3,MIX-blend,810270,632,0.008694,0.0080834,0.009286,0.046039,0.043306,0.048666,-0.008281,-0.0093869,-0.0070955,-0.00018175,-0.00021732,-0.00014515,-0.00020487,G-raw-2h
test,z,absz,0-0.5,EMP-blend,405135,632,0.23625,0.23589,0.23662,0.66516,0.66442,0.66591,-0.003889,-0.0041894,-0.0035695,-0.0018136,-0.0019522,-0.0016649,-0.00057969,G-raw-2h
test,z,absz,0.5-1,EMP-blend,540180,632,0.15859,0.15716,0.15995,0.49356,0.49015,0.49685,-0.018671,-0.019779,-0.017633,-0.0063497,-0.0067006,-0.0060121,0.0011207,G-raw-2h
test,z,absz,1-1.5,EMP-blend,540180,632,0.076939,0.075507,0.078376,0.28183,0.27764,0.28597,-0.020986,-0.022093,-0.019854,-0.0040264,-0.0042334,-0.0038263,0.0012763,G-raw-2h
test,z,absz,1.5-2,EMP-blend,540180,632,0.035969,0.03483,0.037099,0.15228,0.14842,0.15612,-0.012611,-0.013423,-0.011717,-0.00124,-0.0013408,-0.0011413,0.0007351,G-raw-2h
test,z,absz,2-2.5,EMP-blend,540180,632,0.018116,0.017242,0.018964,0.086007,0.082526,0.089426,-0.0076987,-0.0084717,-0.0068115,-0.00042639,-0.00048772,-0.00036176,0.00013407,G-raw-2h
test,z,absz,2.5-3,EMP-blend,810270,632,0.0086945,0.0080808,0.0092899,0.046029,0.043301,0.048644,-0.0082909,-0.0093518,-0.0071365,-0.00018118,-0.00021407,-0.00014754,-1.9959e-05,G-raw-2h
test,z,vol_regime,low,G-raw-10m,1125450,277,0.082268,0.080906,0.083649,0.28127,0.27572,0.28715,0.0026141,0.00024979,0.0051825,-0.00082625,-0.0010042,-0.00064083,0.00066551,G-raw-2h
test,z,vol_regime,mid,G-raw-10m,1123525,324,0.076472,0.075149,0.077716,0.25732,0.25276,0.26204,-0.0039282,-0.0055371,-0.0022816,-0.0013209,-0.0015018,-0.0011472,-0.00016867,G-raw-2h
test,z,vol_regime,high,G-raw-10m,1127150,261,0.074528,0.073215,0.075759,0.25053,0.24563,0.25527,-0.00489,-0.0063305,-0.0033552,-0.0014754,-0.0016784,-0.0012767,-0.0012305,G-raw-2h
test,z,vol_regime,low,G-raw-30m,1125450,277,0.082272,0.080926,0.083626,0.27646,0.27163,0.28159,-0.0021986,-0.0037041,-0.00075019,-0.00082276,-0.00095109,-0.00069949,0.00066551,G-raw-2h
test,z,vol_regime,mid,G-raw-30m,1123525,324,0.076616,0.075321,0.077855,0.25548,0.25128,0.25977,-0.0057667,-0.0067774,-0.0047314,-0.0011767,-0.0013136,-0.0010461,-0.00016867,G-raw-2h
test,z,vol_regime,high,G-raw-30m,1127150,261,0.074757,0.073436,0.076014,0.24965,0.24512,0.2541,-0.0057681,-0.0068044,-0.0046506,-0.0012459,-0.0013939,-0.0011001,-0.0012305,G-raw-2h
test,z,vol_regime,low,G-raw-2h,1125450,277,0.083094,0.081814,0.084446,0.27866,0.27431,0.28344,0,0,0,0,0,0,0.00066551,G-raw-2h
test,z,vol_regime,mid,G-raw-2h,1123525,324,0.077793,0.076565,0.078987,0.26125,0.25707,0.2654,0,0,0,0,0,0,-0.00016867,G-raw-2h
test,z,vol_regime,high,G-raw-2h,1127150,261,0.076003,0.074728,0.077207,0.25542,0.25118,0.25948,0,0,0,0,0,0,-0.0012305,G-raw-2h
test,z,vol_regime,low,G-raw-6h,1125450,277,0.084731,0.083463,0.086027,0.28731,0.28285,0.29189,0.0086554,0.0072677,0.010206,0.0016368,0.0013484,0.0019733,0.00066551,G-raw-2h
test,z,vol_regime,mid,G-raw-6h,1123525,324,0.079848,0.078667,0.081093,0.27205,0.26769,0.27661,0.010801,0.0091521,0.012608,0.0020554,0.0016985,0.0024371,-0.00016867,G-raw-2h
test,z,vol_regime,high,G-raw-6h,1127150,261,0.078006,0.076842,0.079155,0.26539,0.26145,0.26937,0.0099742,0.0085587,0.011368,0.0020034,0.0017223,0.0022995,-0.0012305,G-raw-2h
test,z,vol_regime,low,G-raw-1d,1125450,277,0.08882,0.087367,0.09034,0.30382,0.29861,0.30888,0.025161,0.021621,0.028891,0.0057254,0.0047507,0.0067633,0.00066551,G-raw-2h
test,z,vol_regime,mid,G-raw-1d,1123525,324,0.082389,0.081085,0.083799,0.28317,0.27829,0.2885,0.021919,0.018273,0.025485,0.0045957,0.0037425,0.0054875,-0.00016867,G-raw-2h
test,z,vol_regime,high,G-raw-1d,1127150,261,0.080038,0.078764,0.081288,0.27486,0.27018,0.27942,0.019449,0.016435,0.022901,0.0040345,0.0032989,0.0048897,-0.0012305,G-raw-2h
test,z,vol_regime,low,G-seas-10m,1125450,277,0.082109,0.08075,0.083491,0.28033,0.27481,0.28626,0.0016679,-0.00073361,0.0044257,-0.00098515,-0.0011947,-0.00077334,0.00066551,G-raw-2h
test,z,vol_regime,mid,G-seas-10m,1123525,324,0.076386,0.07507,0.077628,0.25677,0.25216,0.26154,-0.0044803,-0.0062388,-0.0027176,-0.0014074,-0.0016108,-0.0012171,-0.00016867,G-raw-2h
test,z,vol_regime,high,G-seas-10m,1127150,261,0.074389,0.073073,0.07565,0.24948,0.24462,0.25426,-0.0059384,-0.0075746,-0.0043034,-0.0016143,-0.0018264,-0.0013955,-0.0012305,G-raw-2h
test,z,vol_regime,low,G-seas-30m,1125450,277,0.081988,0.080664,0.08333,0.27469,0.2698,0.27978,-0.0039709,-0.0056684,-0.0021216,-0.0011065,-0.0012959,-0.000939,0.00066551,G-raw-2h
test,z,vol_regime,mid,G-seas-30m,1123525,324,0.07638,0.075098,0.077602,0.25417,0.24983,0.25851,-0.0070815,-0.0084733,-0.0056864,-0.0014125,-0.0015854,-0.0012442,-0.00016867,G-raw-2h
test,z,vol_regime,high,G-seas-30m,1127150,261,0.074511,0.073191,0.075771,0.24792,0.24336,0.25246,-0.0074932,-0.0088362,-0.0060812,-0.0014915,-0.0016897,-0.0013047,-0.0012305,G-raw-2h
test,z,vol_regime,low,G-seas-2h,1125450,277,0.082354,0.081078,0.08373,0.27373,0.26916,0.27847,-0.0049288,-0.0061736,-0.0036266,-0.00074058,-0.0009117,-0.00057343,0.00066551,G-raw-2h
test,z,vol_regime,mid,G-seas-2h,1123525,324,0.076814,0.075586,0.078025,0.25563,0.25143,0.2599,-0.0056215,-0.0068236,-0.0044441,-0.00097923,-0.0011354,-0.00082269,-0.00016867,G-raw-2h
test,z,vol_regime,high,G-seas-2h,1127150,261,0.07502,0.073719,0.076243,0.24956,0.24525,0.25359,-0.0058566,-0.0070162,-0.0047049,-0.00098281,-0.0011622,-0.00080964,-0.0012305,G-raw-2h
test,z,vol_regime,low,G-seas-6h,1125450,277,0.082952,0.08166,0.084308,0.27619,0.27169,0.28087,-0.0024728,-0.0039853,-0.00089212,-0.00014202,-0.00038618,0.00010246,0.00066551,G-raw-2h
test,z,vol_regime,mid,G-seas-6h,1123525,324,0.077412,0.076199,0.078585,0.25919,0.25473,0.26346,-0.0020583,-0.0035346,-0.00058694,-0.00038075,-0.00059043,-0.00017912,-0.00016867,G-raw-2h
test,z,vol_regime,high,G-seas-6h,1127150,261,0.075737,0.074508,0.076946,0.2536,0.24952,0.25758,-0.0018174,-0.0033465,-0.00027652,-0.00026558,-0.00050849,-1.4598e-05,-0.0012305,G-raw-2h
test,z,vol_regime,low,G-seas-1d,1125450,277,0.084309,0.083014,0.085616,0.28199,0.27757,0.28656,0.0033328,0.0011429,0.0055096,0.0012145,0.00079452,0.0016293,0.00066551,G-raw-2h
test,z,vol_regime,mid,G-seas-1d,1123525,324,0.0783,0.077114,0.079462,0.26411,0.25962,0.2684,0.0028629,0.00052947,0.0050898,0.00050741,0.0001541,0.00088096,-0.00016867,G-raw-2h
test,z,vol_regime,high,G-seas-1d,1127150,261,0.076692,0.075462,0.077894,0.25965,0.25528,0.26412,0.0042336,0.0020039,0.0066517,0.00068936,0.00027994,0.001118,-0.0012305,G-raw-2h
test,z,vol_regime,low,G-blend-raw,1125450,277,0.081921,0.080578,0.083263,0.27183,0.26734,0.27647,-0.0068232,-0.007914,-0.0056481,-0.0011737,-0.0013138,-0.0010317,0.00066551,G-raw-2h
test,z,vol_regime,mid,G-blend-raw,1123525,324,0.076405,0.075114,0.077612,0.25364,0.2494,0.2579,-0.0076114,-0.0086719,-0.006528,-0.0013878,-0.001535,-0.0012453,-0.00016867,G-raw-2h
test,z,vol_regime,high,G-blend-raw,1127150,261,0.074504,0.073221,0.075733,0.24767,0.24338,0.25193,-0.0077479,-0.0088149,-0.0067044,-0.0014986,-0.0016548,-0.0013468,-0.0012305,G-raw-2h
test,z,vol_regime,low,G-blend,1125450,277,0.08157,0.080242,0.082922,0.26983,0.26526,0.27441,-0.0088241,-0.010136,-0.0074682,-0.0015247,-0.0017035,-0.001345,0.00066551,G-raw-2h
test,z,vol_regime,mid,G-blend,1123525,324,0.076035,0.074763,0.077227,0.2519,0.24762,0.25619,-0.0093487,-0.010681,-0.0080462,-0.0017584,-0.0019388,-0.0015865,-0.00016867,G-raw-2h
test,z,vol_regime,high,G-blend,1127150,261,0.074184,0.072908,0.075407,0.24571,0.24141,0.24995,-0.0097084,-0.011062,-0.0084132,-0.0018195,-0.0020218,-0.0016167,-0.0012305,G-raw-2h
test,z,vol_regime,low,T-raw-2h,1125450,277,0.082081,0.080661,0.083525,0.27341,0.26892,0.27828,-0.0052445,-0.0057939,-0.0047307,-0.001013,-0.0011472,-0.00088207,0.00066551,G-raw-2h
test,z,vol_regime,mid,T-raw-2h,1123525,324,0.076402,0.075057,0.077704,0.25524,0.2509,0.25954,-0.0060116,-0.0064633,-0.0055404,-0.0013913,-0.001517,-0.0012676,-0.00016867,G-raw-2h
test,z,vol_regime,high,T-raw-2h,1127150,261,0.074478,0.073111,0.075806,0.24912,0.24468,0.25343,-0.0062993,-0.0068136,-0.0058161,-0.0015248,-0.0016555,-0.0013987,-0.0012305,G-raw-2h
test,z,vol_regime,low,T-blend,1125450,277,0.081139,0.079788,0.082515,0.26703,0.26256,0.27155,-0.011631,-0.012733,-0.010473,-0.0019552,-0.0021318,-0.0017802,0.00066551,G-raw-2h
test,z,vol_regime,mid,T-blend,1123525,324,0.075536,0.074218,0.076774,0.24908,0.24486,0.25328,-0.012165,-0.013302,-0.01099,-0.002257,-0.0024358,-0.0020814,-0.00016867,G-raw-2h
test,z,vol_regime,high,T-blend,1127150,261,0.073579,0.072233,0.074883,0.24278,0.23854,0.24704,-0.012632,-0.013821,-0.011416,-0.0024238,-0.002608,-0.002236,-0.0012305,G-raw-2h
test,z,vol_regime,low,MIX-blend,1125450,277,0.081134,0.079789,0.082507,0.26704,0.26261,0.27153,-0.011621,-0.012753,-0.010459,-0.0019604,-0.0021337,-0.0017858,0.00066551,G-raw-2h
test,z,vol_regime,mid,MIX-blend,1123525,324,0.075545,0.074229,0.076782,0.24921,0.24503,0.25336,-0.01204,-0.013202,-0.010852,-0.0022478,-0.0024244,-0.0020722,-0.00016867,G-raw-2h
test,z,vol_regime,high,MIX-blend,1127150,261,0.073602,0.072261,0.0749,0.24301,0.2388,0.24724,-0.012407,-0.013593,-0.011185,-0.0024013,-0.0025881,-0.0022125,-0.0012305,G-raw-2h
test,z,vol_regime,low,EMP-blend,1125450,277,0.081174,0.079835,0.082565,0.26717,0.2627,0.27169,-0.011485,-0.012576,-0.010344,-0.0019205,-0.0020881,-0.0017449,0.0017216,G-raw-2h
test,z,vol_regime,mid,EMP-blend,1123525,324,0.075548,0.074234,0.076776,0.24912,0.24492,0.25327,-0.01213,-0.013273,-0.010949,-0.0022452,-0.0024215,-0.0020755,0.00046594,G-raw-2h
test,z,vol_regime,high,EMP-blend,1127150,261,0.073605,0.072272,0.074895,0.24288,0.23865,0.24713,-0.012538,-0.013723,-0.011321,-0.0023977,-0.0025831,-0.0022062,-0.00084087,G-raw-2h
test,z,trend,chop(<0.5sd),G-raw-10m,1682350,632,0.076768,0.075771,0.077841,0.26243,0.25827,0.26687,0.00040842,-0.001177,0.0021586,-0.0011664,-0.0013045,-0.0010176,0.0011989,G-raw-2h
test,z,trend,mid,G-raw-10m,1318100,631,0.078814,0.077724,0.079847,0.26444,0.26043,0.2682,-0.0041508,-0.0054496,-0.0027043,-0.0012442,-0.0014024,-0.0010778,-0.0020446,G-raw-2h
test,z,trend,trend(>1.5sd),G-raw-10m,375675,469,0.078459,0.076516,0.080378,0.26081,0.25385,0.26745,-0.0058534,-0.0083681,-0.003309,-0.0012636,-0.0016182,-0.00092303,-0.00039795,G-raw-2h
test,z,trend,chop(<0.5sd),G-raw-30m,1682350,632,0.076782,0.075787,0.077829,0.25832,0.25461,0.26208,-0.0036979,-0.0046361,-0.0025853,-0.0011527,-0.0012592,-0.0010472,0.0011989,G-raw-2h
test,z,trend,mid,G-raw-30m,1318100,631,0.079011,0.077896,0.080028,0.26326,0.25942,0.26681,-0.0053331,-0.0062743,-0.004345,-0.0010468,-0.0011626,-0.00092702,-0.0020446,G-raw-2h
test,z,trend,trend(>1.5sd),G-raw-30m,375675,469,0.078835,0.076993,0.080744,0.2608,0.25463,0.26709,-0.0058672,-0.0075872,-0.0041847,-0.00088739,-0.0011099,-0.00065398,-0.00039795,G-raw-2h
test,z,trend,chop(<0.5sd),G-raw-2h,1682350,632,0.077935,0.076994,0.078957,0.26202,0.25868,0.26538,0,0,0,0,0,0,0.0011989,G-raw-2h
test,z,trend,mid,G-raw-2h,1318100,631,0.080058,0.078971,0.081067,0.26859,0.26501,0.27202,0,0,0,0,0,0,-0.0020446,G-raw-2h
test,z,trend,trend(>1.5sd),G-raw-2h,375675,469,0.079723,0.077898,0.081568,0.26667,0.26028,0.27322,0,0,0,0,0,0,-0.00039795,G-raw-2h
test,z,trend,chop(<0.5sd),G-raw-6h,1682350,632,0.080967,0.080044,0.081855,0.27565,0.27248,0.2789,0.013625,0.012098,0.015147,0.0030316,0.0026789,0.0033847,0.0011989,G-raw-2h
test,z,trend,mid,G-raw-6h,1318100,631,0.081083,0.080011,0.082058,0.27476,0.2711,0.2782,0.0061691,0.0054492,0.0068954,0.0010253,0.00091652,0.0011372,-0.0020446,G-raw-2h
test,z,trend,trend(>1.5sd),G-raw-6h,375675,469,0.079611,0.077654,0.081588,0.27216,0.26413,0.28041,0.005498,0.0034768,0.0075779,-0.00011206,-0.00026042,3.4367e-05,-0.00039795,G-raw-2h
test,z,trend,chop(<0.5sd),G-raw-1d,1682350,632,0.085955,0.084742,0.08711,0.29505,0.29083,0.29898,0.033025,0.02928,0.03646,0.0080198,0.0070131,0.0089309,0.0011989,G-raw-2h
test,z,trend,mid,G-raw-1d,1318100,631,0.082171,0.081089,0.083151,0.27998,0.27629,0.28332,0.011382,0.010035,0.01271,0.0021135,0.0018493,0.0023807,-0.0020446,G-raw-2h
test,z,trend,trend(>1.5sd),G-raw-1d,375675,469,0.079394,0.077366,0.081498,0.27812,0.26807,0.28825,0.011454,0.007329,0.015929,-0.00032818,-0.00058771,-7.9453e-05,-0.00039795,G-raw-2h
test,z,trend,chop(<0.5sd),G-seas-10m,1682350,632,0.076646,0.07566,0.077737,0.2614,0.25725,0.26573,-0.00061951,-0.002326,0.0013463,-0.0012886,-0.0014404,-0.0011309,0.0011989,G-raw-2h
test,z,trend,mid,G-seas-10m,1318100,631,0.078666,0.077575,0.079717,0.2635,0.25957,0.26733,-0.0050987,-0.0065025,-0.0034894,-0.0013916,-0.0015668,-0.0012054,-0.0020446,G-raw-2h
test,z,trend,trend(>1.5sd),G-seas-10m,375675,469,0.078372,0.076405,0.080347,0.26111,0.25363,0.26833,-0.0055555,-0.0083504,-0.0028212,-0.0013507,-0.0017179,-0.00099507,-0.00039795,G-raw-2h
test,z,trend,chop(<0.5sd),G-seas-30m,1682350,632,0.076564,0.075582,0.077611,0.25671,0.253,0.26038,-0.0053156,-0.0064786,-0.0040056,-0.0013707,-0.0015044,-0.0012383,0.0011989,G-raw-2h
test,z,trend,mid,G-seas-30m,1318100,631,0.078698,0.0776,0.079711,0.26137,0.25754,0.26493,-0.0072265,-0.008429,-0.0058365,-0.0013594,-0.0015024,-0.0011934,-0.0020446,G-raw-2h
test,z,trend,trend(>1.5sd),G-seas-30m,375675,469,0.078616,0.07672,0.080561,0.26027,0.25348,0.26712,-0.0063974,-0.0083891,-0.0043223,-0.0011064,-0.0013909,-0.00083647,-0.00039795,G-raw-2h
test,z,trend,chop(<0.5sd),G-seas-2h,1682350,632,0.077021,0.076056,0.078066,0.2565,0.25311,0.25987,-0.0055237,-0.0063889,-0.0047009,-0.00091429,-0.001043,-0.00078558,0.0011989,G-raw-2h
test,z,trend,mid,G-seas-2h,1318100,631,0.079103,0.078005,0.080135,0.2626,0.25893,0.2661,-0.0059952,-0.0070219,-0.0049668,-0.00095444,-0.0010904,-0.00081602,-0.0020446,G-raw-2h
test,z,trend,trend(>1.5sd),G-seas-2h,375675,469,0.07907,0.07711,0.081032,0.26329,0.2563,0.2702,-0.0033784,-0.0051088,-0.0017364,-0.00065285,-0.00087833,-0.00041022,-0.00039795,G-raw-2h
test,z,trend,chop(<0.5sd),G-seas-6h,1682350,632,0.07804,0.077114,0.079041,0.26066,0.25756,0.26391,-0.0013628,-0.0025888,-0.0003217,0.0001051,-8.5929e-05,0.00029419,0.0011989,G-raw-2h
test,z,trend,mid,G-seas-6h,1318100,631,0.079471,0.07837,0.08046,0.26481,0.26107,0.26849,-0.003781,-0.0050017,-0.0025815,-0.00058653,-0.00074997,-0.0004199,-0.0020446,G-raw-2h
test,z,trend,trend(>1.5sd),G-seas-6h,375675,469,0.078949,0.076917,0.08091,0.26702,0.25872,0.27484,0.00035246,-0.0024331,0.0034423,-0.00077372,-0.0010485,-0.00050625,-0.00039795,G-raw-2h
test,z,trend,chop(<0.5sd),G-seas-1d,1682350,632,0.079765,0.078804,0.080745,0.26814,0.26492,0.27145,0.0061129,0.0041382,0.0078683,0.0018301,0.0014401,0.0022039,0.0011989,G-raw-2h
test,z,trend,mid,G-seas-1d,1318100,631,0.080005,0.078932,0.081017,0.26799,0.26428,0.27167,-0.00060727,-0.002068,0.0010304,-5.231e-05,-0.00027442,0.00019619,-0.0020446,G-raw-2h
test,z,trend,trend(>1.5sd),G-seas-1d,375675,469,0.078935,0.076885,0.080931,0.27267,0.26324,0.28264,0.0060043,0.0016751,0.011158,-0.00078785,-0.0011353,-0.00045112,-0.00039795,G-raw-2h
test,z,trend,chop(<0.5sd),G-blend-raw,1682350,632,0.076716,0.075748,0.077739,0.25559,0.25219,0.259,-0.0064354,-0.0072068,-0.0056058,-0.0012185,-0.0013332,-0.0011128,0.0011989,G-raw-2h
test,z,trend,mid,G-blend-raw,1318100,631,0.078565,0.077469,0.079576,0.26021,0.2564,0.2637,-0.0083885,-0.0092936,-0.0073715,-0.0014923,-0.0016133,-0.0013703,-0.0020446,G-raw-2h
test,z,trend,trend(>1.5sd),G-blend-raw,375675,469,0.078252,0.076342,0.08018,0.25847,0.25182,0.26532,-0.0081995,-0.010078,-0.0060482,-0.0014706,-0.0017353,-0.0012201,-0.00039795,G-raw-2h
test,z,trend,chop(<0.5sd),G-blend,1682350,632,0.076369,0.075409,0.077407,0.25346,0.25014,0.25692,-0.0085592,-0.0095931,-0.0075978,-0.0015654,-0.0017101,-0.0014224,0.0011989,G-raw-2h
test,z,trend,mid,G-blend,1318100,631,0.078224,0.077127,0.079241,0.25834,0.25462,0.26198,-0.010259,-0.011374,-0.0090386,-0.0018341,-0.0019861,-0.0016793,-0.0020446,G-raw-2h
test,z,trend,trend(>1.5sd),G-blend,375675,469,0.077883,0.075894,0.079867,0.25747,0.24996,0.26491,-0.009197,-0.011363,-0.0070482,-0.0018401,-0.0021149,-0.0015794,-0.00039795,G-raw-2h
test,z,trend,chop(<0.5sd),T-raw-2h,1682350,632,0.076468,0.075453,0.077588,0.25557,0.25219,0.25909,-0.0064508,-0.0068293,-0.0060214,-0.0014672,-0.0015629,-0.0013619,0.0011989,G-raw-2h
test,z,trend,mid,T-raw-2h,1318100,631,0.07886,0.07767,0.079959,0.26305,0.25924,0.26662,-0.0055475,-0.0059828,-0.0051333,-0.0011981,-0.0013103,-0.001092,-0.0020446,G-raw-2h
test,z,trend,trend(>1.5sd),T-raw-2h,375675,469,0.078726,0.076732,0.080766,0.26243,0.25561,0.26919,-0.0042383,-0.0050003,-0.0034363,-0.00099649,-0.0011902,-0.0008052,-0.00039795,G-raw-2h
test,z,trend,chop(<0.5sd),T-blend,1682350,632,0.07574,0.074763,0.076817,0.25031,0.24708,0.2537,-0.011709,-0.012625,-0.010826,-0.0021952,-0.0023366,-0.0020546,0.0011989,G-raw-2h
test,z,trend,mid,T-blend,1318100,631,0.077795,0.076641,0.07886,0.25577,0.2521,0.25932,-0.01282,-0.013792,-0.011765,-0.0022631,-0.0024184,-0.0021038,-0.0020446,G-raw-2h
test,z,trend,trend(>1.5sd),T-blend,375675,469,0.077614,0.075578,0.079671,0.25495,0.24794,0.26178,-0.011711,-0.013476,-0.0099712,-0.0021086,-0.0024309,-0.0018135,-0.00039795,G-raw-2h
test,z,trend,chop(<0.5sd),MIX-blend,1682350,632,0.075752,0.074779,0.076825,0.25047,0.24726,0.25383,-0.01155,-0.012472,-0.010668,-0.0021825,-0.0023229,-0.0020463,0.0011989,G-raw-2h
test,z,trend,mid,MIX-blend,1318100,631,0.0778,0.076648,0.078865,0.25586,0.25221,0.25934,-0.012733,-0.013704,-0.01166,-0.0022579,-0.0024123,-0.0021004,-0.0020446,G-raw-2h
test,z,trend,trend(>1.5sd),MIX-blend,375675,469,0.077618,0.075589,0.079667,0.25502,0.24813,0.2618,-0.011644,-0.013428,-0.0098927,-0.0021044,-0.0024228,-0.0018115,-0.00039795,G-raw-2h
test,z,trend,chop(<0.5sd),EMP-blend,1682350,632,0.075777,0.074798,0.076849,0.25045,0.2472,0.25384,-0.011573,-0.012478,-0.010701,-0.002158,-0.0023004,-0.0020179,0.001879,G-raw-2h
test,z,trend,mid,EMP-blend,1318100,631,0.077809,0.076659,0.078875,0.25585,0.25217,0.25933,-0.012746,-0.013737,-0.011702,-0.0022487,-0.0024049,-0.0020898,-0.0013497,G-raw-2h
test,z,trend,trend(>1.5sd),EMP-blend,375675,469,0.077614,0.075582,0.079637,0.25491,0.24788,0.26159,-0.011755,-0.01355,-0.010038,-0.0021088,-0.0024255,-0.0018211,0.00034927,G-raw-2h
test,z,weekend,weekday,G-raw-10m,2427525,452,0.078019,0.077216,0.078911,0.26125,0.25825,0.26441,-0.0046446,-0.005572,-0.0036965,-0.0013193,-0.0014408,-0.0012037,-0.00092625,G-raw-2h
test,z,weekend,weekend,G-raw-10m,948600,180,0.07708,0.075329,0.078876,0.26762,0.26071,0.27493,0.0045243,0.0016776,0.0077461,-0.00092162,-0.0011751,-0.00066601,0.001498,G-raw-2h
test,z,weekend,weekday,G-raw-30m,2427525,452,0.07818,0.077381,0.079033,0.25989,0.25711,0.26277,-0.0060024,-0.0066649,-0.0053393,-0.0011578,-0.0012447,-0.0010748,-0.00092625,G-raw-2h
test,z,weekend,weekend,G-raw-30m,948600,180,0.077114,0.075405,0.078886,0.26216,0.25589,0.26881,-0.00093194,-0.0026597,0.00086826,-0.00088731,-0.0010756,-0.00070097,0.001498,G-raw-2h
test,z,weekend,weekday,G-raw-2h,2427525,452,0.079338,0.078554,0.080162,0.26589,0.26312,0.26873,0,0,0,0,0,0,-0.00092625,G-raw-2h
test,z,weekend,weekend,G-raw-2h,948600,180,0.078002,0.07638,0.07971,0.26309,0.25775,0.26904,0,0,0,0,0,0,0.001498,G-raw-2h
test,z,weekend,weekday,G-raw-6h,2427525,452,0.080566,0.079808,0.081358,0.2734,0.27061,0.27626,0.0075058,0.0068724,0.0081422,0.0012281,0.0011189,0.0013408,-0.00092625,G-raw-2h
test,z,weekend,weekend,G-raw-6h,948600,180,0.081616,0.080139,0.08318,0.2788,0.27387,0.28419,0.015705,0.012933,0.018433,0.0036141,0.0029861,0.0042504,0.001498,G-raw-2h
test,z,weekend,weekday,G-raw-1d,2427525,452,0.081103,0.080299,0.081874,0.27775,0.27457,0.28094,0.011856,0.010681,0.013147,0.0017652,0.0015504,0.0020202,-0.00092625,G-raw-2h
test,z,weekend,weekend,G-raw-1d,948600,180,0.090515,0.088841,0.092183,0.31167,0.3061,0.31727,0.048583,0.04288,0.05401,0.012513,0.010979,0.013922,0.001498,G-raw-2h
test,z,weekend,weekday,G-seas-10m,2427525,452,0.077842,0.07704,0.078708,0.26015,0.25715,0.26344,-0.0057383,-0.0068101,-0.0045527,-0.0014959,-0.0016379,-0.0013532,-0.00092625,G-raw-2h
test,z,weekend,weekend,G-seas-10m,948600,180,0.077076,0.075323,0.078877,0.26739,0.26052,0.27482,0.0043009,0.0015272,0.0075206,-0.00092575,-0.001177,-0.00066878,0.001498,G-raw-2h
test,z,weekend,weekday,G-seas-30m,2427525,452,0.077834,0.077029,0.078676,0.25785,0.25502,0.26087,-0.0080382,-0.0089358,-0.0069942,-0.0015044,-0.0016299,-0.0013766,-0.00092625,G-raw-2h
test,z,weekend,weekend,G-seas-30m,948600,180,0.077094,0.075412,0.078858,0.26166,0.25543,0.26833,-0.0014319,-0.003208,0.00042646,-0.00090824,-0.0011047,-0.0007136,0.001498,G-raw-2h
test,z,weekend,weekday,G-seas-2h,2427525,452,0.078194,0.077406,0.079032,0.25898,0.25621,0.26184,-0.0069104,-0.0077562,-0.0060165,-0.0011438,-0.0012527,-0.001029,-0.00092625,G-raw-2h
test,z,weekend,weekend,G-seas-2h,948600,180,0.077723,0.076098,0.079459,0.26131,0.25578,0.26724,-0.0017805,-0.0027928,-0.00066345,-0.00027916,-0.00044048,-0.00011377,0.001498,G-raw-2h
test,z,weekend,weekday,G-seas-6h,2427525,452,0.07868,0.077894,0.079504,0.2619,0.25904,0.26472,-0.0039903,-0.0050535,-0.0029494,-0.00065831,-0.00080048,-0.00051961,-0.00092625,G-raw-2h
test,z,weekend,weekend,G-seas-6h,948600,180,0.078751,0.077227,0.080422,0.26577,0.26047,0.27162,0.0026804,0.001105,0.0044243,0.00074963,0.00051005,0.0010148,0.001498,G-raw-2h
test,z,weekend,weekday,G-seas-1d,2427525,452,0.0794,0.078622,0.080197,0.2662,0.26333,0.26921,0.00031224,-0.0011478,0.0018483,6.2147e-05,-0.00017596,0.000341,-0.00092625,G-raw-2h
test,z,weekend,weekend,G-seas-1d,948600,180,0.080704,0.079069,0.082367,0.27467,0.26935,0.28087,0.011576,0.009056,0.014196,0.002702,0.0022179,0.0031673,0.001498,G-raw-2h
test,z,weekend,weekday,G-blend-raw,2427525,452,0.077763,0.076967,0.078604,0.25724,0.25452,0.26021,-0.0086523,-0.0093448,-0.0078993,-0.0015753,-0.0016706,-0.001489,-0.00092625,G-raw-2h
test,z,weekend,weekend,G-blend-raw,948600,180,0.077216,0.075585,0.078902,0.25892,0.25341,0.26461,-0.0041748,-0.0054526,-0.002881,-0.00078553,-0.00096029,-0.00061338,0.001498,G-raw-2h
test,z,weekend,weekday,G-blend,2427525,452,0.077439,0.076639,0.078272,0.25545,0.25265,0.25842,-0.010442,-0.011356,-0.0094013,-0.0018994,-0.0020254,-0.001772,-0.00092625,G-raw-2h
test,z,weekend,weekend,G-blend,948600,180,0.076809,0.075173,0.078531,0.25674,0.25125,0.26262,-0.0063558,-0.0076661,-0.0051101,-0.0011929,-0.0013764,-0.0010137,0.001498,G-raw-2h
test,z,weekend,weekday,T-raw-2h,2427525,452,0.078116,0.077226,0.079015,0.2603,0.25741,0.26313,-0.0055876,-0.0059149,-0.0052433,-0.0012225,-0.0013033,-0.0011397,-0.00092625,G-raw-2h
test,z,weekend,weekend,T-raw-2h,948600,180,0.076469,0.074716,0.07831,0.25656,0.25091,0.26265,-0.0065285,-0.0071235,-0.0059214,-0.0015332,-0.001696,-0.0013637,0.001498,G-raw-2h
test,z,weekend,weekday,T-blend,2427525,452,0.077075,0.076229,0.077952,0.2531,0.25036,0.25609,-0.012791,-0.013581,-0.011954,-0.002263,-0.0023903,-0.0021383,-0.00092625,G-raw-2h
test,z,weekend,weekend,T-blend,948600,180,0.07592,0.074183,0.077726,0.25261,0.2471,0.25848,-0.010486,-0.011684,-0.0092781,-0.0020818,-0.0022784,-0.0018788,0.001498,G-raw-2h
test,z,weekend,weekday,MIX-blend,2427525,452,0.077079,0.076234,0.077953,0.25317,0.25047,0.25611,-0.012725,-0.013519,-0.011867,-0.0022589,-0.0023861,-0.0021345,-0.00092625,G-raw-2h
test,z,weekend,weekend,MIX-blend,948600,180,0.075941,0.074214,0.077739,0.25287,0.2474,0.25869,-0.010226,-0.011454,-0.0090185,-0.0020609,-0.0022581,-0.0018582,0.001498,G-raw-2h
test,z,weekend,weekday,EMP-blend,2427525,452,0.077086,0.076247,0.077953,0.25317,0.25044,0.25612,-0.012724,-0.013511,-0.011881,-0.002252,-0.0023794,-0.0021252,-0.00024701,G-raw-2h
test,z,weekend,weekend,EMP-blend,948600,180,0.075978,0.074244,0.077766,0.25276,0.24728,0.25864,-0.010329,-0.011546,-0.0091368,-0.0020239,-0.0022202,-0.0018218,0.0022274,G-raw-2h
test,z,vol_burst,normal,G-raw-10m,3005825,632,0.074449,0.073674,0.075208,0.25363,0.25052,0.25679,-0.0013008,-0.0024606,-3.8595e-05,-0.0014213,-0.0015359,-0.0013037,-0.00025035,G-raw-2h
test,z,vol_burst,burst(top10% sig10m/sig1d),G-raw-10m,370300,566,0.10459,0.10274,0.10642,0.33938,0.33376,0.34467,-0.0082992,-0.011729,-0.0050573,0.00052764,8.2972e-05,0.0009498,-0.00020254,G-raw-2h
test,z,vol_burst,normal,G-raw-30m,3005825,632,0.074666,0.073921,0.075418,0.25097,0.24817,0.25375,-0.0039623,-0.0046675,-0.0032274,-0.0012042,-0.0012892,-0.0011198,-0.00025035,G-raw-2h
test,z,vol_burst,burst(top10% sig10m/sig1d),G-raw-30m,370300,566,0.10397,0.10197,0.10596,0.33811,0.33176,0.34405,-0.0095728,-0.012079,-0.0070067,-8.86e-05,-0.00038777,0.00018728,-0.00020254,G-raw-2h
test,z,vol_burst,normal,G-raw-2h,3005825,632,0.075871,0.075154,0.076573,0.25493,0.25252,0.2573,0,0,0,0,0,0,-0.00025035,G-raw-2h
test,z,vol_burst,burst(top10% sig10m/sig1d),G-raw-2h,370300,566,0.10406,0.10186,0.10635,0.34768,0.33924,0.35605,0,0,0,0,0,0,-0.00020254,G-raw-2h
test,z,vol_burst,normal,G-raw-6h,3005825,632,0.077895,0.077232,0.07855,0.26366,0.26149,0.26584,0.0087245,0.007667,0.0097639,0.0020247,0.0017962,0.0022616,-0.00025035,G-raw-2h
test,z,vol_burst,burst(top10% sig10m/sig1d),G-raw-6h,370300,566,0.10494,0.10264,0.10737,0.3663,0.3556,0.37715,0.018618,0.015977,0.021434,0.00087441,0.00070747,0.0010527,-0.00020254,G-raw-2h
test,z,vol_burst,normal,G-raw-1d,3005825,632,0.081049,0.080147,0.081937,0.27562,0.27269,0.27851,0.020683,0.018205,0.023125,0.0051785,0.0045391,0.0058245,-0.00025035,G-raw-2h
test,z,vol_burst,burst(top10% sig10m/sig1d),G-raw-1d,370300,566,0.10565,0.10326,0.10808,0.38197,0.3692,0.39456,0.03429,0.029348,0.039277,0.0015901,0.0013317,0.001865,-0.00020254,G-raw-2h
test,z,vol_burst,normal,G-seas-10m,3005825,632,0.074312,0.073546,0.07508,0.25268,0.24951,0.25594,-0.002251,-0.0034521,-0.00094044,-0.0015589,-0.0016869,-0.0014328,-0.00025035,G-raw-2h
test,z,vol_burst,burst(top10% sig10m/sig1d),G-seas-10m,370300,566,0.10454,0.10264,0.10639,0.33935,0.3336,0.34511,-0.0083283,-0.011877,-0.0050489,0.00047558,-1.4244e-05,0.00094588,-0.00020254,G-raw-2h
test,z,vol_burst,normal,G-seas-30m,3005825,632,0.074396,0.073644,0.075147,0.24928,0.24653,0.25207,-0.0056527,-0.0065076,-0.0047316,-0.0014744,-0.0015798,-0.0013708,-0.00025035,G-raw-2h
test,z,vol_burst,burst(top10% sig10m/sig1d),G-seas-30m,370300,566,0.10384,0.10186,0.10584,0.3372,0.33115,0.3433,-0.010479,-0.013534,-0.0074136,-0.00022056,-0.00062421,0.00018473,-0.00020254,G-raw-2h
test,z,vol_burst,normal,G-seas-2h,3005825,632,0.074962,0.074225,0.075696,0.24991,0.2474,0.25248,-0.0050208,-0.0056241,-0.0043858,-0.00090898,-0.0010075,-0.00081473,-0.00025035,G-raw-2h
test,z,vol_burst,burst(top10% sig10m/sig1d),G-seas-2h,370300,566,0.10323,0.10116,0.10538,0.33857,0.33113,0.34581,-0.0091075,-0.011804,-0.0063287,-0.00083505,-0.0011341,-0.00050779,-0.00020254,G-raw-2h
test,z,vol_burst,normal,G-seas-6h,3005825,632,0.075671,0.074968,0.076394,0.25286,0.25053,0.25527,-0.0020733,-0.0028782,-0.0012607,-0.00019923,-0.00033583,-7.0977e-05,-0.00025035,G-raw-2h
test,z,vol_burst,burst(top10% sig10m/sig1d),G-seas-6h,370300,566,0.10328,0.10114,0.10552,0.34522,0.3367,0.35353,-0.0024632,-0.0057015,0.00074727,-0.00077809,-0.0011213,-0.00042341,-0.00020254,G-raw-2h
test,z,vol_burst,normal,G-seas-1d,3005825,632,0.076825,0.076116,0.077524,0.25809,0.25573,0.26055,0.003159,0.0018698,0.0044258,0.00095451,0.00069038,0.0012252,-0.00025035,G-raw-2h
test,z,vol_burst,burst(top10% sig10m/sig1d),G-seas-1d,370300,566,0.10364,0.1015,0.1059,0.35374,0.34398,0.36376,0.0060597,0.0010506,0.011146,-0.00041878,-0.00080512,-1.8308e-05,-0.00020254,G-raw-2h
test,z,vol_burst,normal,G-blend-raw,3005825,632,0.074415,0.073671,0.075137,0.24814,0.24557,0.25067,-0.0067922,-0.0073652,-0.0061581,-0.0014558,-0.0015465,-0.0013654,-0.00025035,G-raw-2h
test,z,vol_burst,burst(top10% sig10m/sig1d),G-blend-raw,370300,566,0.10354,0.10159,0.10548,0.3354,0.32917,0.34111,-0.012281,-0.015044,-0.0095785,-0.00052254,-0.00085271,-0.00020857,-0.00020254,G-raw-2h
test,z,vol_burst,normal,G-blend,3005825,632,0.074119,0.073395,0.074847,0.24634,0.24381,0.24894,-0.0085885,-0.0092538,-0.0078444,-0.0017518,-0.0018638,-0.0016446,-0.00025035,G-raw-2h
test,z,vol_burst,burst(top10% sig10m/sig1d),G-blend,370300,566,0.10277,0.10075,0.10477,0.33266,0.3263,0.33904,-0.01502,-0.017918,-0.012291,-0.0012871,-0.0016356,-0.00093666,-0.00020254,G-raw-2h
test,z,vol_burst,normal,T-raw-2h,3005825,632,0.074254,0.073488,0.075005,0.24819,0.24566,0.25071,-0.0067419,-0.0070558,-0.006407,-0.0016165,-0.001695,-0.0015351,-0.00025035,G-raw-2h
test,z,vol_burst,burst(top10% sig10m/sig1d),T-raw-2h,370300,566,0.10524,0.10293,0.10766,0.34905,0.3406,0.3574,0.0013719,0.00057687,0.0022205,0.0011797,0.001004,0.0013763,-0.00020254,G-raw-2h
test,z,vol_burst,normal,T-blend,3005825,632,0.073581,0.07281,0.074356,0.24334,0.24082,0.24586,-0.011596,-0.012221,-0.010947,-0.0022899,-0.0024072,-0.0021663,-0.00025035,G-raw-2h
test,z,vol_burst,burst(top10% sig10m/sig1d),T-blend,370300,566,0.10248,0.10039,0.10462,0.3311,0.32444,0.33754,-0.016583,-0.019079,-0.014061,-0.0015804,-0.0018465,-0.0013337,-0.00020254,G-raw-2h
test,z,vol_burst,normal,MIX-blend,3005825,632,0.073592,0.072823,0.074363,0.24348,0.24099,0.24597,-0.01145,-0.012062,-0.010808,-0.0022785,-0.002397,-0.0021561,-0.00025035,G-raw-2h
test,z,vol_burst,burst(top10% sig10m/sig1d),MIX-blend,370300,566,0.10247,0.10038,0.1046,0.33101,0.32444,0.33733,-0.016672,-0.019231,-0.014081,-0.0015921,-0.0018628,-0.0013432,-0.00020254,G-raw-2h
test,z,vol_burst,normal,EMP-blend,3005825,632,0.073609,0.072842,0.074375,0.24344,0.24094,0.24593,-0.011497,-0.012118,-0.010845,-0.0022614,-0.0023803,-0.0021381,0.00041695,G-raw-2h
test,z,vol_burst,burst(top10% sig10m/sig1d),EMP-blend,370300,566,0.10247,0.1004,0.10461,0.33113,0.32441,0.33764,-0.016553,-0.019069,-0.014008,-0.0015916,-0.0018599,-0.0013348,0.00070213,G-raw-2h
test,z,fomc,other,G-raw-10m,3372975,632,0.077694,0.076884,0.078457,0.26284,0.25955,0.26592,-0.0020495,-0.00311,-0.00085763,-0.0012074,-0.0013198,-0.001092,-0.00023762,G-raw-2h
test,z,fomc,FOMC 15:00ET,G-raw-10m,3150,14,0.14296,0.10837,0.18053,0.47223,0.35548,0.59926,-0.022229,-0.069128,0.013146,-0.0013518,-0.0066954,0.0034403,-0.008254,G-raw-2h
test,z,fomc,other,G-raw-30m,3372975,632,0.077821,0.077025,0.078573,0.26033,0.25747,0.26316,-0.0045562,-0.0052281,-0.0038244,-0.0010809,-0.0011602,-0.00099672,-0.00023762,G-raw-2h
test,z,fomc,FOMC 15:00ET,G-raw-30m,3150,14,0.1422,0.1079,0.18076,0.46683,0.35059,0.59776,-0.027628,-0.069821,0.0055611,-0.0021035,-0.0060837,0.0013969,-0.008254,G-raw-2h
test,z,fomc,other,G-raw-2h,3372975,632,0.078902,0.078116,0.079629,0.26489,0.26222,0.26741,0,0,0,0,0,0,-0.00023762,G-raw-2h
test,z,fomc,FOMC 15:00ET,G-raw-2h,3150,14,0.14431,0.10644,0.18733,0.49446,0.34934,0.66013,0,0,0,0,0,0,-0.008254,G-raw-2h
test,z,fomc,other,G-raw-6h,3372975,632,0.080797,0.080072,0.081492,0.27464,0.27207,0.27718,0.0097462,0.0087368,0.010681,0.0018958,0.001685,0.0021099,-0.00023762,G-raw-2h
test,z,fomc,FOMC 15:00ET,G-raw-6h,3150,14,0.14907,0.10804,0.19493,0.57213,0.37992,0.8033,0.077673,0.026044,0.14087,0.00476,0.0017959,0.0074647,-0.008254,G-raw-2h
test,z,fomc,other,G-raw-1d,3372975,632,0.083683,0.082824,0.084494,0.28694,0.28382,0.29003,0.022045,0.019672,0.024283,0.0047815,0.0041971,0.00537,-0.00023762,G-raw-2h
test,z,fomc,FOMC 15:00ET,G-raw-1d,3150,14,0.1528,0.11032,0.1991,0.65635,0.41677,0.92416,0.16189,0.063714,0.27199,0.0084958,0.003571,0.012847,-0.008254,G-raw-2h
test,z,fomc,other,G-seas-10m,3372975,632,0.077566,0.076758,0.07834,0.26199,0.25878,0.26523,-0.0028976,-0.0040477,-0.0016486,-0.0013357,-0.0014554,-0.0012117,-0.00023762,G-raw-2h
test,z,fomc,FOMC 15:00ET,G-seas-10m,3150,14,0.14293,0.10831,0.18036,0.47016,0.35581,0.59428,-0.024299,-0.073534,0.01224,-0.0013758,-0.0065187,0.0034451,-0.008254,G-raw-2h
test,z,fomc,other,G-seas-30m,3372975,632,0.077566,0.076767,0.078322,0.25873,0.25583,0.26166,-0.0061595,-0.007016,-0.0052138,-0.0013361,-0.0014417,-0.0012313,-0.00023762,G-raw-2h
test,z,fomc,FOMC 15:00ET,G-seas-30m,3150,14,0.14209,0.10743,0.18057,0.46421,0.35147,0.59013,-0.030249,-0.077135,0.0042822,-0.0022141,-0.0062645,0.0012742,-0.008254,G-raw-2h
test,z,fomc,other,G-seas-2h,3372975,632,0.078001,0.077219,0.078748,0.25943,0.2567,0.26194,-0.0054652,-0.0061728,-0.0047654,-0.00090095,-0.001001,-0.00080297,-0.00023762,G-raw-2h
test,z,fomc,FOMC 15:00ET,G-seas-2h,3150,14,0.14349,0.10619,0.18586,0.4849,0.34783,0.64099,-0.0095581,-0.020046,1.7466e-05,-0.00081533,-0.0017934,0.00010481,-0.008254,G-raw-2h
test,z,fomc,other,G-seas-6h,3372975,632,0.078637,0.077892,0.079372,0.26275,0.26026,0.26534,-0.0021453,-0.0030562,-0.0012667,-0.0002645,-0.00040045,-0.00013332,-0.00023762,G-raw-2h
test,z,fomc,FOMC 15:00ET,G-seas-6h,3150,14,0.14595,0.10684,0.19025,0.52366,0.36323,0.71573,0.029205,0.0017407,0.064857,0.0016432,-0.00050309,0.0037012,-0.008254,G-raw-2h
test,z,fomc,other,G-seas-1d,3372975,632,0.079704,0.079,0.080448,0.26833,0.2657,0.27112,0.0034347,0.0020823,0.0047392,0.00080208,0.0005527,0.0010455,-0.00023762,G-raw-2h
test,z,fomc,FOMC 15:00ET,G-seas-1d,3150,14,0.14704,0.10739,0.19086,0.5434,0.36706,0.74094,0.048943,0.0027777,0.095302,0.002731,-0.00083475,0.0060195,-0.008254,G-raw-2h
test,z,fomc,other,G-blend-raw,3372975,632,0.077549,0.076754,0.078282,0.25752,0.25479,0.26009,-0.0073703,-0.0079662,-0.006694,-0.0013521,-0.0014375,-0.0012635,-0.00023762,G-raw-2h
test,z,fomc,FOMC 15:00ET,G-blend-raw,3150,14,0.14158,0.10603,0.18065,0.46144,0.34648,0.58698,-0.033014,-0.07868,0.0014363,-0.0027281,-0.0071192,0.0010794,-0.008254,G-raw-2h
test,z,fomc,other,G-blend,3372975,632,0.077201,0.076407,0.077936,0.25562,0.25292,0.2583,-0.0092752,-0.010052,-0.0084692,-0.0017001,-0.0018124,-0.0015947,-0.00023762,G-raw-2h
test,z,fomc,FOMC 15:00ET,G-blend,3150,14,0.14177,0.10549,0.18176,0.4651,0.34404,0.60044,-0.029359,-0.064052,-0.0024524,-0.0025402,-0.0055017,-5.3293e-05,-0.008254,G-raw-2h
test,z,fomc,other,T-raw-2h,3372975,632,0.077588,0.076767,0.078385,0.25904,0.25626,0.26162,-0.0058548,-0.0061585,-0.0055443,-0.0013138,-0.0013897,-0.0012403,-0.00023762,G-raw-2h
test,z,fomc,FOMC 15:00ET,T-raw-2h,3150,14,0.14727,0.10774,0.19154,0.49168,0.35008,0.64953,-0.002779,-0.017864,0.012731,0.0029633,0.00090206,0.0047756,-0.008254,G-raw-2h
test,z,fomc,other,T-blend,3372975,632,0.076688,0.075869,0.077459,0.25276,0.25007,0.25536,-0.012128,-0.012822,-0.011428,-0.0022131,-0.0023292,-0.002106,-0.00023762,G-raw-2h
test,z,fomc,FOMC 15:00ET,T-blend,3150,14,0.14324,0.10539,0.18491,0.46643,0.34179,0.60369,-0.028023,-0.061105,-0.0015246,-0.0010632,-0.0029581,0.0005916,-0.008254,G-raw-2h
test,z,fomc,other,MIX-blend,3372975,632,0.076697,0.07588,0.077465,0.25289,0.25023,0.25546,-0.012006,-0.012693,-0.011307,-0.0022041,-0.0023187,-0.0020968,-0.00023762,G-raw-2h
test,z,fomc,FOMC 15:00ET,MIX-blend,3150,14,0.14304,0.10537,0.18448,0.46419,0.34156,0.59907,-0.030262,-0.065123,-0.0025232,-0.0012656,-0.0032736,0.00047773,-0.008254,G-raw-2h
test,z,fomc,other,EMP-blend,3372975,632,0.076713,0.075891,0.077489,0.25285,0.25018,0.25548,-0.012037,-0.012739,-0.011325,-0.0021888,-0.0023066,-0.00208,0.00045551,G-raw-2h
test,z,fomc,FOMC 15:00ET,EMP-blend,3150,14,0.14311,0.10567,0.18489,0.46693,0.34355,0.60507,-0.027526,-0.060559,-0.00042695,-0.0012021,-0.00337,0.00067588,-0.007339,G-raw-2h
test,z,expost_big_move,normal,G-raw-10m,3307725,632,0.07487,0.074162,0.075609,0.25155,0.24868,0.25454,-0.001779,-0.0028004,-0.00063863,-0.0011112,-0.0012184,-0.00099991,-0.00020452,G-raw-2h
test,z,expost_big_move,big move (ex post),G-raw-10m,68400,249,0.21728,0.20934,0.22498,0.81872,0.787,0.85154,-0.016061,-0.035785,0.0037117,-0.0058661,-0.0075363,-0.0042064,-0.0022076,G-raw-2h
test,z,expost_big_move,normal,G-raw-30m,3307725,632,0.074958,0.074281,0.075673,0.24925,0.24681,0.25184,-0.0040717,-0.0047405,-0.0033394,-0.0010225,-0.0011026,-0.00093993,-0.00020452,G-raw-2h
test,z,expost_big_move,big move (ex post),G-raw-30m,68400,249,0.2192,0.21075,0.22723,0.80574,0.77469,0.8369,-0.029048,-0.043478,-0.01455,-0.0039514,-0.0050522,-0.0027995,-0.0022076,G-raw-2h
test,z,expost_big_move,normal,G-raw-2h,3307725,632,0.075981,0.075345,0.07666,0.25332,0.25118,0.25553,0,0,0,0,0,0,-0.00020452,G-raw-2h
test,z,expost_big_move,big move (ex post),G-raw-2h,68400,249,0.22315,0.21395,0.23189,0.83479,0.79847,0.87054,0,0,0,0,0,0,-0.0022076,G-raw-2h
test,z,expost_big_move,normal,G-raw-6h,3307725,632,0.077926,0.077303,0.078554,0.26307,0.26091,0.26529,0.0097428,0.0087333,0.010743,0.0019448,0.0017315,0.002168,-0.00020452,G-raw-2h
test,z,expost_big_move,big move (ex post),G-raw-6h,68400,249,0.22281,0.21333,0.23173,0.84782,0.80562,0.88928,0.013039,-0.0036907,0.030022,-0.00033969,-0.0013998,0.00062305,-0.0022076,G-raw-2h
test,z,expost_big_move,normal,G-raw-1d,3307725,632,0.08095,0.080127,0.081796,0.27598,0.27308,0.27889,0.022659,0.02029,0.025021,0.0049694,0.0043619,0.0055816,-0.00020452,G-raw-2h
test,z,expost_big_move,big move (ex post),G-raw-1d,68400,249,0.21902,0.20964,0.22793,0.83358,0.78649,0.88307,-0.0012064,-0.028902,0.025626,-0.0041348,-0.0060874,-0.002407,-0.0022076,G-raw-2h
test,z,expost_big_move,normal,G-seas-10m,3307725,632,0.074796,0.074071,0.075531,0.25133,0.24837,0.2544,-0.0019981,-0.0030581,-0.00083762,-0.0011849,-0.0012989,-0.0010687,-0.00020452,G-raw-2h
test,z,expost_big_move,big move (ex post),G-seas-10m,68400,249,0.21452,0.20661,0.22196,0.78741,0.75439,0.82,-0.047379,-0.070014,-0.023505,-0.0086301,-0.010636,-0.0066698,-0.0022076,G-raw-2h
test,z,expost_big_move,normal,G-seas-30m,3307725,632,0.074785,0.074108,0.075495,0.24839,0.24589,0.25097,-0.0049336,-0.0057052,-0.0041023,-0.0011958,-0.0012965,-0.0010954,-0.00020452,G-raw-2h
test,z,expost_big_move,big move (ex post),G-seas-30m,68400,249,0.21499,0.20694,0.22275,0.76823,0.73531,0.79965,-0.066553,-0.087668,-0.044651,-0.00816,-0.0099726,-0.0064733,-0.0022076,G-raw-2h
test,z,expost_big_move,normal,G-seas-2h,3307725,632,0.075215,0.074556,0.075897,0.24913,0.24692,0.25146,-0.0041934,-0.0047617,-0.0036252,-0.00076559,-0.00086598,-0.00067118,-0.00020452,G-raw-2h
test,z,expost_big_move,big move (ex post),G-seas-2h,68400,249,0.21571,0.20716,0.22405,0.76763,0.73242,0.80247,-0.067159,-0.085106,-0.047134,-0.0074429,-0.0090617,-0.0057769,-0.0022076,G-raw-2h
test,z,expost_big_move,normal,G-seas-6h,3307725,632,0.075885,0.075254,0.076558,0.25254,0.25044,0.25485,-0.00078295,-0.0015647,-2.0596e-05,-9.6225e-05,-0.00022833,2.9443e-05,-0.00020452,G-raw-2h
test,z,expost_big_move,big move (ex post),G-seas-6h,68400,249,0.21484,0.20629,0.22341,0.7682,0.73024,0.80664,-0.066582,-0.088633,-0.043213,-0.008314,-0.010156,-0.0063753,-0.0022076,G-raw-2h
test,z,expost_big_move,normal,G-seas-1d,3307725,632,0.07702,0.076342,0.077703,0.25831,0.25595,0.26077,0.0049865,0.0036839,0.0062669,0.0010389,0.00079132,0.0012902,-0.00020452,G-raw-2h
test,z,expost_big_move,big move (ex post),G-seas-1d,68400,249,0.21259,0.20418,0.22126,0.76528,0.72268,0.80998,-0.06951,-0.10009,-0.037364,-0.010562,-0.012896,-0.008093,-0.0022076,G-raw-2h
test,z,expost_big_move,normal,G-blend-raw,3307725,632,0.074778,0.074099,0.075468,0.24783,0.24549,0.25029,-0.0054959,-0.0060268,-0.0049224,-0.0012031,-0.0012854,-0.0011138,-0.00020452,G-raw-2h
test,z,expost_big_move,big move (ex post),G-blend-raw,68400,249,0.21453,0.20637,0.22254,0.73559,0.7074,0.76423,-0.099197,-0.11223,-0.085853,-0.0086208,-0.0098665,-0.0073835,-0.0022076,G-raw-2h
test,z,expost_big_move,normal,G-blend,3307725,632,0.074487,0.073814,0.075174,0.24623,0.24392,0.24863,-0.0070993,-0.0077708,-0.0063876,-0.0014938,-0.0015981,-0.0013937,-0.00020452,G-raw-2h
test,z,expost_big_move,big move (ex post),G-blend,68400,249,0.21144,0.20322,0.2194,0.71936,0.68915,0.75013,-0.11542,-0.13326,-0.096192,-0.011713,-0.01344,-0.0099745,-0.0022076,G-raw-2h
test,z,expost_big_move,normal,T-raw-2h,3307725,632,0.074556,0.073836,0.075299,0.24816,0.24595,0.25048,-0.0051695,-0.0054507,-0.004885,-0.0014254,-0.0015043,-0.001348,-0.00020452,G-raw-2h
test,z,expost_big_move,big move (ex post),T-raw-2h,68400,249,0.22743,0.21767,0.23652,0.79593,0.75995,0.83043,-0.038856,-0.041563,-0.036133,0.0042833,0.0037799,0.0047915,-0.0022076,G-raw-2h
test,z,expost_big_move,normal,T-blend,3307725,632,0.073885,0.073174,0.074609,0.24345,0.24122,0.24583,-0.0098769,-0.010485,-0.0092778,-0.0020959,-0.0022113,-0.0019857,-0.00020452,G-raw-2h
test,z,expost_big_move,big move (ex post),T-blend,68400,249,0.21532,0.20664,0.22358,0.71305,0.68512,0.74129,-0.12174,-0.13656,-0.10689,-0.0078285,-0.0092676,-0.0063641,-0.0022076,G-raw-2h
test,z,expost_big_move,normal,MIX-blend,3307725,632,0.073905,0.073197,0.074626,0.24369,0.24149,0.24605,-0.009637,-0.010235,-0.0090398,-0.0020756,-0.0021891,-0.0019654,-0.00020452,G-raw-2h
test,z,expost_big_move,big move (ex post),MIX-blend,68400,249,0.21478,0.20612,0.22301,0.7074,0.67998,0.73552,-0.12739,-0.14244,-0.11251,-0.0083748,-0.0098282,-0.0069123,-0.0022076,G-raw-2h
test,z,expost_big_move,normal,EMP-blend,3307725,632,0.073914,0.073212,0.074634,0.24355,0.24131,0.24594,-0.0097755,-0.010387,-0.0091946,-0.0020666,-0.0021812,-0.0019573,0.00048309,G-raw-2h
test,z,expost_big_move,big move (ex post),EMP-blend,68400,249,0.21509,0.20647,0.22335,0.71269,0.68461,0.74092,-0.1221,-0.13718,-0.10725,-0.0080554,-0.0095169,-0.0065589,-0.0012372,G-raw-2h
test,dollar,all,all,G-raw-10m,815841,632,0.063449,0.062643,0.064261,0.21822,0.21495,0.22165,-0.0008839,-0.0019539,0.00024709,-0.00067761,-0.00079027,-0.00055138,-0.00086059,G-raw-2h
test,dollar,all,all,G-raw-30m,815841,632,0.063469,0.062678,0.064272,0.21577,0.21271,0.21875,-0.0033408,-0.0041771,-0.0024647,-0.00065735,-0.00073864,-0.0005696,-0.00087939,G-raw-2h
test,dollar,all,all,G-raw-2h,815841,632,0.064126,0.063365,0.064908,0.21911,0.216,0.22199,0,0,0,0,0,0,-0.00092256,G-raw-2h
test,dollar,all,all,G-raw-6h,815841,632,0.065001,0.064241,0.065747,0.22535,0.222,0.22864,0.0062464,0.0053642,0.0071324,0.00087506,0.00075683,0.00098656,-0.00095857,G-raw-2h
test,dollar,all,all,G-raw-1d,815841,632,0.066034,0.065237,0.0668,0.23214,0.22855,0.23616,0.013029,0.011398,0.014778,0.0019072,0.0016354,0.0021629,-0.00095613,G-raw-2h
test,dollar,all,all,G-seas-10m,815841,632,0.063322,0.062524,0.064142,0.21686,0.21353,0.2202,-0.0022441,-0.0034439,-0.00091556,-0.00080408,-0.00092816,-0.00066281,-0.00085913,G-raw-2h
test,dollar,all,all,G-seas-30m,815841,632,0.063233,0.062464,0.064033,0.21374,0.21065,0.21685,-0.0053692,-0.0063615,-0.004312,-0.00089379,-0.0010016,-0.00078275,-0.00087609,G-raw-2h
test,dollar,all,all,G-seas-2h,815841,632,0.063408,0.062647,0.064181,0.21371,0.21067,0.21678,-0.0053972,-0.006329,-0.0044668,-0.00071855,-0.00081688,-0.00062402,-0.00091129,G-raw-2h
test,dollar,all,all,G-seas-6h,815841,632,0.063691,0.062923,0.064463,0.21599,0.21275,0.21926,-0.0031161,-0.0043024,-0.0019027,-0.00043518,-0.0005653,-0.00031837,-0.00092681,G-raw-2h
test,dollar,all,all,G-seas-1d,815841,632,0.064171,0.063402,0.064928,0.22001,0.21655,0.22368,0.00090176,-0.00072976,0.0027443,4.4155e-05,-0.00014429,0.00023078,-0.00091906,G-raw-2h
test,dollar,all,all,G-blend-raw,815841,632,0.063476,0.062699,0.064256,0.21384,0.2109,0.21659,-0.005271,-0.0060055,-0.004526,-0.00065053,-0.0007292,-0.0005668,-0.00088753,G-raw-2h
test,dollar,all,all,G-blend,815841,632,0.06305,0.062289,0.063827,0.21148,0.20852,0.21444,-0.0076296,-0.0086208,-0.0066717,-0.0010767,-0.0011876,-0.00096368,-0.00088557,G-raw-2h
test,dollar,all,all,T-raw-2h,815841,632,0.063392,0.062582,0.064217,0.21383,0.21101,0.21656,-0.0052726,-0.0057924,-0.0046971,-0.0007344,-0.00079828,-0.00066754,-0.00090081,G-raw-2h
test,dollar,all,all,T-blend,815841,632,0.062673,0.061874,0.06348,0.20837,0.20553,0.21113,-0.010737,-0.011695,-0.0097474,-0.0014536,-0.0015635,-0.0013445,-0.00087401,G-raw-2h
test,dollar,all,all,MIX-blend,815841,632,0.062683,0.061887,0.063489,0.20849,0.2057,0.21124,-0.010617,-0.011588,-0.0096245,-0.0014431,-0.0015552,-0.0013329,-0.00087597,G-raw-2h
test,dollar,all,all,EMP-blend,815841,632,0.062687,0.061891,0.063489,0.20842,0.2056,0.21117,-0.010684,-0.011632,-0.0096993,-0.0014395,-0.0015533,-0.0013257,-0.00060759,G-raw-2h
test,dollar,tau,60m,G-raw-10m,175040,632,0.066923,0.065833,0.06797,0.23716,0.23178,0.24256,0.0070011,0.0046955,0.0092057,-0.00021909,-0.00037196,-6.934e-05,-0.00032983,G-raw-2h
test,dollar,tau,45m,G-raw-10m,151626,632,0.065984,0.064998,0.067024,0.22838,0.22383,0.23283,0.0008236,-0.0011953,0.0028946,-0.0003968,-0.00057649,-0.00021564,-0.0012986,G-raw-2h
test,dollar,tau,30m,G-raw-10m,123200,632,0.066142,0.065008,0.067284,0.22697,0.22222,0.23171,-0.002132,-0.0037715,-0.00046611,-0.00060577,-0.00078543,-0.00041999,-0.0012511,G-raw-2h
test,dollar,tau,20m,G-raw-10m,100642,632,0.062254,0.061215,0.063273,0.21123,0.20718,0.2159,-0.0038409,-0.005459,-0.0020742,-0.00078038,-0.00096393,-0.00057707,0.00014005,G-raw-2h
test,dollar,tau,15m,G-raw-10m,86406,632,0.062036,0.06097,0.06315,0.20935,0.20541,0.214,-0.0042567,-0.006007,-0.0024593,-0.0008374,-0.0010244,-0.00062523,-0.00024784,G-raw-2h
test,dollar,tau,10m,G-raw-10m,69866,632,0.060953,0.059849,0.06209,0.20466,0.20061,0.20887,-0.0052091,-0.0068453,-0.0032788,-0.00096321,-0.0011671,-0.00076053,-0.0010564,G-raw-2h
test,dollar,tau,5m,G-raw-10m,47620,632,0.056728,0.055544,0.057856,0.19047,0.1864,0.19469,-0.0063172,-0.0080489,-0.0045749,-0.0013631,-0.001601,-0.0011146,-0.0033706,G-raw-2h
test,dollar,tau,3m,G-raw-10m,35037,632,0.054479,0.053116,0.055774,0.18466,0.17984,0.18932,-0.0062352,-0.0079702,-0.0043635,-0.0015368,-0.0018033,-0.0012582,-0.00080894,G-raw-2h
test,dollar,tau,2m,G-raw-10m,26404,632,0.053095,0.05151,0.054684,0.17973,0.17425,0.18517,-0.0064849,-0.0085582,-0.0044442,-0.0016182,-0.0019073,-0.0012951,-0.00088421,G-raw-2h
test,dollar,tau,60m,G-raw-30m,175040,632,0.066736,0.065656,0.06776,0.23039,0.22559,0.23495,0.00023426,-0.0012937,0.0016815,-0.00040681,-0.00051383,-0.00030515,-0.00033928,G-raw-2h
test,dollar,tau,45m,G-raw-30m,151626,632,0.065868,0.064849,0.06691,0.22545,0.22109,0.22959,-0.0021048,-0.0035468,-0.00074393,-0.00051292,-0.00062421,-0.00038746,-0.0013013,G-raw-2h
test,dollar,tau,30m,G-raw-30m,123200,632,0.06613,0.06502,0.06724,0.22511,0.2206,0.22941,-0.003985,-0.0051502,-0.0027833,-0.00061718,-0.00074452,-0.00049738,-0.0012529,G-raw-2h
test,dollar,tau,20m,G-raw-30m,100642,632,0.06229,0.061251,0.063293,0.20976,0.20578,0.21395,-0.0053122,-0.0064324,-0.0041316,-0.00074422,-0.00086101,-0.00062264,0.00012698,G-raw-2h
test,dollar,tau,15m,G-raw-30m,86406,632,0.06212,0.061056,0.063215,0.20837,0.20468,0.21243,-0.0052279,-0.006269,-0.0041011,-0.00075351,-0.00087164,-0.00062142,-0.00025831,G-raw-2h
test,dollar,tau,10m,G-raw-30m,69866,632,0.061094,0.060019,0.062206,0.20419,0.2005,0.20785,-0.0056819,-0.0067649,-0.0045085,-0.00082207,-0.00095285,-0.00068207,-0.001108,G-raw-2h
test,dollar,tau,5m,G-raw-30m,47620,632,0.057088,0.055911,0.058192,0.19107,0.18736,0.19483,-0.0057224,-0.0067802,-0.0046784,-0.0010033,-0.0011489,-0.00084421,-0.0033813,G-raw-2h
test,dollar,tau,3m,G-raw-30m,35037,632,0.054959,0.053634,0.056201,0.18595,0.18155,0.19019,-0.0049401,-0.0060726,-0.003727,-0.001057,-0.0012306,-0.00087594,-0.00086462,G-raw-2h
test,dollar,tau,2m,G-raw-30m,26404,632,0.053614,0.052065,0.055149,0.18138,0.1764,0.18648,-0.0048323,-0.0061262,-0.003648,-0.001099,-0.0012967,-0.00089137,-0.0010652,G-raw-2h
test,dollar,tau,60m,G-raw-2h,175040,632,0.067142,0.066102,0.068158,0.23016,0.22586,0.23417,0,0,0,0,0,0,-0.0003467,G-raw-2h
test,dollar,tau,45m,G-raw-2h,151626,632,0.066381,0.065364,0.067391,0.22756,0.22335,0.23143,0,0,0,0,0,0,-0.0013116,G-raw-2h
test,dollar,tau,30m,G-raw-2h,123200,632,0.066748,0.065636,0.067832,0.2291,0.22446,0.2333,0,0,0,0,0,0,-0.0012592,G-raw-2h
test,dollar,tau,20m,G-raw-2h,100642,632,0.063034,0.06199,0.064054,0.21507,0.21093,0.21911,0,0,0,0,0,0,9.8763e-05,G-raw-2h
test,dollar,tau,15m,G-raw-2h,86406,632,0.062874,0.061817,0.063957,0.2136,0.20971,0.2177,0,0,0,0,0,0,-0.00029375,G-raw-2h
test,dollar,tau,10m,G-raw-2h,69866,632,0.061916,0.060846,0.062973,0.20987,0.20602,0.21372,0,0,0,0,0,0,-0.0012047,G-raw-2h
test,dollar,tau,5m,G-raw-2h,47620,632,0.058092,0.056985,0.059205,0.19679,0.19304,0.20072,0,0,0,0,0,0,-0.0035147,G-raw-2h
test,dollar,tau,3m,G-raw-2h,35037,632,0.056016,0.054703,0.057225,0.19089,0.18667,0.19501,0,0,0,0,0,0,-0.0010845,G-raw-2h
test,dollar,tau,2m,G-raw-2h,26404,632,0.054713,0.053166,0.056278,0.18622,0.18107,0.19114,0,0,0,0,0,0,-0.0012493,G-raw-2h
test,dollar,tau,60m,G-raw-6h,175040,632,0.067776,0.066766,0.068787,0.23448,0.23004,0.23908,0.0043241,0.0031765,0.0055053,0.00063414,0.00050433,0.00076433,-0.00035093,G-raw-2h
test,dollar,tau,45m,G-raw-6h,151626,632,0.067108,0.066108,0.068077,0.23292,0.2283,0.23742,0.0053583,0.004236,0.0066961,0.00072719,0.00060527,0.0008516,-0.0013195,G-raw-2h
test,dollar,tau,30m,G-raw-6h,123200,632,0.067559,0.066466,0.068631,0.23501,0.23027,0.24009,0.005908,0.0046543,0.007314,0.00081183,0.0006903,0.00093347,-0.0012707,G-raw-2h
test,dollar,tau,20m,G-raw-6h,100642,632,0.064024,0.063003,0.065023,0.22284,0.21828,0.22767,0.0077648,0.0066121,0.0088368,0.00098968,0.00086606,0.0011186,6.1799e-05,G-raw-2h
test,dollar,tau,15m,G-raw-6h,86406,632,0.063877,0.062815,0.064957,0.22123,0.21703,0.22579,0.0076293,0.0065692,0.0086896,0.001003,0.00088441,0.0011231,-0.00034171,G-raw-2h
test,dollar,tau,10m,G-raw-6h,69866,632,0.063015,0.061975,0.064048,0.21826,0.21381,0.22281,0.0083933,0.0073152,0.009513,0.001099,0.0009615,0.0012386,-0.0012492,G-raw-2h
test,dollar,tau,5m,G-raw-6h,47620,632,0.059261,0.058175,0.06038,0.20424,0.19996,0.20858,0.0074509,0.0064703,0.0084552,0.0011698,0.0010152,0.001313,-0.0036244,G-raw-2h
test,dollar,tau,3m,G-raw-6h,35037,632,0.057191,0.055861,0.058431,0.19754,0.19288,0.20192,0.0066523,0.0055844,0.0076574,0.0011758,0.0010021,0.0013418,-0.0012545,G-raw-2h
test,dollar,tau,2m,G-raw-6h,26404,632,0.055951,0.054346,0.057512,0.19318,0.18794,0.19843,0.0069636,0.0057649,0.0081321,0.0012378,0.001029,0.0014491,-0.0013958,G-raw-2h
test,dollar,tau,60m,G-raw-1d,175040,632,0.068625,0.067598,0.069639,0.23979,0.2349,0.24464,0.0096288,0.0078297,0.011569,0.0014826,0.0012088,0.0017764,-0.00035102,G-raw-2h
test,dollar,tau,45m,G-raw-1d,151626,632,0.067987,0.066935,0.068982,0.23893,0.23382,0.24392,0.011367,0.0094169,0.013641,0.0016066,0.001336,0.0018847,-0.001331,G-raw-2h
test,dollar,tau,30m,G-raw-1d,123200,632,0.068574,0.067502,0.069671,0.24164,0.2361,0.24779,0.012546,0.010145,0.015371,0.0018269,0.0015453,0.0021058,-0.0012651,G-raw-2h
test,dollar,tau,20m,G-raw-1d,100642,632,0.065092,0.064022,0.066156,0.2307,0.22567,0.23617,0.015625,0.013543,0.017785,0.0020574,0.0017817,0.0023515,7.8826e-05,G-raw-2h
test,dollar,tau,15m,G-raw-1d,86406,632,0.065022,0.063963,0.066122,0.22907,0.22418,0.2345,0.015466,0.013461,0.017502,0.0021482,0.0018726,0.0024287,-0.0003445,G-raw-2h
test,dollar,tau,10m,G-raw-1d,69866,632,0.064244,0.063211,0.065325,0.22644,0.22142,0.23165,0.016567,0.014541,0.018757,0.0023279,0.0020308,0.0026489,-0.0012313,G-raw-2h
test,dollar,tau,5m,G-raw-1d,47620,632,0.060538,0.05942,0.061658,0.21203,0.20723,0.21698,0.015244,0.013259,0.01731,0.0024467,0.0021114,0.0027781,-0.0035312,G-raw-2h
test,dollar,tau,3m,G-raw-1d,35037,632,0.058493,0.05714,0.059794,0.20507,0.19985,0.21002,0.014177,0.011928,0.016223,0.0024771,0.0021025,0.0028289,-0.0013284,G-raw-2h
test,dollar,tau,2m,G-raw-1d,26404,632,0.057332,0.055621,0.058925,0.20084,0.19479,0.20651,0.014628,0.012131,0.016991,0.0026191,0.0021631,0.0030523,-0.0014534,G-raw-2h
test,dollar,tau,60m,G-seas-10m,175040,632,0.066818,0.065752,0.067881,0.23416,0.22902,0.23955,0.0040019,0.0019358,0.0061984,-0.00032404,-0.00049297,-0.0001484,-0.00033207,G-raw-2h
test,dollar,tau,45m,G-seas-10m,151626,632,0.065795,0.064781,0.066852,0.22608,0.2216,0.2307,-0.001483,-0.0034946,0.00087577,-0.00058537,-0.000774,-0.00037981,-0.0013,G-raw-2h
test,dollar,tau,30m,G-seas-10m,123200,632,0.065792,0.064639,0.066948,0.22446,0.21967,0.22932,-0.0046351,-0.0066999,-0.0025595,-0.00095527,-0.0011712,-0.00072385,-0.0012497,G-raw-2h
test,dollar,tau,20m,G-seas-10m,100642,632,0.062176,0.061134,0.063215,0.21149,0.2073,0.21616,-0.0035818,-0.0053795,-0.001614,-0.00085872,-0.0010621,-0.00064133,0.00014818,G-raw-2h
test,dollar,tau,15m,G-seas-10m,86406,632,0.061993,0.060935,0.063115,0.20966,0.20564,0.21429,-0.0039432,-0.0057985,-0.0019413,-0.00088034,-0.0010839,-0.00065638,-0.00023973,G-raw-2h
test,dollar,tau,10m,G-seas-10m,69866,632,0.060943,0.059845,0.062077,0.20487,0.20069,0.20918,-0.0050011,-0.0067717,-0.0030033,-0.00097302,-0.0011849,-0.00075994,-0.0010545,G-raw-2h
test,dollar,tau,5m,G-seas-10m,47620,632,0.056712,0.055532,0.057843,0.19054,0.18643,0.19483,-0.0062468,-0.0080127,-0.0044165,-0.0013794,-0.0016221,-0.0011208,-0.0033706,G-raw-2h
test,dollar,tau,3m,G-seas-10m,35037,632,0.054474,0.053107,0.055786,0.18467,0.17983,0.18935,-0.0062157,-0.0079986,-0.0043264,-0.001542,-0.0018163,-0.0012598,-0.00080972,G-raw-2h
test,dollar,tau,2m,G-seas-10m,26404,632,0.053098,0.05152,0.054694,0.1798,0.17425,0.18517,-0.0064208,-0.0085646,-0.0042959,-0.0016154,-0.001909,-0.001277,-0.00088482,G-raw-2h
test,dollar,tau,60m,G-seas-30m,175040,632,0.066503,0.065456,0.067518,0.22736,0.22286,0.23189,-0.0027961,-0.0044369,-0.0011243,-0.00063948,-0.00077889,-0.00048925,-0.0003395,G-raw-2h
test,dollar,tau,45m,G-seas-30m,151626,632,0.065595,0.064616,0.066632,0.22242,0.21829,0.22659,-0.0051411,-0.0066563,-0.0034367,-0.00078571,-0.00094314,-0.00063124,-0.0013031,G-raw-2h
test,dollar,tau,30m,G-seas-30m,123200,632,0.065685,0.06456,0.066811,0.22153,0.21698,0.22607,-0.0075698,-0.0091589,-0.005822,-0.0010622,-0.0012361,-0.00087973,-0.001253,G-raw-2h
test,dollar,tau,20m,G-seas-30m,100642,632,0.062054,0.06102,0.063088,0.20888,0.20484,0.21308,-0.0061963,-0.0076421,-0.0047097,-0.00097992,-0.0011502,-0.00080793,0.0001355,G-raw-2h
test,dollar,tau,15m,G-seas-30m,86406,632,0.061939,0.060877,0.063059,0.20764,0.20407,0.21172,-0.0059649,-0.0074097,-0.0044454,-0.00093456,-0.0010923,-0.00077102,-0.00024358,G-raw-2h
test,dollar,tau,10m,G-seas-30m,69866,632,0.060976,0.059877,0.062071,0.20374,0.19996,0.20764,-0.0061302,-0.0074573,-0.0046446,-0.00094029,-0.0011029,-0.00077152,-0.0011039,G-raw-2h
test,dollar,tau,5m,G-seas-30m,47620,632,0.05698,0.055805,0.058089,0.19066,0.18691,0.19451,-0.0061294,-0.0073342,-0.0048723,-0.0011112,-0.0012788,-0.00091967,-0.0033788,G-raw-2h
test,dollar,tau,3m,G-seas-30m,35037,632,0.054887,0.05356,0.056153,0.18556,0.18096,0.18982,-0.0053319,-0.0065855,-0.0038843,-0.0011289,-0.0013142,-0.00091354,-0.0008516,G-raw-2h
test,dollar,tau,2m,G-seas-30m,26404,632,0.053588,0.052033,0.055145,0.18118,0.17619,0.18631,-0.0050323,-0.006576,-0.0035672,-0.0011256,-0.0013547,-0.00087625,-0.0010641,G-raw-2h
test,dollar,tau,60m,G-seas-2h,175040,632,0.066436,0.065431,0.067428,0.22466,0.22045,0.22881,-0.0054943,-0.0067611,-0.0042585,-0.00070613,-0.00082938,-0.0005823,-0.00034575,G-raw-2h
test,dollar,tau,45m,G-seas-2h,151626,632,0.065648,0.06466,0.066657,0.22178,0.21771,0.22561,-0.0057815,-0.0069523,-0.0045097,-0.0007328,-0.00085936,-0.00061474,-0.0013069,G-raw-2h
test,dollar,tau,30m,G-seas-2h,123200,632,0.065845,0.064722,0.066956,0.22164,0.21733,0.22602,-0.0074544,-0.0089767,-0.0058589,-0.00090271,-0.0010394,-0.00076048,-0.001256,G-raw-2h
test,dollar,tau,20m,G-seas-2h,100642,632,0.062268,0.061222,0.063283,0.20956,0.20547,0.21359,-0.0055132,-0.0067542,-0.0043306,-0.00076587,-0.0009147,-0.00064009,0.00011569,G-raw-2h
test,dollar,tau,15m,G-seas-2h,86406,632,0.062164,0.061113,0.063236,0.20848,0.20486,0.21264,-0.0051222,-0.0064162,-0.0038833,-0.00070928,-0.00083049,-0.00057966,-0.00027163,G-raw-2h
test,dollar,tau,10m,G-seas-2h,69866,632,0.061279,0.060192,0.062343,0.20523,0.20142,0.20906,-0.0046342,-0.0058248,-0.0034477,-0.000637,-0.00075541,-0.00051154,-0.0011849,G-raw-2h
test,dollar,tau,5m,G-seas-2h,47620,632,0.057499,0.056333,0.058613,0.19333,0.18949,0.1972,-0.0034616,-0.0043854,-0.0024512,-0.00059255,-0.0007268,-0.00044367,-0.0035194,G-raw-2h
test,dollar,tau,3m,G-seas-2h,35037,632,0.05549,0.054166,0.056782,0.18808,0.18365,0.19229,-0.0028098,-0.0038055,-0.0017398,-0.00052603,-0.00068218,-0.00036226,-0.0010237,G-raw-2h
test,dollar,tau,2m,G-seas-2h,26404,632,0.054305,0.052719,0.055863,0.18387,0.17877,0.18882,-0.0023484,-0.0033949,-0.0013107,-0.00040832,-0.00057876,-0.00022646,-0.001211,G-raw-2h
test,dollar,tau,60m,G-seas-6h,175040,632,0.066567,0.065572,0.067554,0.22543,0.22107,0.22957,-0.0047242,-0.0062196,-0.0031975,-0.00057531,-0.00073403,-0.00042614,-0.00034846,G-raw-2h
test,dollar,tau,45m,G-seas-6h,151626,632,0.06584,0.064826,0.066828,0.22365,0.21938,0.22786,-0.0039074,-0.0054669,-0.0022009,-0.00054111,-0.00069623,-0.0004002,-0.0013143,G-raw-2h
test,dollar,tau,30m,G-seas-6h,123200,632,0.066116,0.065004,0.067193,0.2243,0.21968,0.22937,-0.0047975,-0.0070434,-0.0025078,-0.00063179,-0.00081209,-0.00046667,-0.0012612,G-raw-2h
test,dollar,tau,20m,G-seas-6h,100642,632,0.062604,0.061574,0.063616,0.21251,0.20823,0.2169,-0.0025615,-0.0042449,-0.0010631,-0.00042993,-0.0005987,-0.00026736,9.7221e-05,G-raw-2h
test,dollar,tau,15m,G-seas-6h,86406,632,0.062495,0.061434,0.063546,0.21127,0.20721,0.21574,-0.0023283,-0.0038175,-0.0007831,-0.00037822,-0.00052651,-0.00022001,-0.00029023,G-raw-2h
test,dollar,tau,10m,G-seas-6h,69866,632,0.061667,0.060603,0.062721,0.20857,0.20456,0.21274,-0.0012963,-0.0027592,0.00025302,-0.00024917,-0.00040293,-9.7587e-05,-0.0012089,G-raw-2h
test,dollar,tau,5m,G-seas-6h,47620,632,0.057983,0.056835,0.059097,0.19658,0.19239,0.2008,-0.00020759,-0.0015313,0.0011537,-0.00010885,-0.00028337,7.5593e-05,-0.0035582,G-raw-2h
test,dollar,tau,3m,G-seas-6h,35037,632,0.055988,0.054632,0.05728,0.19094,0.18636,0.19549,4.8393e-05,-0.0013932,0.0014634,-2.7983e-05,-0.00022264,0.00017492,-0.0010678,G-raw-2h
test,dollar,tau,2m,G-seas-6h,26404,632,0.054905,0.0533,0.056448,0.1872,0.18184,0.19213,0.0009822,-0.00047274,0.0024312,0.00019204,-3.0458e-05,0.00041689,-0.0012826,G-raw-2h
test,dollar,tau,60m,G-seas-1d,175040,632,0.06694,0.065941,0.067939,0.22857,0.22421,0.23295,-0.0015865,-0.0035789,0.00054203,-0.00020253,-0.00042496,2.6433e-05,-0.00034927,G-raw-2h
test,dollar,tau,45m,G-seas-1d,151626,632,0.066219,0.06518,0.067193,0.22717,0.22252,0.23167,-0.00038657,-0.0024885,0.0020851,-0.00016138,-0.0003723,3.7293e-05,-0.0013223,G-raw-2h
test,dollar,tau,30m,G-seas-1d,123200,632,0.066591,0.065508,0.067668,0.2286,0.22344,0.23454,-0.00049362,-0.0035439,0.0031468,-0.00015651,-0.0003915,7.7935e-05,-0.0012555,G-raw-2h
test,dollar,tau,20m,G-seas-1d,100642,632,0.063119,0.062083,0.064124,0.2172,0.21247,0.22213,0.0021252,-0.0002617,0.0042711,8.4224e-05,-0.00015166,0.00032597,9.655e-05,G-raw-2h
test,dollar,tau,15m,G-seas-1d,86406,632,0.06303,0.061962,0.064097,0.21576,0.21137,0.22078,0.0021619,5.0999e-05,0.004505,0.00015662,-4.2695e-05,0.00038399,-0.00030081,G-raw-2h
test,dollar,tau,10m,G-seas-1d,69866,632,0.062239,0.061169,0.063289,0.21308,0.20863,0.21763,0.0032093,0.0013024,0.0052939,0.00032336,9.6654e-05,0.00054011,-0.0011996,G-raw-2h
test,dollar,tau,5m,G-seas-1d,47620,632,0.058605,0.057485,0.059718,0.20136,0.19668,0.20613,0.0045688,0.0026107,0.0067167,0.00051307,0.00026174,0.00076726,-0.0034858,G-raw-2h
test,dollar,tau,3m,G-seas-1d,35037,632,0.056655,0.055319,0.057893,0.19514,0.1903,0.20001,0.0042473,0.0021762,0.0063422,0.00063917,0.0003382,0.00093939,-0.00099768,G-raw-2h
test,dollar,tau,2m,G-seas-1d,26404,632,0.055614,0.053992,0.057152,0.19158,0.18605,0.19678,0.0053603,0.0033112,0.0074511,0.00090122,0.00056906,0.001238,-0.0012296,G-raw-2h
test,dollar,tau,60m,G-blend-raw,175040,632,0.06713,0.066142,0.06811,0.22748,0.22355,0.23118,-0.0026767,-0.0037058,-0.0016002,-1.1915e-05,-0.00011234,8.3016e-05,-0.00034925,G-raw-2h
test,dollar,tau,45m,G-blend-raw,151626,632,0.06622,0.065252,0.067192,0.22376,0.22006,0.22736,-0.0037987,-0.005025,-0.0026239,-0.00016068,-0.00027383,-4.6347e-05,-0.0013168,G-raw-2h
test,dollar,tau,30m,G-blend-raw,123200,632,0.066428,0.065351,0.067499,0.22361,0.21956,0.22737,-0.0054889,-0.0067332,-0.0042666,-0.00031913,-0.00045829,-0.00017757,-0.0012572,G-raw-2h
test,dollar,tau,20m,G-blend-raw,100642,632,0.062128,0.061093,0.063135,0.20914,0.205,0.21351,-0.0059377,-0.007169,-0.0046693,-0.00090587,-0.0010445,-0.00076726,9.7245e-05,G-raw-2h
test,dollar,tau,15m,G-blend-raw,86406,632,0.061936,0.060869,0.06304,0.20732,0.20358,0.21165,-0.0062793,-0.0075702,-0.0050493,-0.00093804,-0.0010725,-0.00078936,-0.00029478,G-raw-2h
test,dollar,tau,10m,G-blend-raw,69866,632,0.060811,0.059698,0.061904,0.20295,0.19913,0.207,-0.0069226,-0.0081269,-0.005526,-0.0011048,-0.0012587,-0.00095083,-0.0011243,G-raw-2h
test,dollar,tau,5m,G-blend-raw,47620,632,0.056383,0.055176,0.057533,0.18832,0.18431,0.19265,-0.0084675,-0.0098327,-0.0071554,-0.0017081,-0.001913,-0.0014903,-0.0034199,G-raw-2h
test,dollar,tau,3m,G-blend-raw,35037,632,0.053915,0.052512,0.055235,0.18225,0.17705,0.18707,-0.0086379,-0.010134,-0.0068713,-0.0021008,-0.0023437,-0.001861,-0.00081906,G-raw-2h
test,dollar,tau,2m,G-blend-raw,26404,632,0.052418,0.050779,0.054078,0.17675,0.17107,0.18257,-0.0094626,-0.011361,-0.0076119,-0.0022953,-0.0025554,-0.0020153,-0.00085654,G-raw-2h
test,dollar,tau,60m,G-blend,175040,632,0.066458,0.065462,0.067445,0.22396,0.21989,0.22806,-0.0061986,-0.0076045,-0.0048067,-0.00068386,-0.00082267,-0.00054087,-0.00034675,G-raw-2h
test,dollar,tau,45m,G-blend,151626,632,0.065572,0.064583,0.06657,0.22013,0.21643,0.2239,-0.0074305,-0.0086885,-0.0060268,-0.00080921,-0.0009576,-0.00067425,-0.0013121,G-raw-2h
test,dollar,tau,30m,G-blend,123200,632,0.065681,0.064586,0.06675,0.21937,0.21527,0.22345,-0.009733,-0.011341,-0.0081141,-0.0010664,-0.0012378,-0.00089194,-0.0012539,G-raw-2h
test,dollar,tau,20m,G-blend,100642,632,0.061891,0.060842,0.062913,0.20804,0.20385,0.21251,-0.0070346,-0.0085197,-0.0055775,-0.0011432,-0.0013059,-0.00098462,0.00011114,G-raw-2h
test,dollar,tau,15m,G-blend,86406,632,0.061768,0.060696,0.062866,0.20649,0.2028,0.21076,-0.0071079,-0.0085363,-0.0056229,-0.0011056,-0.0012491,-0.00094991,-0.00027355,G-raw-2h
test,dollar,tau,10m,G-blend,69866,632,0.060723,0.059623,0.06183,0.20237,0.19848,0.20652,-0.0074953,-0.0088799,-0.0059614,-0.0011931,-0.0013534,-0.0010339,-0.0011318,G-raw-2h
test,dollar,tau,5m,G-blend,47620,632,0.056366,0.055171,0.057497,0.18796,0.1839,0.1923,-0.0088304,-0.010194,-0.0074688,-0.0017252,-0.0019316,-0.0015103,-0.0034464,G-raw-2h
test,dollar,tau,3m,G-blend,35037,632,0.053976,0.052577,0.055307,0.18216,0.177,0.18704,-0.0087263,-0.010299,-0.0069502,-0.0020402,-0.0022824,-0.001786,-0.00083379,G-raw-2h
test,dollar,tau,2m,G-blend,26404,632,0.052553,0.050913,0.054216,0.17706,0.17127,0.18291,-0.0091548,-0.011024,-0.0072036,-0.0021597,-0.0024543,-0.0018568,-0.00089004,G-raw-2h
test,dollar,tau,60m,T-raw-2h,175040,632,0.066719,0.065642,0.067776,0.225,0.22129,0.22839,-0.0051529,-0.0061109,-0.0041534,-0.00042373,-0.00048446,-0.00036129,-0.00034214,G-raw-2h
test,dollar,tau,45m,T-raw-2h,151626,632,0.065874,0.064823,0.066944,0.22244,0.21889,0.2259,-0.0051184,-0.0058958,-0.0042245,-0.00050714,-0.00058149,-0.00043769,-0.0013022,G-raw-2h
test,dollar,tau,30m,T-raw-2h,123200,632,0.066297,0.065143,0.067451,0.2237,0.21971,0.22749,-0.0053989,-0.0062365,-0.0045694,-0.00045065,-0.00052819,-0.00037463,-0.0012485,G-raw-2h
test,dollar,tau,20m,T-raw-2h,100642,632,0.062222,0.061098,0.063314,0.21028,0.20641,0.21401,-0.0047935,-0.0055382,-0.0040736,-0.00081243,-0.00093013,-0.00070165,0.00011897,G-raw-2h
test,dollar,tau,15m,T-raw-2h,86406,632,0.062116,0.060973,0.063247,0.20915,0.20532,0.21304,-0.0044488,-0.0051652,-0.0037388,-0.00075797,-0.000871,-0.0006433,-0.00029448,G-raw-2h
test,dollar,tau,10m,T-raw-2h,69866,632,0.061125,0.059926,0.062316,0.20542,0.20171,0.20909,-0.0044505,-0.0051726,-0.0037327,-0.00079057,-0.00093175,-0.00064872,-0.0011907,G-raw-2h
test,dollar,tau,5m,T-raw-2h,47620,632,0.056667,0.055399,0.057901,0.191,0.187,0.19504,-0.0057889,-0.0065932,-0.0050044,-0.0014244,-0.0016514,-0.0012201,-0.0034651,G-raw-2h
test,dollar,tau,3m,T-raw-2h,35037,632,0.054167,0.052643,0.055597,0.18298,0.17807,0.18747,-0.0079136,-0.0090758,-0.0066843,-0.0018492,-0.0021538,-0.0015443,-0.0009301,G-raw-2h
test,dollar,tau,2m,T-raw-2h,26404,632,0.052537,0.050763,0.05434,0.17759,0.17201,0.18323,-0.008625,-0.0099559,-0.0072712,-0.002176,-0.0025329,-0.0018265,-0.001118,G-raw-2h
test,dollar,tau,60m,T-blend,175040,632,0.066031,0.064992,0.067072,0.22,0.21629,0.22346,-0.010157,-0.011442,-0.0088015,-0.0011111,-0.0012528,-0.00097318,-0.00034179,G-raw-2h
test,dollar,tau,45m,T-blend,151626,632,0.065128,0.064079,0.066176,0.21682,0.21337,0.2204,-0.010741,-0.011953,-0.0094514,-0.0012531,-0.0013924,-0.001125,-0.0013068,G-raw-2h
test,dollar,tau,30m,T-blend,123200,632,0.065386,0.064243,0.066529,0.21659,0.21287,0.22049,-0.012507,-0.014043,-0.010987,-0.001362,-0.0015265,-0.0011916,-0.0012513,G-raw-2h
test,dollar,tau,20m,T-blend,100642,632,0.061527,0.060444,0.062612,0.20492,0.20108,0.2088,-0.010158,-0.011502,-0.0089059,-0.0015075,-0.0016854,-0.0013331,0.00014864,G-raw-2h
test,dollar,tau,15m,T-blend,86406,632,0.061428,0.060332,0.062594,0.2039,0.20027,0.20783,-0.0097058,-0.011007,-0.0083552,-0.0014459,-0.0016081,-0.0012759,-0.00026008,G-raw-2h
test,dollar,tau,10m,T-blend,69866,632,0.060454,0.059301,0.061603,0.20013,0.19655,0.20395,-0.0097352,-0.011048,-0.0084128,-0.0014617,-0.0016505,-0.0012791,-0.0011139,G-raw-2h
test,dollar,tau,5m,T-blend,47620,632,0.056019,0.054755,0.057225,0.18583,0.18185,0.18981,-0.010961,-0.01221,-0.0096854,-0.0020722,-0.002337,-0.0018034,-0.0034073,G-raw-2h
test,dollar,tau,3m,T-blend,35037,632,0.053567,0.052067,0.054984,0.17868,0.17389,0.18303,-0.012214,-0.0137,-0.01067,-0.002449,-0.0027902,-0.0021266,-0.00081526,G-raw-2h
test,dollar,tau,2m,T-blend,26404,632,0.052047,0.050313,0.053795,0.17405,0.16867,0.17962,-0.012168,-0.013923,-0.010367,-0.0026663,-0.0030559,-0.0022568,-0.00093789,G-raw-2h
test,dollar,tau,60m,MIX-blend,175040,632,0.066048,0.065018,0.067087,0.22018,0.21652,0.22361,-0.0099729,-0.011282,-0.0086096,-0.0010946,-0.0012338,-0.00095605,-0.00034149,G-raw-2h
test,dollar,tau,45m,MIX-blend,151626,632,0.06514,0.064095,0.066185,0.21692,0.21352,0.22047,-0.01064,-0.01185,-0.0093115,-0.0012407,-0.0013802,-0.0011119,-0.0013073,G-raw-2h
test,dollar,tau,30m,MIX-blend,123200,632,0.065395,0.06426,0.066533,0.2167,0.21298,0.22056,-0.012403,-0.013955,-0.010892,-0.0013524,-0.0015167,-0.0011834,-0.0012498,G-raw-2h
test,dollar,tau,20m,MIX-blend,100642,632,0.061531,0.060453,0.062616,0.20501,0.20121,0.20889,-0.010066,-0.011421,-0.0087957,-0.0015029,-0.0016801,-0.0013318,0.0001498,G-raw-2h
test,dollar,tau,15m,MIX-blend,86406,632,0.061442,0.06035,0.062603,0.20401,0.20044,0.20794,-0.0095883,-0.010904,-0.0082375,-0.0014315,-0.0015916,-0.0012633,-0.0002647,G-raw-2h
test,dollar,tau,10m,MIX-blend,69866,632,0.060465,0.059316,0.061608,0.20025,0.19666,0.20404,-0.0096201,-0.010926,-0.0083025,-0.0014509,-0.0016377,-0.0012659,-0.0011172,G-raw-2h
test,dollar,tau,5m,MIX-blend,47620,632,0.056021,0.05475,0.057225,0.18588,0.18195,0.18984,-0.010913,-0.012148,-0.0096316,-0.0020708,-0.0023339,-0.001802,-0.0034098,G-raw-2h
test,dollar,tau,3m,MIX-blend,35037,632,0.053573,0.052078,0.054989,0.17881,0.17404,0.18316,-0.012081,-0.013517,-0.010555,-0.0024428,-0.0027834,-0.0021182,-0.00082738,G-raw-2h
test,dollar,tau,2m,MIX-blend,26404,632,0.052045,0.050309,0.053785,0.17416,0.1688,0.17979,-0.012056,-0.013774,-0.010297,-0.0026681,-0.0030615,-0.002257,-0.00096454,G-raw-2h
test,dollar,tau,60m,EMP-blend,175040,632,0.06604,0.065008,0.06708,0.22001,0.21635,0.22346,-0.010142,-0.011403,-0.0087804,-0.0011027,-0.0012433,-0.00096977,-0.0010808,G-raw-2h
test,dollar,tau,45m,EMP-blend,151626,632,0.065143,0.064094,0.066194,0.21687,0.21341,0.22043,-0.010691,-0.01189,-0.0094042,-0.0012381,-0.0013739,-0.0011077,-0.0012567,G-raw-2h
test,dollar,tau,30m,EMP-blend,123200,632,0.065386,0.064249,0.066523,0.21662,0.21289,0.22046,-0.01248,-0.014033,-0.010914,-0.0013612,-0.0015263,-0.0011929,3.7479e-05,G-raw-2h
test,dollar,tau,20m,EMP-blend,100642,632,0.061542,0.06045,0.06262,0.20499,0.20116,0.20887,-0.010087,-0.011424,-0.008834,-0.0014927,-0.0016659,-0.0013239,-0.00018759,G-raw-2h
test,dollar,tau,15m,EMP-blend,86406,632,0.061442,0.06035,0.062591,0.20395,0.20035,0.20782,-0.0096499,-0.010969,-0.00832,-0.0014313,-0.0015862,-0.0012649,0.00019507,G-raw-2h
test,dollar,tau,10m,EMP-blend,69866,632,0.060478,0.059324,0.061609,0.20022,0.19662,0.204,-0.0096524,-0.010941,-0.0083622,-0.0014378,-0.00162,-0.0012557,-0.00091218,G-raw-2h
test,dollar,tau,5m,EMP-blend,47620,632,0.056048,0.054786,0.057238,0.18588,0.18194,0.18984,-0.010908,-0.012127,-0.0096135,-0.0020431,-0.0023041,-0.0017833,-0.0015634,G-raw-2h
test,dollar,tau,3m,EMP-blend,35037,632,0.053603,0.052123,0.05503,0.17885,0.17415,0.18315,-0.012039,-0.013495,-0.010526,-0.0024122,-0.0027442,-0.0020859,0.00021883,G-raw-2h
test,dollar,tau,2m,EMP-blend,26404,632,0.052069,0.050336,0.053817,0.17416,0.16877,0.17972,-0.012055,-0.013831,-0.010323,-0.0026444,-0.0030318,-0.0022384,0.00045257,G-raw-2h
test,dollar,absz,0-0.5,G-raw-10m,102302,632,0.22884,0.22797,0.2297,0.64972,0.64785,0.65155,-0.0027653,-0.0034328,-0.0020571,-0.0012437,-0.0015222,-0.00093619,-0.00074812,G-raw-2h
test,dollar,absz,0.5-1,G-raw-10m,101839,632,0.14118,0.13912,0.14334,0.45397,0.44883,0.45953,-0.009486,-0.01129,-0.0074655,-0.0029722,-0.0034402,-0.0024153,-0.00036585,G-raw-2h
test,dollar,absz,1-1.5,G-raw-10m,101844,632,0.069257,0.067307,0.07123,0.26585,0.25988,0.27218,-0.0053589,-0.0076637,-0.0029803,-0.0012207,-0.0014994,-0.00092488,-0.0025902,G-raw-2h
test,dollar,absz,1.5-2,G-raw-10m,102016,632,0.03281,0.03127,0.03418,0.15033,0.14414,0.15612,0.0022573,0.00010348,0.004542,3.2454e-05,-0.00011554,0.00018693,-0.0019808,G-raw-2h
test,dollar,absz,2-2.5,G-raw-10m,101877,632,0.017139,0.015951,0.018291,0.093368,0.087207,0.099229,0.0046952,0.0026599,0.006787,-1.3206e-05,-9.6064e-05,7.4565e-05,-0.00068007,G-raw-2h
test,dollar,absz,2.5-3,G-raw-10m,103917,632,0.0092234,0.0083414,0.009979,0.060688,0.055176,0.065738,0.0039461,0.0019658,0.0061443,-2.1999e-06,-4.2595e-05,3.9475e-05,-0.00031496,G-raw-2h
test,dollar,absz,>3,G-raw-10m,202046,632,0.0043056,0.0037776,0.0048161,0.035163,0.030584,0.039436,-0.00022319,-0.0017866,0.001281,-1.5478e-06,-1.715e-05,1.2114e-05,-0.00010111,G-raw-2h
test,dollar,absz,0-0.5,G-raw-30m,102302,632,0.22912,0.22835,0.22987,0.65029,0.64868,0.65186,-0.0022011,-0.0025934,-0.001798,-0.0009686,-0.0011415,-0.00078903,-0.00075915,G-raw-2h
test,dollar,absz,0.5-1,G-raw-30m,101839,632,0.14165,0.1397,0.14372,0.45497,0.4503,0.45983,-0.0084884,-0.0095756,-0.0072714,-0.0025017,-0.0028148,-0.0021361,-0.00046695,G-raw-2h
test,dollar,absz,1-1.5,G-raw-30m,101844,632,0.06917,0.067308,0.071095,0.26304,0.25744,0.26882,-0.0081773,-0.0095498,-0.006803,-0.001308,-0.0015252,-0.0010955,-0.0027228,G-raw-2h
test,dollar,absz,1.5-2,G-raw-30m,102016,632,0.032507,0.030989,0.033865,0.14438,0.13883,0.14951,-0.0036962,-0.0050384,-0.0023849,-0.00027042,-0.00036901,-0.0001715,-0.0018709,G-raw-2h
test,dollar,absz,2-2.5,G-raw-30m,101877,632,0.017024,0.015835,0.018163,0.087509,0.081992,0.092729,-0.0011633,-0.0026131,0.00026017,-0.00012884,-0.00018055,-7.7815e-05,-0.00066983,G-raw-2h
test,dollar,absz,2.5-3,G-raw-30m,103917,632,0.0091692,0.0082776,0.0099368,0.056398,0.051358,0.060978,-0.0003443,-0.0018362,0.001355,-5.6458e-05,-7.7339e-05,-3.5698e-05,-0.00031301,G-raw-2h
test,dollar,absz,>3,G-raw-30m,202046,632,0.0042941,0.0037616,0.004807,0.034041,0.029708,0.038298,-0.0013452,-0.0026316,9.1991e-06,-1.3075e-05,-1.8597e-05,-8.3959e-06,-0.0001153,G-raw-2h
test,dollar,absz,0-0.5,G-raw-2h,102302,632,0.23009,0.22943,0.23073,0.65249,0.65112,0.65381,0,0,0,0,0,0,-0.00082683,G-raw-2h
test,dollar,absz,0.5-1,G-raw-2h,101839,632,0.14415,0.14243,0.14604,0.46346,0.45952,0.46776,0,0,0,0,0,0,-0.0007274,G-raw-2h
test,dollar,absz,1-1.5,G-raw-2h,101844,632,0.070478,0.068658,0.07237,0.27121,0.26632,0.27627,0,0,0,0,0,0,-0.0027975,G-raw-2h
test,dollar,absz,1.5-2,G-raw-2h,102016,632,0.032777,0.031242,0.034133,0.14808,0.14288,0.15272,0,0,0,0,0,0,-0.001784,G-raw-2h
test,dollar,absz,2-2.5,G-raw-2h,101877,632,0.017153,0.015941,0.01832,0.088673,0.083258,0.093943,0,0,0,0,0,0,-0.00069601,G-raw-2h
test,dollar,absz,2.5-3,G-raw-2h,103917,632,0.0092256,0.0083217,0.0099994,0.056742,0.051545,0.061239,0,0,0,0,0,0,-0.00030086,G-raw-2h
test,dollar,absz,>3,G-raw-2h,202046,632,0.0043072,0.00377,0.0048228,0.035386,0.030944,0.039702,0,0,0,0,0,0,-0.00012338,G-raw-2h
test,dollar,absz,0-0.5,G-raw-6h,102302,632,0.23062,0.22992,0.23126,0.65361,0.65217,0.65494,0.0011253,0.00084232,0.0014335,0.0005317,0.00040156,0.00067294,-0.00086889,G-raw-2h
test,dollar,absz,0.5-1,G-raw-6h,101839,632,0.14634,0.14465,0.14821,0.46913,0.46526,0.47335,0.0056746,0.0047447,0.0065444,0.0021852,0.0018592,0.0024947,-0.00092558,G-raw-2h
test,dollar,absz,1-1.5,G-raw-6h,101844,632,0.073014,0.07128,0.074826,0.28213,0.27718,0.28721,0.010916,0.0095626,0.012246,0.0025354,0.0022199,0.0028274,-0.002801,G-raw-2h
test,dollar,absz,1.5-2,G-raw-6h,102016,632,0.034053,0.032556,0.035348,0.15976,0.15456,0.16477,0.011689,0.010327,0.013002,0.0012757,0.0011209,0.0014262,-0.0018161,G-raw-2h
test,dollar,absz,2-2.5,G-raw-6h,101877,632,0.01753,0.016322,0.018704,0.098418,0.09241,0.10474,0.0097452,0.0083132,0.011309,0.00037785,0.00031711,0.00043857,-0.00070194,G-raw-2h
test,dollar,absz,2.5-3,G-raw-6h,103917,632,0.0093067,0.0084087,0.010072,0.06291,0.0574,0.067997,0.0061683,0.0047545,0.0075909,8.1034e-05,5.8357e-05,0.00010373,-0.00030527,G-raw-2h
test,dollar,absz,>3,G-raw-6h,202046,632,0.0043156,0.0037821,0.0048365,0.037688,0.032707,0.042582,0.0023019,0.0011373,0.0035777,8.4414e-06,3.1166e-06,1.3748e-05,-0.00012435,G-raw-2h
test,dollar,absz,0-0.5,G-raw-1d,102302,632,0.23093,0.23018,0.23163,0.65428,0.65271,0.65579,0.0017926,0.0012567,0.0023188,0.00084215,0.00059825,0.0010714,-0.0008198,G-raw-2h
test,dollar,absz,0.5-1,G-raw-1d,101839,632,0.14807,0.14629,0.15,0.47362,0.46937,0.47818,0.010164,0.008385,0.012062,0.0039138,0.003263,0.0045627,-0.00094729,G-raw-2h
test,dollar,absz,1-1.5,G-raw-1d,101844,632,0.07553,0.073691,0.077336,0.29267,0.28701,0.29852,0.021454,0.018791,0.024006,0.005052,0.0044062,0.00568,-0.0027051,G-raw-2h
test,dollar,absz,1.5-2,G-raw-1d,102016,632,0.035933,0.034436,0.037277,0.17296,0.16689,0.17887,0.024882,0.022138,0.027628,0.0031562,0.0027238,0.003613,-0.0019075,G-raw-2h
test,dollar,absz,2-2.5,G-raw-1d,101877,632,0.018531,0.017326,0.019686,0.11039,0.10331,0.11814,0.021716,0.018729,0.02498,0.0013784,0.0011703,0.0015986,-0.00069436,G-raw-2h
test,dollar,absz,2.5-3,G-raw-1d,103917,632,0.009808,0.0089329,0.010572,0.071083,0.064839,0.077115,0.01434,0.011774,0.017146,0.00058239,0.00046183,0.00072289,-0.00034988,G-raw-2h
test,dollar,absz,>3,G-raw-1d,202046,632,0.0044744,0.0039551,0.0050011,0.040264,0.034952,0.045898,0.0048776,0.0029957,0.0068889,0.00016725,0.00012339,0.00021347,-0.00011145,G-raw-2h
test,dollar,absz,0-0.5,G-seas-10m,102302,632,0.2288,0.22791,0.22968,0.64967,0.64776,0.65158,-0.0028136,-0.0035138,-0.0020905,-0.0012887,-0.0015693,-0.00098407,-0.00075632,G-raw-2h
test,dollar,absz,0.5-1,G-seas-10m,101839,632,0.14082,0.13875,0.14306,0.45323,0.44794,0.45886,-0.010231,-0.012223,-0.0080978,-0.0033362,-0.0038274,-0.0027688,-0.00038434,G-raw-2h
test,dollar,absz,1-1.5,G-seas-10m,101844,632,0.068942,0.067009,0.07092,0.26508,0.25877,0.27161,-0.0061343,-0.0086795,-0.003575,-0.001536,-0.0018572,-0.0012085,-0.002536,G-raw-2h
test,dollar,absz,1.5-2,G-seas-10m,102016,632,0.032672,0.031118,0.034051,0.14928,0.1431,0.15538,0.0012013,-0.0012119,0.0037562,-0.000105,-0.00027144,8.3554e-05,-0.002017,G-raw-2h
test,dollar,absz,2-2.5,G-seas-10m,101877,632,0.017051,0.015845,0.018225,0.09172,0.085766,0.097824,0.0030475,0.0008967,0.0052976,-0.0001013,-0.00021744,1.526e-05,-0.00066643,G-raw-2h
test,dollar,absz,2.5-3,G-seas-10m,103917,632,0.0091794,0.008296,0.0099291,0.058408,0.052815,0.063571,0.0016656,-0.00046005,0.0041457,-4.6229e-05,-0.00010458,1.5168e-05,-0.00030021,G-raw-2h
test,dollar,absz,>3,G-seas-10m,202046,632,0.0042966,0.0037731,0.0048042,0.032999,0.028624,0.037318,-0.0023876,-0.0042232,-0.00058821,-1.0626e-05,-3.234e-05,1.0231e-05,-0.00010527,G-raw-2h
test,dollar,absz,0-0.5,G-seas-30m,102302,632,0.2289,0.22812,0.2297,0.6498,0.64816,0.65151,-0.0026877,-0.0031858,-0.0021738,-0.0011834,-0.0013966,-0.00096175,-0.00074342,G-raw-2h
test,dollar,absz,0.5-1,G-seas-30m,101839,632,0.14085,0.1389,0.14296,0.45234,0.44752,0.45739,-0.011123,-0.012507,-0.0096294,-0.0033024,-0.0037025,-0.00287,-0.00048897,G-raw-2h
test,dollar,absz,1-1.5,G-seas-30m,101844,632,0.068712,0.066865,0.070645,0.26069,0.25518,0.26654,-0.01052,-0.012194,-0.0087694,-0.0017663,-0.0020471,-0.0014767,-0.0026617,G-raw-2h
test,dollar,absz,1.5-2,G-seas-30m,102016,632,0.032332,0.030806,0.033708,0.14279,0.13727,0.14807,-0.0052831,-0.0070113,-0.0034147,-0.00044516,-0.00061498,-0.00027352,-0.0019318,G-raw-2h
test,dollar,absz,2-2.5,G-seas-30m,101877,632,0.016897,0.015699,0.018056,0.085757,0.08044,0.091141,-0.0029153,-0.0046599,-0.0012021,-0.00025554,-0.0003651,-0.00015273,-0.00065089,G-raw-2h
test,dollar,absz,2.5-3,G-seas-30m,103917,632,0.009097,0.0082109,0.009851,0.054074,0.048993,0.058781,-0.0026682,-0.004517,-0.00067887,-0.00012861,-0.0001818,-7.7259e-05,-0.00029966,G-raw-2h
test,dollar,absz,>3,G-seas-30m,202046,632,0.004272,0.0037493,0.0047783,0.031485,0.027347,0.035559,-0.003901,-0.0056458,-0.0022017,-3.5196e-05,-5.0486e-05,-1.97e-05,-0.00011529,G-raw-2h
test,dollar,absz,0-0.5,G-seas-2h,102302,632,0.22932,0.22858,0.23002,0.65074,0.64922,0.65221,-0.0017437,-0.0020653,-0.0014094,-0.00077138,-0.00092061,-0.00062339,-0.00075692,G-raw-2h
test,dollar,absz,0.5-1,G-seas-2h,101839,632,0.14171,0.13992,0.14368,0.45552,0.4513,0.46015,-0.0079333,-0.0088694,-0.0070408,-0.0024414,-0.0027449,-0.0021427,-0.00069269,G-raw-2h
test,dollar,absz,1-1.5,G-seas-2h,101844,632,0.068959,0.067089,0.070897,0.26193,0.25661,0.26743,-0.0092787,-0.010453,-0.008142,-0.0015188,-0.0017674,-0.0012685,-0.0027723,G-raw-2h
test,dollar,absz,1.5-2,G-seas-2h,102016,632,0.032257,0.030747,0.033651,0.14194,0.13666,0.14712,-0.0061364,-0.0076824,-0.0047483,-0.00051996,-0.00069901,-0.00035425,-0.0018692,G-raw-2h
test,dollar,absz,2-2.5,G-seas-2h,101877,632,0.016861,0.015673,0.018018,0.083693,0.078379,0.089099,-0.0049798,-0.0064195,-0.0034686,-0.00029142,-0.00039342,-0.00019182,-0.00066215,G-raw-2h
test,dollar,absz,2.5-3,G-seas-2h,103917,632,0.009093,0.0082161,0.0098395,0.052178,0.047337,0.056512,-0.0045639,-0.0061791,-0.002916,-0.00013265,-0.00018459,-8.0598e-05,-0.00029934,G-raw-2h
test,dollar,absz,>3,G-seas-2h,202046,632,0.0042702,0.0037438,0.0047781,0.031108,0.027107,0.035094,-0.0042781,-0.0058299,-0.0028484,-3.703e-05,-5.2582e-05,-2.2526e-05,-0.00011827,G-raw-2h
test,dollar,absz,0-0.5,G-seas-6h,102302,632,0.2295,0.22876,0.23021,0.65113,0.64959,0.6526,-0.0013569,-0.0017223,-0.0010049,-0.00058804,-0.00075079,-0.00043173,-0.00076985,G-raw-2h
test,dollar,absz,0.5-1,G-seas-6h,101839,632,0.14248,0.14063,0.14447,0.45765,0.45337,0.46231,-0.005804,-0.0068977,-0.0046939,-0.0016693,-0.0020206,-0.0013179,-0.00080357,G-raw-2h
test,dollar,absz,1-1.5,G-seas-6h,101844,632,0.069832,0.068013,0.07172,0.26649,0.26116,0.27188,-0.0047201,-0.0063759,-0.0031932,-0.00064604,-0.00097758,-0.00033429,-0.0027611,G-raw-2h
test,dollar,absz,1.5-2,G-seas-6h,102016,632,0.032609,0.031119,0.034002,0.14654,0.14098,0.15183,-0.0015369,-0.0035264,0.00032037,-0.00016868,-0.00038772,3.0638e-05,-0.0018713,G-raw-2h
test,dollar,absz,2-2.5,G-seas-6h,101877,632,0.016943,0.015764,0.018121,0.087421,0.081712,0.093425,-0.0012516,-0.0033513,0.00084948,-0.00020954,-0.00033245,-8.6574e-05,-0.00066385,G-raw-2h
test,dollar,absz,2.5-3,G-seas-6h,103917,632,0.0091028,0.0082242,0.0098542,0.054264,0.04922,0.059307,-0.0024785,-0.0045485,-0.00011838,-0.0001228,-0.00018738,-5.9484e-05,-0.00030975,G-raw-2h
test,dollar,absz,>3,G-seas-6h,202046,632,0.0042688,0.0037457,0.0047736,0.031477,0.027101,0.035738,-0.0039089,-0.0055731,-0.002182,-3.8424e-05,-5.8924e-05,-1.8456e-05,-0.00011687,G-raw-2h
test,dollar,absz,0-0.5,G-seas-1d,102302,632,0.22975,0.22896,0.23047,0.65171,0.65002,0.65324,-0.0007825,-0.0013481,-0.00025196,-0.00034289,-0.0005945,-0.00010786,-0.00073269,G-raw-2h
test,dollar,absz,0.5-1,G-seas-1d,101839,632,0.14359,0.14172,0.14553,0.46109,0.45657,0.46594,-0.0023685,-0.0041179,-0.00053402,-0.00056255,-0.0010783,-1.3386e-05,-0.00079312,G-raw-2h
test,dollar,absz,1-1.5,G-seas-1d,101844,632,0.071151,0.069346,0.073088,0.2741,0.26811,0.28026,0.0028839,0.00014243,0.0057161,0.00067324,0.00022806,0.0011606,-0.0026833,G-raw-2h
test,dollar,absz,1.5-2,G-seas-1d,102016,632,0.033318,0.031879,0.034627,0.15469,0.14871,0.16036,0.0066175,0.0037167,0.0097365,0.0005411,0.00023989,0.00085256,-0.0019464,G-raw-2h
test,dollar,absz,2-2.5,G-seas-1d,101877,632,0.017233,0.01607,0.018383,0.094012,0.087932,0.10103,0.0053389,0.0023547,0.0086643,8.0861e-05,-8.1348e-05,0.00025039,-0.00065133,G-raw-2h
test,dollar,absz,2.5-3,G-seas-1d,103917,632,0.0092139,0.0083639,0.0099704,0.057946,0.052591,0.063351,0.0012036,-0.0014792,0.0040369,-1.1719e-05,-0.00010573,7.3173e-05,-0.00031268,G-raw-2h
test,dollar,absz,>3,G-seas-1d,202046,632,0.0042953,0.0037721,0.0047991,0.032511,0.027937,0.036917,-0.0028747,-0.0049036,-0.00075716,-1.1851e-05,-4.1866e-05,1.7704e-05,-0.00011582,G-raw-2h
test,dollar,absz,0-0.5,G-blend-raw,102302,632,0.22907,0.2283,0.22982,0.65017,0.64856,0.65175,-0.0023193,-0.0027219,-0.0019055,-0.0010172,-0.0011943,-0.00083887,-0.00079143,G-raw-2h
test,dollar,absz,0.5-1,G-blend-raw,101839,632,0.14169,0.1398,0.14369,0.45483,0.45045,0.45958,-0.0086311,-0.0096316,-0.0075374,-0.0024617,-0.0027788,-0.002122,-0.00049029,G-raw-2h
test,dollar,absz,1-1.5,G-blend-raw,101844,632,0.069276,0.067422,0.071159,0.26259,0.25734,0.26799,-0.0086234,-0.0097995,-0.0073398,-0.0012018,-0.0014166,-0.00097068,-0.0026904,G-raw-2h
test,dollar,absz,1.5-2,G-blend-raw,102016,632,0.032512,0.031008,0.033857,0.14277,0.13781,0.14775,-0.0053042,-0.0064797,-0.0040056,-0.00026529,-0.00038069,-0.00014563,-0.0019073,G-raw-2h
test,dollar,absz,2-2.5,G-blend-raw,101877,632,0.016993,0.01582,0.018137,0.084564,0.079336,0.089728,-0.0041087,-0.0053278,-0.0028689,-0.00015919,-0.00022283,-9.2204e-05,-0.00068305,G-raw-2h
test,dollar,absz,2.5-3,G-blend-raw,103917,632,0.0091619,0.0082731,0.0099261,0.052681,0.048037,0.05689,-0.0040615,-0.0053227,-0.0027143,-6.3719e-05,-9.3063e-05,-3.4474e-05,-0.00031128,G-raw-2h
test,dollar,absz,>3,G-blend-raw,202046,632,0.0042891,0.0037571,0.0048041,0.030813,0.026895,0.034638,-0.0045733,-0.0058657,-0.0032792,-1.8116e-05,-2.7217e-05,-9.755e-06,-0.00011222,G-raw-2h
test,dollar,absz,0-0.5,G-blend,102302,632,0.22874,0.22796,0.2295,0.64944,0.64779,0.65106,-0.0030519,-0.0034837,-0.0025963,-0.0013453,-0.0015337,-0.0011454,-0.000785,G-raw-2h
test,dollar,absz,0.5-1,G-blend,101839,632,0.14044,0.13856,0.14247,0.451,0.44644,0.45589,-0.01246,-0.013711,-0.011203,-0.0037183,-0.0041072,-0.003329,-0.00053153,G-raw-2h
test,dollar,absz,1-1.5,G-blend,101844,632,0.068311,0.066495,0.070239,0.25795,0.25265,0.26354,-0.013259,-0.014722,-0.011723,-0.0021669,-0.0024379,-0.0018911,-0.0026191,G-raw-2h
test,dollar,absz,1.5-2,G-blend,102016,632,0.032065,0.030565,0.033426,0.13988,0.13464,0.14504,-0.0081999,-0.0098722,-0.0065558,-0.00071199,-0.00088646,-0.00053633,-0.0019661,G-raw-2h
test,dollar,absz,2-2.5,G-blend,101877,632,0.016763,0.015591,0.017929,0.08246,0.077345,0.087924,-0.0062131,-0.0077758,-0.0046303,-0.0003891,-0.00049958,-0.00027898,-0.00064984,G-raw-2h
test,dollar,absz,2.5-3,G-blend,103917,632,0.009049,0.0081674,0.009788,0.050865,0.046173,0.055246,-0.0058773,-0.0076451,-0.0040835,-0.00017667,-0.00023519,-0.00011907,-0.00029529,G-raw-2h
test,dollar,absz,>3,G-blend,202046,632,0.0042539,0.0037287,0.0047579,0.029383,0.025488,0.033292,-0.0060027,-0.0078503,-0.004409,-5.3317e-05,-7.2829e-05,-3.3542e-05,-0.00011802,G-raw-2h
test,dollar,absz,0-0.5,T-raw-2h,102302,632,0.22891,0.22805,0.22977,0.64987,0.64806,0.65168,-0.0026127,-0.0030771,-0.0021754,-0.0011742,-0.0013822,-0.00098026,-0.00085232,G-raw-2h
test,dollar,absz,0.5-1,T-raw-2h,101839,632,0.14086,0.1388,0.14308,0.45313,0.4482,0.45849,-0.01033,-0.011327,-0.0092396,-0.0032949,-0.003614,-0.0029474,-0.00056307,G-raw-2h
test,dollar,absz,1-1.5,T-raw-2h,101844,632,0.069281,0.067348,0.071331,0.26464,0.25907,0.27055,-0.0065715,-0.0073508,-0.0057249,-0.0011967,-0.0013364,-0.0010547,-0.0027805,G-raw-2h
test,dollar,absz,1.5-2,T-raw-2h,102016,632,0.032669,0.031121,0.034035,0.14676,0.14144,0.15157,-0.0013129,-0.0015889,-0.0010487,-0.00010857,-0.00013057,-8.8522e-05,-0.001772,G-raw-2h
test,dollar,absz,2-2.5,T-raw-2h,101877,632,0.017123,0.015929,0.018273,0.087429,0.082591,0.092163,-0.0012434,-0.0018245,-0.00062419,-2.9335e-05,-4.6435e-05,-1.0594e-05,-0.00069977,G-raw-2h
test,dollar,absz,2.5-3,T-raw-2h,103917,632,0.0091871,0.0082986,0.0099521,0.05242,0.048307,0.055908,-0.0043223,-0.0053206,-0.0032259,-3.8537e-05,-5.0692e-05,-2.4919e-05,-0.00029409,G-raw-2h
test,dollar,absz,>3,T-raw-2h,202046,632,0.0042897,0.003758,0.0048004,0.027451,0.024619,0.030195,-0.0079351,-0.0094886,-0.0063189,-1.7492e-05,-2.283e-05,-1.2015e-05,-0.00012167,G-raw-2h
test,dollar,absz,0-0.5,T-blend,102302,632,0.22822,0.2273,0.22914,0.64827,0.64627,0.65022,-0.0042155,-0.004955,-0.0035043,-0.0018636,-0.0021775,-0.0015585,-0.00078553,G-raw-2h
test,dollar,absz,0.5-1,T-blend,101839,632,0.13881,0.13672,0.14103,0.4458,0.44062,0.45143,-0.017655,-0.019309,-0.015977,-0.0053434,-0.0058091,-0.0048593,-0.00047414,G-raw-2h
test,dollar,absz,1-1.5,T-blend,101844,632,0.067624,0.065691,0.06963,0.2545,0.24867,0.26045,-0.016716,-0.018224,-0.015255,-0.0028545,-0.0030907,-0.0026162,-0.0026367,G-raw-2h
test,dollar,absz,1.5-2,T-blend,102016,632,0.031922,0.030391,0.033295,0.13847,0.13321,0.14358,-0.0096093,-0.010891,-0.0083928,-0.00085562,-0.00099065,-0.0007278,-0.0019012,G-raw-2h
test,dollar,absz,2-2.5,T-blend,101877,632,0.016749,0.015573,0.017908,0.080629,0.075935,0.085529,-0.0080437,-0.0092862,-0.0068056,-0.00040408,-0.00049024,-0.00032072,-0.0006704,G-raw-2h
test,dollar,absz,2.5-3,T-blend,103917,632,0.0090372,0.0081582,0.0097785,0.047818,0.043831,0.051251,-0.0089242,-0.010471,-0.0073352,-0.00018847,-0.00023662,-0.00013987,-0.00029215,G-raw-2h
test,dollar,absz,>3,T-blend,202046,632,0.004246,0.0037234,0.0047476,0.024989,0.02226,0.027727,-0.010397,-0.012214,-0.0085515,-6.1153e-05,-7.9569e-05,-4.2478e-05,-0.00011514,G-raw-2h
test,dollar,absz,0-0.5,MIX-blend,102302,632,0.22822,0.22728,0.22915,0.64826,0.64625,0.65022,-0.0042248,-0.00498,-0.0035014,-0.001868,-0.0021866,-0.0015638,-0.00078533,G-raw-2h
test,dollar,absz,0.5-1,MIX-blend,101839,632,0.13883,0.13675,0.14104,0.44589,0.44074,0.45146,-0.01757,-0.019164,-0.015936,-0.0053247,-0.0057805,-0.004851,-0.0004846,G-raw-2h
test,dollar,absz,1-1.5,MIX-blend,101844,632,0.067668,0.065748,0.069665,0.25479,0.24914,0.26066,-0.01642,-0.017836,-0.015033,-0.0028102,-0.0030403,-0.0025798,-0.0026339,G-raw-2h
test,dollar,absz,1.5-2,MIX-blend,102016,632,0.031944,0.030429,0.033314,0.13875,0.13362,0.14375,-0.0093269,-0.010603,-0.0081266,-0.00083346,-0.00097166,-0.00070284,-0.0019103,G-raw-2h
test,dollar,absz,2-2.5,MIX-blend,101877,632,0.016752,0.015584,0.017906,0.080747,0.07612,0.085554,-0.0079256,-0.0092464,-0.0066344,-0.00040058,-0.00049076,-0.00031314,-0.00067097,G-raw-2h
test,dollar,absz,2.5-3,MIX-blend,103917,632,0.009038,0.0081609,0.0097759,0.047861,0.043902,0.05129,-0.0088811,-0.010503,-0.007261,-0.00018768,-0.0002385,-0.00013557,-0.00029223,G-raw-2h
test,dollar,absz,>3,MIX-blend,202046,632,0.0042458,0.0037243,0.0047467,0.025061,0.022287,0.027837,-0.010326,-0.012114,-0.0084603,-6.143e-05,-8.1467e-05,-4.1514e-05,-0.00011436,G-raw-2h
test,dollar,absz,0-0.5,EMP-blend,102302,632,0.22826,0.22736,0.22915,0.64835,0.64645,0.65025,-0.0041423,-0.0048373,-0.003463,-0.0018275,-0.0021243,-0.0015318,-0.0024379,G-raw-2h
test,dollar,absz,0.5-1,EMP-blend,101839,632,0.1389,0.13681,0.14111,0.44606,0.44097,0.45166,-0.017394,-0.01901,-0.015681,-0.0052574,-0.0057108,-0.004773,-3.0087e-05,G-raw-2h
test,dollar,absz,1-1.5,EMP-blend,101844,632,0.067628,0.065689,0.069631,0.25455,0.24862,0.26047,-0.01666,-0.018158,-0.015162,-0.0028505,-0.0030939,-0.0026042,-0.0010924,G-raw-2h
test,dollar,absz,1.5-2,EMP-blend,102016,632,0.031912,0.030377,0.033285,0.13838,0.1331,0.14353,-0.0096941,-0.010993,-0.0084575,-0.00086565,-0.0010006,-0.00073769,-0.00073215,G-raw-2h
test,dollar,absz,2-2.5,EMP-blend,101877,632,0.016745,0.015577,0.017904,0.08059,0.075863,0.085485,-0.0080831,-0.0093418,-0.00686,-0.0004075,-0.00049349,-0.0003239,-0.00013154,G-raw-2h
test,dollar,absz,2.5-3,EMP-blend,103917,632,0.0090364,0.0081567,0.0097786,0.047841,0.043905,0.051232,-0.0089015,-0.010429,-0.007337,-0.00018923,-0.00023656,-0.00014052,-0.00012342,G-raw-2h
test,dollar,absz,>3,EMP-blend,202046,632,0.0042464,0.0037244,0.0047482,0.025055,0.022362,0.027709,-0.010331,-0.012157,-0.0084838,-6.0756e-05,-7.907e-05,-4.236e-05,-0.00015376,G-raw-2h
test,dollar,vol_regime,low,G-raw-10m,182300,277,0.068973,0.067266,0.070643,0.23959,0.23307,0.24662,0.0021188,-0.00010949,0.0045861,-0.00036594,-0.00056885,-0.00015449,0.00058857,G-raw-2h
test,dollar,vol_regime,mid,G-raw-10m,256185,324,0.063154,0.061658,0.064601,0.21737,0.21106,0.22348,-0.0014029,-0.0032966,0.00053827,-0.00071913,-0.00091707,-0.00052729,-0.0010108,G-raw-2h
test,dollar,vol_regime,high,G-raw-10m,377356,261,0.06098,0.059672,0.062211,0.20848,0.20317,0.21392,-0.0019822,-0.003841,-0.00027753,-0.00079998,-0.0010009,-0.00059083,-0.0014587,G-raw-2h
test,dollar,vol_regime,low,G-raw-30m,182300,277,0.068847,0.067132,0.070544,0.23503,0.22895,0.24178,-0.0024321,-0.0040044,-0.00078075,-0.00049186,-0.00062807,-0.00035588,0.00058456,G-raw-2h
test,dollar,vol_regime,mid,G-raw-30m,256185,324,0.063188,0.061691,0.064565,0.21492,0.20924,0.22055,-0.0038556,-0.0051009,-0.0026545,-0.00068514,-0.00081967,-0.00055275,-0.0010646,G-raw-2h
test,dollar,vol_regime,high,G-raw-30m,377356,261,0.061061,0.059766,0.062271,0.20703,0.20205,0.21208,-0.0034304,-0.0049544,-0.0019475,-0.00071843,-0.0008606,-0.00056641,-0.0014609,G-raw-2h
test,dollar,vol_regime,low,G-raw-2h,182300,277,0.069339,0.067676,0.070994,0.23747,0.23104,0.24411,0,0,0,0,0,0,0.00050377,G-raw-2h
test,dollar,vol_regime,mid,G-raw-2h,256185,324,0.063873,0.062424,0.065258,0.21877,0.21272,0.22449,0,0,0,0,0,0,-0.0011229,G-raw-2h
test,dollar,vol_regime,high,G-raw-2h,377356,261,0.06178,0.060576,0.062957,0.21046,0.20578,0.21482,0,0,0,0,0,0,-0.0014756,G-raw-2h
test,dollar,vol_regime,low,G-raw-6h,182300,277,0.070117,0.068435,0.071754,0.24421,0.23728,0.25146,0.0067445,0.0052756,0.0083292,0.00077816,0.00061014,0.00095197,0.00039326,G-raw-2h
test,dollar,vol_regime,mid,G-raw-6h,256185,324,0.064775,0.063342,0.066192,0.22553,0.2189,0.23214,0.0067604,0.0053165,0.0083169,0.00090143,0.00071572,0.0010946,-0.0011385,G-raw-2h
test,dollar,vol_regime,high,G-raw-6h,377356,261,0.062684,0.061484,0.063807,0.21612,0.21128,0.2209,0.0056568,0.0043529,0.0070476,0.00090398,0.00073409,0.001077,-0.0014895,G-raw-2h
test,dollar,vol_regime,low,G-raw-1d,182300,277,0.071699,0.070013,0.073421,0.25255,0.24537,0.26005,0.015085,0.012372,0.017928,0.0023597,0.0019318,0.0028122,0.00040404,G-raw-2h
test,dollar,vol_regime,mid,G-raw-1d,256185,324,0.06575,0.064276,0.067174,0.23179,0.22465,0.23937,0.013016,0.010314,0.016224,0.0018764,0.0014769,0.0022958,-0.0011318,G-raw-2h
test,dollar,vol_regime,high,G-raw-1d,377356,261,0.063489,0.062304,0.064614,0.22251,0.21732,0.22803,0.012045,0.0097515,0.014721,0.0017095,0.0013494,0.0021163,-0.001494,G-raw-2h
test,dollar,vol_regime,low,G-seas-10m,182300,277,0.068805,0.067074,0.070507,0.23786,0.23129,0.2449,0.00039099,-0.0021857,0.0032492,-0.00053378,-0.0007683,-0.00028965,0.00059094,G-raw-2h
test,dollar,vol_regime,mid,G-seas-10m,256185,324,0.063066,0.061572,0.064533,0.21628,0.21009,0.2223,-0.0024913,-0.0045992,-0.00021015,-0.00080691,-0.0010286,-0.00059944,-0.0010058,G-raw-2h
test,dollar,vol_regime,high,G-seas-10m,377356,261,0.060847,0.059536,0.062052,0.20711,0.20191,0.21244,-0.0033492,-0.0052066,-0.0014762,-0.00093274,-0.0011444,-0.00070176,-0.0014601,G-raw-2h
test,dollar,vol_regime,low,G-seas-30m,182300,277,0.068573,0.066873,0.07029,0.23247,0.22637,0.23882,-0.0049949,-0.0071862,-0.0027511,-0.00076646,-0.00095833,-0.00056692,0.00058154,G-raw-2h
test,dollar,vol_regime,mid,G-seas-30m,256185,324,0.06295,0.061465,0.064398,0.21308,0.20732,0.21868,-0.0056939,-0.0075165,-0.0038674,-0.00092303,-0.0011162,-0.00074716,-0.0010469,G-raw-2h
test,dollar,vol_regime,high,G-seas-30m,377356,261,0.060844,0.059575,0.06204,0.20513,0.20032,0.20998,-0.0053296,-0.0068609,-0.0037414,-0.00093545,-0.0011207,-0.00074711,-0.0014643,G-raw-2h
test,dollar,vol_regime,low,G-seas-2h,182300,277,0.068688,0.066991,0.070388,0.23118,0.22535,0.23761,-0.0062899,-0.0082554,-0.0042265,-0.00065145,-0.00084266,-0.00046423,0.00052522,G-raw-2h
test,dollar,vol_regime,mid,G-seas-2h,256185,324,0.063096,0.061628,0.064534,0.2131,0.20732,0.21895,-0.0056729,-0.0074406,-0.0037784,-0.0007774,-0.00094686,-0.00062098,-0.0011015,G-raw-2h
test,dollar,vol_regime,high,G-seas-2h,377356,261,0.061069,0.059837,0.062243,0.20568,0.20103,0.20995,-0.0047788,-0.0060095,-0.0035009,-0.00071101,-0.00085724,-0.00056202,-0.0014761,G-raw-2h
test,dollar,vol_regime,low,G-seas-6h,182300,277,0.068978,0.067302,0.070699,0.23313,0.22703,0.23985,-0.0043329,-0.0065384,-0.0019228,-0.00036152,-0.00059433,-0.00012788,0.0004965,G-raw-2h
test,dollar,vol_regime,mid,G-seas-6h,256185,324,0.063335,0.061876,0.064765,0.21527,0.20906,0.2215,-0.003505,-0.0056595,-0.0011108,-0.00053808,-0.00074538,-0.00035379,-0.0011216,G-raw-2h
test,dollar,vol_regime,high,G-seas-6h,377356,261,0.061379,0.060174,0.062537,0.2082,0.20344,0.21259,-0.0022642,-0.0040713,-0.00041577,-0.0004009,-0.00060723,-0.00019964,-0.0014822,G-raw-2h
test,dollar,vol_regime,low,G-seas-1d,182300,277,0.069527,0.06784,0.071164,0.23608,0.23008,0.24265,-0.0013827,-0.0040591,0.0014595,0.00018792,-0.00010463,0.00048363,0.00051686,G-raw-2h
test,dollar,vol_regime,mid,G-seas-1d,256185,324,0.063744,0.062293,0.065147,0.21846,0.21191,0.22522,-0.00030867,-0.0031288,0.0030486,-0.0001293,-0.00041085,0.00015544,-0.0011104,G-raw-2h
test,dollar,vol_regime,high,G-seas-1d,377356,261,0.061872,0.060637,0.062973,0.21329,0.20793,0.21841,0.0028271,0.00026094,0.0056304,9.2455e-05,-0.00021727,0.00041194,-0.0014828,G-raw-2h
test,dollar,vol_regime,low,G-blend-raw,182300,277,0.068765,0.067104,0.070398,0.23132,0.22544,0.23738,-0.0061417,-0.0076916,-0.004655,-0.00057388,-0.00071813,-0.00042801,0.00051972,G-raw-2h
test,dollar,vol_regime,mid,G-blend-raw,256185,324,0.063241,0.061809,0.064601,0.21356,0.20807,0.21892,-0.0052163,-0.0064989,-0.0040136,-0.00063214,-0.0007726,-0.00049555,-0.0010366,G-raw-2h
test,dollar,vol_regime,high,G-blend-raw,377356,261,0.06108,0.059842,0.062262,0.20558,0.20098,0.21014,-0.0048874,-0.006107,-0.0036362,-0.00070003,-0.00083395,-0.00055088,-0.0014662,G-raw-2h
test,dollar,vol_regime,low,G-blend,182300,277,0.068368,0.06667,0.070052,0.22872,0.22288,0.23503,-0.0087449,-0.010776,-0.0066476,-0.00097148,-0.0011606,-0.00078103,0.00054452,G-raw-2h
test,dollar,vol_regime,mid,G-blend,256185,324,0.062773,0.061323,0.064192,0.21111,0.20533,0.21663,-0.0076643,-0.0095357,-0.0057484,-0.0011,-0.0012768,-0.00092886,-0.001042,G-raw-2h
test,dollar,vol_regime,high,G-blend,377356,261,0.060668,0.059441,0.061835,0.2034,0.19891,0.2077,-0.0070672,-0.0084649,-0.0057031,-0.0011116,-0.0012921,-0.00093762,-0.0014703,G-raw-2h
test,dollar,vol_regime,low,T-raw-2h,182300,277,0.068913,0.067134,0.070651,0.23157,0.22564,0.23764,-0.0058987,-0.007105,-0.004881,-0.00042629,-0.00056533,-0.00028755,0.00052964,G-raw-2h
test,dollar,vol_regime,mid,T-raw-2h,256185,324,0.063147,0.061609,0.064623,0.21331,0.20801,0.21841,-0.0054625,-0.0065039,-0.0044393,-0.00072609,-0.00083669,-0.00061902,-0.0010606,G-raw-2h
test,dollar,vol_regime,high,T-raw-2h,377356,261,0.060891,0.059582,0.062113,0.20562,0.20126,0.20978,-0.0048412,-0.0056565,-0.0040607,-0.00088888,-0.0009962,-0.00078404,-0.0014834,G-raw-2h
test,dollar,vol_regime,low,T-blend,182300,277,0.068144,0.06639,0.069884,0.22573,0.2201,0.23171,-0.01174,-0.013652,-0.0098877,-0.0011956,-0.0013977,-0.00098562,0.00056731,G-raw-2h
test,dollar,vol_regime,mid,T-blend,256185,324,0.062425,0.060906,0.06392,0.20786,0.20259,0.21298,-0.010913,-0.012587,-0.0092125,-0.0014487,-0.0016455,-0.0012544,-0.0010144,G-raw-2h
test,dollar,vol_regime,high,T-blend,377356,261,0.060198,0.058918,0.061434,0.20033,0.19591,0.20436,-0.010133,-0.01164,-0.0087006,-0.0015816,-0.0017694,-0.001396,-0.001475,G-raw-2h
test,dollar,vol_regime,low,MIX-blend,182300,277,0.068138,0.066397,0.069872,0.22572,0.22014,0.23162,-0.011746,-0.013691,-0.0098751,-0.001201,-0.0013997,-0.00099264,0.00056429,G-raw-2h
test,dollar,vol_regime,mid,MIX-blend,256185,324,0.062435,0.060923,0.063923,0.20799,0.20278,0.21304,-0.010787,-0.012486,-0.009048,-0.0014384,-0.0016357,-0.0012461,-0.0010162,G-raw-2h
test,dollar,vol_regime,high,MIX-blend,377356,261,0.060217,0.058941,0.061441,0.20051,0.19612,0.20451,-0.0099561,-0.01149,-0.0084971,-0.0015632,-0.0017489,-0.0013826,-0.0014766,G-raw-2h
test,dollar,vol_regime,low,EMP-blend,182300,277,0.068162,0.066412,0.069906,0.22581,0.22027,0.23174,-0.01166,-0.013568,-0.0097866,-0.0011773,-0.0013692,-0.00096628,0.001129,G-raw-2h
test,dollar,vol_regime,mid,EMP-blend,256185,324,0.06243,0.060918,0.063913,0.20787,0.20262,0.21298,-0.010903,-0.012578,-0.0091879,-0.0014434,-0.0016371,-0.0012557,-0.00072441,G-raw-2h
test,dollar,vol_regime,high,EMP-blend,377356,261,0.060216,0.058943,0.06145,0.2004,0.19599,0.20439,-0.010065,-0.011598,-0.0085781,-0.0015636,-0.0017528,-0.0013777,-0.0013672,G-raw-2h
