period,model,tau_min,z,side,n_hours,freq,freq_lo,freq_hi,model_p
validation,G-raw-2h,60,1,up,8382,0.12777,0.12017,0.13535,0.15866
validation,G-raw-2h,60,1,down,8382,0.11954,0.11252,0.12622,0.15866
validation,G-raw-2h,60,1,pooled,8382,0.12366,0.11856,0.12866,0.15866
validation,G-raw-2h,60,1.5,up,8382,0.059055,0.05387,0.064183,0.066807
validation,G-raw-2h,60,1.5,down,8382,0.059174,0.05414,0.064447,0.066807
validation,G-raw-2h,60,1.5,pooled,8382,0.059115,0.055727,0.062383,0.066807
validation,G-raw-2h,60,2,up,8382,0.031138,0.027569,0.035042,0.02275
validation,G-raw-2h,60,2,down,8382,0.03257,0.029145,0.035976,0.02275
validation,G-raw-2h,60,2,pooled,8382,0.031854,0.029475,0.034338,0.02275
validation,G-raw-2h,60,2.5,up,8382,0.019208,0.016415,0.022121,0.0062097
validation,G-raw-2h,60,2.5,down,8382,0.018731,0.016131,0.02175,0.0062097
validation,G-raw-2h,60,2.5,pooled,8382,0.018969,0.017106,0.021077,0.0062097
validation,G-raw-2h,60,3,up,8382,0.011215,0.0089986,0.013543,0.0013499
validation,G-raw-2h,60,3,down,8382,0.011095,0.0090314,0.013109,0.0013499
validation,G-raw-2h,60,3,pooled,8382,0.011155,0.0096176,0.012712,0.0013499
validation,G-raw-2h,60,3.5,up,8382,0.0077547,0.0060018,0.0097115,0.00023263
validation,G-raw-2h,60,3.5,down,8382,0.0065617,0.0049957,0.0081919,0.00023263
validation,G-raw-2h,60,3.5,pooled,8382,0.0071582,0.0059834,0.0084086,0.00023263
validation,G-raw-2h,45,1,up,8382,0.12193,0.11587,0.12884,0.15866
validation,G-raw-2h,45,1,down,8382,0.12145,0.11455,0.12789,0.15866
validation,G-raw-2h,45,1,pooled,8382,0.12169,0.11765,0.12606,0.15866
validation,G-raw-2h,45,1.5,up,8382,0.05643,0.051541,0.061954,0.066807
validation,G-raw-2h,45,1.5,down,8382,0.059413,0.054894,0.064133,0.066807
validation,G-raw-2h,45,1.5,pooled,8382,0.057922,0.054614,0.061508,0.066807
validation,G-raw-2h,45,2,up,8382,0.028394,0.024991,0.031984,0.02275
validation,G-raw-2h,45,2,down,8382,0.0309,0.027446,0.034455,0.02275
validation,G-raw-2h,45,2,pooled,8382,0.029647,0.027223,0.032078,0.02275
validation,G-raw-2h,45,2.5,up,8382,0.015987,0.013279,0.018918,0.0062097
validation,G-raw-2h,45,2.5,down,8382,0.016822,0.014405,0.019585,0.0062097
validation,G-raw-2h,45,2.5,pooled,8382,0.016404,0.014472,0.018573,0.0062097
validation,G-raw-2h,45,3,up,8382,0.01026,0.008181,0.01244,0.0013499
validation,G-raw-2h,45,3,down,8382,0.0095443,0.007517,0.011645,0.0013499
validation,G-raw-2h,45,3,pooled,8382,0.0099022,0.0082954,0.011563,0.0013499
validation,G-raw-2h,45,3.5,up,8382,0.0071582,0.0053865,0.0088988,0.00023263
validation,G-raw-2h,45,3.5,down,8382,0.0058459,0.00419,0.0075344,0.00023263
validation,G-raw-2h,45,3.5,pooled,8382,0.006502,0.0052491,0.0077148,0.00023263
validation,G-raw-2h,30,1,up,8382,0.11346,0.1068,0.12065,0.15866
validation,G-raw-2h,30,1,down,8382,0.12229,0.11629,0.12905,0.15866
validation,G-raw-2h,30,1,pooled,8382,0.11787,0.1132,0.12282,0.15866
validation,G-raw-2h,30,1.5,up,8382,0.049511,0.044691,0.054548,0.066807
validation,G-raw-2h,30,1.5,down,8382,0.057981,0.053558,0.063111,0.066807
validation,G-raw-2h,30,1.5,pooled,8382,0.053746,0.050513,0.057085,0.066807
validation,G-raw-2h,30,2,up,8382,0.026963,0.023404,0.030476,0.02275
validation,G-raw-2h,30,2,down,8382,0.028036,0.024578,0.031626,0.02275
validation,G-raw-2h,30,2,pooled,8382,0.027499,0.025109,0.029998,0.02275
validation,G-raw-2h,30,2.5,up,8382,0.015509,0.012825,0.018057,0.0062097
validation,G-raw-2h,30,2.5,down,8382,0.016822,0.013987,0.019651,0.0062097
validation,G-raw-2h,30,2.5,pooled,8382,0.016166,0.014151,0.018154,0.0062097
validation,G-raw-2h,30,3,up,8382,0.0096636,0.0076014,0.011664,0.0013499
validation,G-raw-2h,30,3,down,8382,0.01026,0.0080962,0.012399,0.0013499
validation,G-raw-2h,30,3,pooled,8382,0.0099618,0.0084655,0.011391,0.0013499
validation,G-raw-2h,30,3.5,up,8382,0.0068003,0.0050365,0.0086854,0.00023263
validation,G-raw-2h,30,3.5,down,8382,0.0065617,0.0049215,0.0082526,0.00023263
validation,G-raw-2h,30,3.5,pooled,8382,0.006681,0.0054421,0.0079132,0.00023263
validation,G-raw-2h,20,1,up,8382,0.10952,0.10318,0.11619,0.15866
validation,G-raw-2h,20,1,down,8382,0.10702,0.10127,0.1135,0.15866
validation,G-raw-2h,20,1,pooled,8382,0.10827,0.10428,0.11282,0.15866
validation,G-raw-2h,20,1.5,up,8382,0.047483,0.043328,0.052053,0.066807
validation,G-raw-2h,20,1.5,down,8382,0.047483,0.042937,0.051885,0.066807
validation,G-raw-2h,20,1.5,pooled,8382,0.047483,0.04468,0.050579,0.066807
validation,G-raw-2h,20,2,up,8382,0.023145,0.020045,0.02638,0.02275
validation,G-raw-2h,20,2,down,8382,0.023741,0.020638,0.026844,0.02275
validation,G-raw-2h,20,2,pooled,8382,0.023443,0.021189,0.025608,0.02275
validation,G-raw-2h,20,2.5,up,8382,0.014078,0.011869,0.016325,0.0062097
validation,G-raw-2h,20,2.5,down,8382,0.012765,0.01071,0.014878,0.0062097
validation,G-raw-2h,20,2.5,pooled,8382,0.013422,0.011907,0.01502,0.0062097
validation,G-raw-2h,20,3,up,8382,0.0072775,0.0055939,0.0091861,0.0013499
validation,G-raw-2h,20,3,down,8382,0.0083512,0.0065573,0.010233,0.0013499
validation,G-raw-2h,20,3,pooled,8382,0.0078144,0.0065585,0.0090888,0.0013499
validation,G-raw-2h,20,3.5,up,8382,0.0041756,0.0029822,0.0055139,0.00023263
validation,G-raw-2h,20,3.5,down,8382,0.0047721,0.0033243,0.0063947,0.00023263
validation,G-raw-2h,20,3.5,pooled,8382,0.0044739,0.0035178,0.0055125,0.00023263
validation,G-raw-2h,15,1,up,8382,0.10952,0.10339,0.11618,0.15866
validation,G-raw-2h,15,1,down,8382,0.10928,0.10262,0.11567,0.15866
validation,G-raw-2h,15,1,pooled,8382,0.1094,0.10518,0.1139,0.15866
validation,G-raw-2h,15,1.5,up,8382,0.043904,0.039796,0.048432,0.066807
validation,G-raw-2h,15,1.5,down,8382,0.049749,0.045025,0.054282,0.066807
validation,G-raw-2h,15,1.5,pooled,8382,0.046827,0.043817,0.050018,0.066807
validation,G-raw-2h,15,2,up,8382,0.021117,0.018029,0.024122,0.02275
validation,G-raw-2h,15,2,down,8382,0.024815,0.021643,0.028,0.02275
validation,G-raw-2h,15,2,pooled,8382,0.022966,0.020769,0.025233,0.02275
validation,G-raw-2h,15,2.5,up,8382,0.012169,0.0098545,0.014341,0.0062097
validation,G-raw-2h,15,2.5,down,8382,0.012408,0.010095,0.014718,0.0062097
validation,G-raw-2h,15,2.5,pooled,8382,0.012288,0.010672,0.013909,0.0062097
validation,G-raw-2h,15,3,up,8382,0.0065617,0.0048751,0.0083753,0.0013499
validation,G-raw-2h,15,3,down,8382,0.0077547,0.0060012,0.0096237,0.0013499
validation,G-raw-2h,15,3,pooled,8382,0.0071582,0.0060318,0.0084679,0.0013499
validation,G-raw-2h,15,3.5,up,8382,0.0042949,0.0030829,0.0057424,0.00023263
validation,G-raw-2h,15,3.5,down,8382,0.0050107,0.0035739,0.006605,0.00023263
validation,G-raw-2h,15,3.5,pooled,8382,0.0046528,0.003709,0.0056521,0.00023263
validation,G-raw-2h,10,1,up,8382,0.11167,0.1056,0.11839,0.15866
validation,G-raw-2h,10,1,down,8382,0.10487,0.098117,0.11151,0.15866
validation,G-raw-2h,10,1,pooled,8382,0.10827,0.1037,0.11283,0.15866
validation,G-raw-2h,10,1.5,up,8382,0.047005,0.042899,0.051549,0.066807
validation,G-raw-2h,10,1.5,down,8382,0.048079,0.043457,0.052558,0.066807
validation,G-raw-2h,10,1.5,pooled,8382,0.047542,0.044626,0.050649,0.066807
validation,G-raw-2h,10,2,up,8382,0.02052,0.017733,0.023531,0.02275
validation,G-raw-2h,10,2,down,8382,0.024338,0.021156,0.027775,0.02275
validation,G-raw-2h,10,2,pooled,8382,0.022429,0.020463,0.024525,0.02275
validation,G-raw-2h,10,2.5,up,8382,0.010857,0.0087331,0.013404,0.0062097
validation,G-raw-2h,10,2.5,down,8382,0.013243,0.010945,0.015672,0.0062097
validation,G-raw-2h,10,2.5,pooled,8382,0.01205,0.010543,0.013726,0.0062097
validation,G-raw-2h,10,3,up,8382,0.0058459,0.0043915,0.0075971,0.0013499
validation,G-raw-2h,10,3,down,8382,0.0075161,0.0058285,0.0093717,0.0013499
validation,G-raw-2h,10,3,pooled,8382,0.006681,0.0055858,0.0080125,0.0013499
validation,G-raw-2h,10,3.5,up,8382,0.0033405,0.0022627,0.0046645,0.00023263
validation,G-raw-2h,10,3.5,down,8382,0.0045335,0.0032327,0.0060181,0.00023263
validation,G-raw-2h,10,3.5,pooled,8382,0.003937,0.0031204,0.0049511,0.00023263
validation,G-raw-2h,5,1,up,8382,0.10188,0.095765,0.1078,0.15866
validation,G-raw-2h,5,1,down,8382,0.10439,0.097855,0.11123,0.15866
validation,G-raw-2h,5,1,pooled,8382,0.10314,0.09892,0.10747,0.15866
validation,G-raw-2h,5,1.5,up,8382,0.042353,0.038067,0.046688,0.066807
validation,G-raw-2h,5,1.5,down,8382,0.04116,0.037261,0.045471,0.066807
validation,G-raw-2h,5,1.5,pooled,8382,0.041756,0.038667,0.044665,0.066807
validation,G-raw-2h,5,2,up,8382,0.016583,0.013926,0.019464,0.02275
validation,G-raw-2h,5,2,down,8382,0.018253,0.015366,0.021358,0.02275
validation,G-raw-2h,5,2,pooled,8382,0.017418,0.015438,0.019527,0.02275
validation,G-raw-2h,5,2.5,up,8382,0.0095443,0.0074795,0.011697,0.0062097
validation,G-raw-2h,5,2.5,down,8382,0.010618,0.0085817,0.012769,0.0062097
validation,G-raw-2h,5,2.5,pooled,8382,0.010081,0.0086452,0.011627,0.0062097
validation,G-raw-2h,5,3,up,8382,0.0045335,0.0032184,0.0059695,0.0013499
validation,G-raw-2h,5,3,down,8382,0.0057266,0.004162,0.0074068,0.0013499
validation,G-raw-2h,5,3,pooled,8382,0.00513,0.004231,0.0061142,0.0013499
validation,G-raw-2h,5,3.5,up,8382,0.0019089,0.0010717,0.0028602,0.00023263
validation,G-raw-2h,5,3.5,down,8382,0.0032212,0.0021274,0.0045131,0.00023263
validation,G-raw-2h,5,3.5,pooled,8382,0.002565,0.0019032,0.0033273,0.00023263
validation,G-raw-2h,3,1,up,8382,0.094488,0.089113,0.1001,0.15866
validation,G-raw-2h,3,1,down,8382,0.094965,0.088849,0.10169,0.15866
validation,G-raw-2h,3,1,pooled,8382,0.094727,0.090881,0.098913,0.15866
validation,G-raw-2h,3,1.5,up,8382,0.039489,0.035795,0.04369,0.066807
validation,G-raw-2h,3,1.5,down,8382,0.040205,0.036225,0.044229,0.066807
validation,G-raw-2h,3,1.5,pooled,8382,0.039847,0.037266,0.042779,0.066807
validation,G-raw-2h,3,2,up,8382,0.016225,0.013537,0.01899,0.02275
validation,G-raw-2h,3,2,down,8382,0.014913,0.012474,0.017501,0.02275
validation,G-raw-2h,3,2,pooled,8382,0.015569,0.013675,0.017478,0.02275
validation,G-raw-2h,3,2.5,up,8382,0.0076354,0.0058612,0.0096862,0.0062097
validation,G-raw-2h,3,2.5,down,8382,0.0071582,0.0054652,0.009088,0.0062097
validation,G-raw-2h,3,2.5,pooled,8382,0.0073968,0.0062335,0.0087337,0.0062097
validation,G-raw-2h,3,3,up,8382,0.0047721,0.003433,0.0062159,0.0013499
validation,G-raw-2h,3,3,down,8382,0.0042949,0.0028587,0.0058051,0.0013499
validation,G-raw-2h,3,3,pooled,8382,0.0045335,0.0035718,0.0055537,0.0013499
validation,G-raw-2h,3,3.5,up,8382,0.0032212,0.0021406,0.0044449,0.00023263
validation,G-raw-2h,3,3.5,down,8382,0.0025054,0.0015421,0.0036884,0.00023263
validation,G-raw-2h,3,3.5,pooled,8382,0.0028633,0.0021417,0.003645,0.00023263
validation,G-raw-2h,2,1,up,8382,0.091267,0.085339,0.097725,0.15866
validation,G-raw-2h,2,1,down,8382,0.086256,0.080267,0.091794,0.15866
validation,G-raw-2h,2,1,pooled,8382,0.088762,0.084678,0.092655,0.15866
validation,G-raw-2h,2,1.5,up,8382,0.037938,0.034089,0.041836,0.066807
validation,G-raw-2h,2,1.5,down,8382,0.036507,0.03279,0.040428,0.066807
validation,G-raw-2h,2,1.5,pooled,8382,0.037223,0.034437,0.040126,0.066807
validation,G-raw-2h,2,2,up,8382,0.016822,0.014407,0.019552,0.02275
validation,G-raw-2h,2,2,down,8382,0.015987,0.013529,0.018667,0.02275
validation,G-raw-2h,2,2,pooled,8382,0.016404,0.014706,0.018335,0.02275
validation,G-raw-2h,2,2.5,up,8382,0.0091864,0.0073644,0.011255,0.0062097
validation,G-raw-2h,2,2.5,down,8382,0.0082319,0.0061531,0.010153,0.0062097
validation,G-raw-2h,2,2.5,pooled,8382,0.0087091,0.0074555,0.010088,0.0062097
validation,G-raw-2h,2,3,up,8382,0.0052493,0.003905,0.0067717,0.0013499
validation,G-raw-2h,2,3,down,8382,0.0040563,0.0027507,0.0053892,0.0013499
validation,G-raw-2h,2,3,pooled,8382,0.0046528,0.0036881,0.0056515,0.0013499
validation,G-raw-2h,2,3.5,up,8382,0.0032212,0.0021505,0.0044149,0.00023263
validation,G-raw-2h,2,3.5,down,8382,0.0026247,0.0015546,0.0038256,0.00023263
validation,G-raw-2h,2,3.5,pooled,8382,0.0029229,0.0021562,0.0037561,0.00023263
validation,G-blend,60,1,up,8382,0.11238,0.1053,0.12026,0.15866
validation,G-blend,60,1,down,8382,0.10821,0.10137,0.11506,0.15866
validation,G-blend,60,1,pooled,8382,0.1103,0.10495,0.11541,0.15866
validation,G-blend,60,1.5,up,8382,0.046767,0.042033,0.051621,0.066807
validation,G-blend,60,1.5,down,8382,0.048318,0.043235,0.053268,0.066807
validation,G-blend,60,1.5,pooled,8382,0.047542,0.044116,0.050907,0.066807
validation,G-blend,60,2,up,8382,0.023383,0.020138,0.026899,0.02275
validation,G-blend,60,2,down,8382,0.023026,0.019945,0.02634,0.02275
validation,G-blend,60,2,pooled,8382,0.023204,0.020948,0.025626,0.02275
validation,G-blend,60,2.5,up,8382,0.01193,0.0095464,0.014228,0.0062097
validation,G-blend,60,2.5,down,8382,0.011811,0.0094849,0.014448,0.0062097
validation,G-blend,60,2.5,pooled,8382,0.011871,0.010281,0.013606,0.0062097
validation,G-blend,60,3,up,8382,0.0082319,0.0062943,0.010177,0.0013499
validation,G-blend,60,3,down,8382,0.0064424,0.0047561,0.0082494,0.0013499
validation,G-blend,60,3,pooled,8382,0.0073372,0.0059982,0.0086466,0.0013499
validation,G-blend,60,3.5,up,8382,0.0046528,0.0032525,0.0060557,0.00023263
validation,G-blend,60,3.5,down,8382,0.0041756,0.0027644,0.005674,0.00023263
validation,G-blend,60,3.5,pooled,8382,0.0044142,0.0033924,0.0054323,0.00023263
validation,G-blend,45,1,up,8382,0.11107,0.1051,0.11794,0.15866
validation,G-blend,45,1,down,8382,0.10666,0.10007,0.11336,0.15866
validation,G-blend,45,1,pooled,8382,0.10886,0.10438,0.11351,0.15866
validation,G-blend,45,1.5,up,8382,0.043784,0.039459,0.048482,0.066807
validation,G-blend,45,1.5,down,8382,0.049034,0.043974,0.053784,0.066807
validation,G-blend,45,1.5,pooled,8382,0.046409,0.043255,0.049561,0.066807
validation,G-blend,45,2,up,8382,0.021117,0.018247,0.024047,0.02275
validation,G-blend,45,2,down,8382,0.02219,0.01887,0.025623,0.02275
validation,G-blend,45,2,pooled,8382,0.021654,0.019531,0.024008,0.02275
validation,G-blend,45,2.5,up,8382,0.011334,0.0090732,0.013657,0.0062097
validation,G-blend,45,2.5,down,8382,0.010141,0.0079,0.012526,0.0062097
validation,G-blend,45,2.5,pooled,8382,0.010737,0.0091049,0.012435,0.0062097
validation,G-blend,45,3,up,8382,0.0070389,0.0053424,0.00884,0.0013499
validation,G-blend,45,3,down,8382,0.0053686,0.0037386,0.0071177,0.0013499
validation,G-blend,45,3,pooled,8382,0.0062038,0.0049974,0.0074379,0.0013499
validation,G-blend,45,3.5,up,8382,0.0046528,0.0032292,0.006126,0.00023263
validation,G-blend,45,3.5,down,8382,0.0026247,0.0014367,0.0039302,0.00023263
validation,G-blend,45,3.5,pooled,8382,0.0036387,0.0026674,0.004641,0.00023263
validation,G-blend,30,1,up,8382,0.11143,0.10492,0.11807,0.15866
validation,G-blend,30,1,down,8382,0.11942,0.11307,0.12604,0.15866
validation,G-blend,30,1,pooled,8382,0.11543,0.11083,0.12025,0.15866
validation,G-blend,30,1.5,up,8382,0.041995,0.037844,0.046136,0.066807
validation,G-blend,30,1.5,down,8382,0.050227,0.045374,0.055031,0.066807
validation,G-blend,30,1.5,pooled,8382,0.046111,0.042912,0.049342,0.066807
validation,G-blend,30,2,up,8382,0.019924,0.016866,0.022764,0.02275
validation,G-blend,30,2,down,8382,0.022906,0.019542,0.026662,0.02275
validation,G-blend,30,2,pooled,8382,0.021415,0.019313,0.023753,0.02275
validation,G-blend,30,2.5,up,8382,0.01205,0.0099056,0.014368,0.0062097
validation,G-blend,30,2.5,down,8382,0.013362,0.010871,0.01611,0.0062097
validation,G-blend,30,2.5,pooled,8382,0.012706,0.010983,0.014533,0.0062097
validation,G-blend,30,3,up,8382,0.0073968,0.0056139,0.0094475,0.0013499
validation,G-blend,30,3,down,8382,0.0063231,0.0045135,0.0081078,0.0013499
validation,G-blend,30,3,pooled,8382,0.0068599,0.005581,0.0081403,0.0013499
validation,G-blend,30,3.5,up,8382,0.0041756,0.0029723,0.0055993,0.00023263
validation,G-blend,30,3.5,down,8382,0.0035791,0.0022554,0.005021,0.00023263
validation,G-blend,30,3.5,pooled,8382,0.0038774,0.002916,0.0049374,0.00023263
validation,G-blend,20,1,up,8382,0.11024,0.1036,0.11761,0.15866
validation,G-blend,20,1,down,8382,0.11262,0.10616,0.1198,0.15866
validation,G-blend,20,1,pooled,8382,0.11143,0.10707,0.11637,0.15866
validation,G-blend,20,1.5,up,8382,0.04629,0.041723,0.050956,0.066807
validation,G-blend,20,1.5,down,8382,0.045455,0.041439,0.049862,0.066807
validation,G-blend,20,1.5,pooled,8382,0.045872,0.042872,0.04932,0.066807
validation,G-blend,20,2,up,8382,0.020878,0.017831,0.024173,0.02275
validation,G-blend,20,2,down,8382,0.020043,0.016943,0.023283,0.02275
validation,G-blend,20,2,pooled,8382,0.020461,0.018338,0.022792,0.02275
validation,G-blend,20,2.5,up,8382,0.010737,0.0086009,0.013041,0.0062097
validation,G-blend,20,2.5,down,8382,0.010141,0.0081161,0.012449,0.0062097
validation,G-blend,20,2.5,pooled,8382,0.010439,0.0089691,0.012138,0.0062097
validation,G-blend,20,3,up,8382,0.0052493,0.0038231,0.006899,0.0013499
validation,G-blend,20,3,down,8382,0.006681,0.0048783,0.0086163,0.0013499
validation,G-blend,20,3,pooled,8382,0.0059652,0.0047786,0.0072214,0.0013499
validation,G-blend,20,3.5,up,8382,0.0033405,0.0022627,0.0046743,0.00023263
validation,G-blend,20,3.5,down,8382,0.0038177,0.0026125,0.0052582,0.00023263
validation,G-blend,20,3.5,pooled,8382,0.0035791,0.0027535,0.0044842,0.00023263
validation,G-blend,15,1,up,8382,0.11716,0.11119,0.12418,0.15866
validation,G-blend,15,1,down,8382,0.1193,0.1123,0.12621,0.15866
validation,G-blend,15,1,pooled,8382,0.11823,0.11345,0.12308,0.15866
validation,G-blend,15,1.5,up,8382,0.044619,0.040486,0.049197,0.066807
validation,G-blend,15,1.5,down,8382,0.049034,0.044043,0.053877,0.066807
validation,G-blend,15,1.5,pooled,8382,0.046827,0.043525,0.050368,0.066807
validation,G-blend,15,2,up,8382,0.019208,0.016317,0.022278,0.02275
validation,G-blend,15,2,down,8382,0.021355,0.018255,0.024429,0.02275
validation,G-blend,15,2,pooled,8382,0.020282,0.018223,0.02234,0.02275
validation,G-blend,15,2.5,up,8382,0.0095443,0.007617,0.011674,0.0062097
validation,G-blend,15,2.5,down,8382,0.010499,0.0082634,0.012758,0.0062097
validation,G-blend,15,2.5,pooled,8382,0.010021,0.0086711,0.011486,0.0062097
validation,G-blend,15,3,up,8382,0.0058459,0.0042845,0.0077338,0.0013499
validation,G-blend,15,3,down,8382,0.0058459,0.0044021,0.0076109,0.0013499
validation,G-blend,15,3,pooled,8382,0.0058459,0.0047789,0.0071149,0.0013499
validation,G-blend,15,3.5,up,8382,0.0036984,0.0025084,0.0051168,0.00023263
validation,G-blend,15,3.5,down,8382,0.0040563,0.0027606,0.0054892,0.00023263
validation,G-blend,15,3.5,pooled,8382,0.0038774,0.0030227,0.0049121,0.00023263
validation,G-blend,10,1,up,8382,0.12419,0.11718,0.13165,0.15866
validation,G-blend,10,1,down,8382,0.11692,0.10975,0.12406,0.15866
validation,G-blend,10,1,pooled,8382,0.12056,0.11563,0.12542,0.15866
validation,G-blend,10,1.5,up,8382,0.052851,0.048299,0.058051,0.066807
validation,G-blend,10,1.5,down,8382,0.052136,0.04755,0.056768,0.066807
validation,G-blend,10,1.5,pooled,8382,0.052493,0.04924,0.05591,0.066807
validation,G-blend,10,2,up,8382,0.020997,0.018184,0.02447,0.02275
validation,G-blend,10,2,down,8382,0.024934,0.021778,0.028256,0.02275
validation,G-blend,10,2,pooled,8382,0.022966,0.020831,0.025316,0.02275
validation,G-blend,10,2.5,up,8382,0.0099022,0.0078209,0.012422,0.0062097
validation,G-blend,10,2.5,down,8382,0.011572,0.0094407,0.013891,0.0062097
validation,G-blend,10,2.5,pooled,8382,0.010737,0.0093548,0.012327,0.0062097
validation,G-blend,10,3,up,8382,0.0045335,0.0031003,0.0062023,0.0013499
validation,G-blend,10,3,down,8382,0.0069196,0.0052722,0.0085737,0.0013499
validation,G-blend,10,3,pooled,8382,0.0057266,0.0046614,0.0068191,0.0013499
validation,G-blend,10,3.5,up,8382,0.0033405,0.0021602,0.0046991,0.00023263
validation,G-blend,10,3.5,down,8382,0.0046528,0.0032294,0.0062114,0.00023263
validation,G-blend,10,3.5,pooled,8382,0.0039967,0.0031541,0.0049882,0.00023263
validation,G-blend,5,1,up,8382,0.12288,0.11575,0.13003,0.15866
validation,G-blend,5,1,down,8382,0.12431,0.11716,0.13216,0.15866
validation,G-blend,5,1,pooled,8382,0.1236,0.11877,0.12852,0.15866
validation,G-blend,5,1.5,up,8382,0.04963,0.045187,0.054457,0.066807
validation,G-blend,5,1.5,down,8382,0.050942,0.046387,0.055795,0.066807
validation,G-blend,5,1.5,pooled,8382,0.050286,0.046923,0.053588,0.066807
validation,G-blend,5,2,up,8382,0.021236,0.017996,0.024469,0.02275
validation,G-blend,5,2,down,8382,0.023741,0.020813,0.026865,0.02275
validation,G-blend,5,2,pooled,8382,0.022489,0.02011,0.024741,0.02275
validation,G-blend,5,2.5,up,8382,0.0091864,0.0071453,0.011331,0.0062097
validation,G-blend,5,2.5,down,8382,0.010857,0.0087642,0.013079,0.0062097
validation,G-blend,5,2.5,pooled,8382,0.010021,0.008607,0.011533,0.0062097
validation,G-blend,5,3,up,8382,0.0050107,0.0035514,0.0065586,0.0013499
validation,G-blend,5,3,down,8382,0.0059652,0.0043001,0.0077284,0.0013499
validation,G-blend,5,3,pooled,8382,0.005488,0.0044701,0.0065489,0.0013499
validation,G-blend,5,3.5,up,8382,0.0029826,0.0019033,0.0041852,0.00023263
validation,G-blend,5,3.5,down,8382,0.0029826,0.001794,0.0042832,0.00023263
validation,G-blend,5,3.5,pooled,8382,0.0029826,0.0021927,0.003834,0.00023263
validation,G-blend,3,1,up,8382,0.12539,0.1192,0.13193,0.15866
validation,G-blend,3,1,down,8382,0.12575,0.11876,0.13291,0.15866
validation,G-blend,3,1,pooled,8382,0.12557,0.12109,0.13037,0.15866
validation,G-blend,3,1.5,up,8382,0.05142,0.046873,0.056113,0.066807
validation,G-blend,3,1.5,down,8382,0.057385,0.05285,0.062366,0.066807
validation,G-blend,3,1.5,pooled,8382,0.054402,0.051225,0.057752,0.066807
validation,G-blend,3,2,up,8382,0.023622,0.020308,0.02705,0.02275
validation,G-blend,3,2,down,8382,0.02398,0.02089,0.027008,0.02275
validation,G-blend,3,2,pooled,8382,0.023801,0.021511,0.026033,0.02275
validation,G-blend,3,2.5,up,8382,0.011572,0.0093202,0.014384,0.0062097
validation,G-blend,3,2.5,down,8382,0.01026,0.0081974,0.012307,0.0062097
validation,G-blend,3,2.5,pooled,8382,0.010916,0.0094342,0.0125,0.0062097
validation,G-blend,3,3,up,8382,0.0056073,0.0040255,0.0073556,0.0013499
validation,G-blend,3,3,down,8382,0.0057266,0.0041618,0.0074052,0.0013499
validation,G-blend,3,3,pooled,8382,0.0056669,0.0045235,0.0068201,0.0013499
validation,G-blend,3,3.5,up,8382,0.0033405,0.00216,0.0045477,0.00023263
validation,G-blend,3,3.5,down,8382,0.0033405,0.0021404,0.0046534,0.00023263
validation,G-blend,3,3.5,pooled,8382,0.0033405,0.0025068,0.0042107,0.00023263
validation,G-blend,2,1,up,8382,0.12384,0.11727,0.13142,0.15866
validation,G-blend,2,1,down,8382,0.12431,0.11738,0.13168,0.15866
validation,G-blend,2,1,pooled,8382,0.12408,0.11927,0.12904,0.15866
validation,G-blend,2,1.5,up,8382,0.057385,0.052336,0.062233,0.066807
validation,G-blend,2,1.5,down,8382,0.054402,0.049407,0.05989,0.066807
validation,G-blend,2,1.5,pooled,8382,0.055894,0.052624,0.05956,0.066807
validation,G-blend,2,2,up,8382,0.025292,0.022036,0.028674,0.02275
validation,G-blend,2,2,down,8382,0.026724,0.023431,0.030257,0.02275
validation,G-blend,2,2,pooled,8382,0.026008,0.023501,0.028548,0.02275
validation,G-blend,2,2.5,up,8382,0.011572,0.0092083,0.013854,0.0062097
validation,G-blend,2,2.5,down,8382,0.012885,0.010408,0.015529,0.0062097
validation,G-blend,2,2.5,pooled,8382,0.012229,0.010601,0.013993,0.0062097
validation,G-blend,2,3,up,8382,0.0065617,0.0048902,0.0084516,0.0013499
validation,G-blend,2,3,down,8382,0.0069196,0.0052135,0.008792,0.0013499
validation,G-blend,2,3,pooled,8382,0.0067406,0.0055622,0.0080079,0.0013499
validation,G-blend,2,3.5,up,8382,0.0033405,0.0021474,0.0046791,0.00023263
validation,G-blend,2,3.5,down,8382,0.0040563,0.0028283,0.0054762,0.00023263
validation,G-blend,2,3.5,pooled,8382,0.0036984,0.0028235,0.0046731,0.00023263
validation,T-blend,60,1,up,8382,0.1131,0.10625,0.1212,0.10562
validation,T-blend,60,1,down,8382,0.10845,0.10165,0.1153,0.10562
validation,T-blend,60,1,pooled,8382,0.11077,0.10543,0.11593,0.10562
validation,T-blend,60,1.5,up,8382,0.046886,0.04223,0.051745,0.04659
validation,T-blend,60,1.5,down,8382,0.048795,0.043731,0.053849,0.04659
validation,T-blend,60,1.5,pooled,8382,0.047841,0.044393,0.051224,0.04659
validation,T-blend,60,2,up,8382,0.023503,0.020219,0.027047,0.022484
validation,T-blend,60,2,down,8382,0.023026,0.019945,0.02634,0.022484
validation,T-blend,60,2,pooled,8382,0.023264,0.020976,0.025686,0.022484
validation,T-blend,60,2.5,up,8382,0.01205,0.0096691,0.014368,0.01192
validation,T-blend,60,2.5,down,8382,0.01193,0.0096385,0.014488,0.01192
validation,T-blend,60,2.5,pooled,8382,0.01199,0.010402,0.013748,0.01192
validation,T-blend,60,3,up,8382,0.0081126,0.0061437,0.0099894,0.0068549
validation,T-blend,60,3,down,8382,0.0064424,0.0047561,0.0082494,0.0068549
validation,T-blend,60,3,pooled,8382,0.0072775,0.005963,0.0085963,0.0068549
validation,T-blend,60,3.5,up,8382,0.0046528,0.0032525,0.0060557,0.0042154
validation,T-blend,60,3.5,down,8382,0.0041756,0.0027644,0.005674,0.0042154
validation,T-blend,60,3.5,pooled,8382,0.0044142,0.0033924,0.0054323,0.0042154
validation,T-blend,45,1,up,8382,0.11238,0.10631,0.11924,0.11057
validation,T-blend,45,1,down,8382,0.10749,0.10082,0.11419,0.11057
validation,T-blend,45,1,pooled,8382,0.10994,0.10541,0.1147,0.11057
validation,T-blend,45,1.5,up,8382,0.044262,0.040008,0.048874,0.048683
validation,T-blend,45,1.5,down,8382,0.049272,0.044169,0.054054,0.048683
validation,T-blend,45,1.5,pooled,8382,0.046767,0.043566,0.049917,0.048683
validation,T-blend,45,2,up,8382,0.021594,0.018618,0.024713,0.023128
validation,T-blend,45,2,down,8382,0.022429,0.019208,0.02577,0.023128
validation,T-blend,45,2,pooled,8382,0.022011,0.019827,0.02442,0.023128
validation,T-blend,45,2.5,up,8382,0.011453,0.0091805,0.013816,0.011995
validation,T-blend,45,2.5,down,8382,0.01026,0.0080075,0.012628,0.011995
validation,T-blend,45,2.5,pooled,8382,0.010857,0.009201,0.012553,0.011995
validation,T-blend,45,3,up,8382,0.0070389,0.0053424,0.00884,0.0067354
validation,T-blend,45,3,down,8382,0.0053686,0.0037386,0.0071177,0.0067354
validation,T-blend,45,3,pooled,8382,0.0062038,0.0049974,0.0074379,0.0067354
validation,T-blend,45,3.5,up,8382,0.0046528,0.0032292,0.006126,0.004045
validation,T-blend,45,3.5,down,8382,0.0026247,0.0014367,0.0039302,0.004045
validation,T-blend,45,3.5,pooled,8382,0.0036387,0.0026674,0.004641,0.004045
validation,T-blend,30,1,up,8382,0.11274,0.10633,0.11935,0.11669
validation,T-blend,30,1,down,8382,0.12085,0.11432,0.12753,0.11669
validation,T-blend,30,1,pooled,8382,0.1168,0.11213,0.12165,0.11669
validation,T-blend,30,1.5,up,8382,0.042233,0.037919,0.046359,0.051236
validation,T-blend,30,1.5,down,8382,0.050942,0.046016,0.055856,0.051236
validation,T-blend,30,1.5,pooled,8382,0.046588,0.043332,0.049935,0.051236
validation,T-blend,30,2,up,8382,0.020282,0.017267,0.023225,0.023817
validation,T-blend,30,2,down,8382,0.023383,0.020016,0.02718,0.023817
validation,T-blend,30,2,pooled,8382,0.021832,0.019679,0.024253,0.023817
validation,T-blend,30,2.5,up,8382,0.012169,0.0099684,0.014547,0.01197
validation,T-blend,30,2.5,down,8382,0.013362,0.010871,0.01611,0.01197
validation,T-blend,30,2.5,pooled,8382,0.012765,0.011052,0.014545,0.01197
validation,T-blend,30,3,up,8382,0.0073968,0.0056139,0.0094475,0.0064915
validation,T-blend,30,3,down,8382,0.0064424,0.0046274,0.0082184,0.0064915
validation,T-blend,30,3,pooled,8382,0.0069196,0.0056279,0.0082182,0.0064915
validation,T-blend,30,3.5,up,8382,0.0042949,0.0030848,0.0057177,0.0037636
validation,T-blend,30,3.5,down,8382,0.0038177,0.0023938,0.0053604,0.0037636
validation,T-blend,30,3.5,pooled,8382,0.0040563,0.0030368,0.0050953,0.0037636
validation,T-blend,20,1,up,8382,0.11131,0.10475,0.11845,0.11371
validation,T-blend,20,1,down,8382,0.1137,0.10749,0.12085,0.11371
validation,T-blend,20,1,pooled,8382,0.1125,0.10807,0.11751,0.11371
validation,T-blend,20,1.5,up,8382,0.046886,0.042273,0.05158,0.050001
validation,T-blend,20,1.5,down,8382,0.04629,0.042112,0.050822,0.050001
validation,T-blend,20,1.5,pooled,8382,0.046588,0.043635,0.050156,0.050001
validation,T-blend,20,2,up,8382,0.021355,0.018397,0.024651,0.023513
validation,T-blend,20,2,down,8382,0.020401,0.017253,0.023799,0.023513
validation,T-blend,20,2,pooled,8382,0.020878,0.018706,0.02328,0.023513
validation,T-blend,20,2.5,up,8382,0.010857,0.0086708,0.013279,0.012017
validation,T-blend,20,2.5,down,8382,0.010141,0.0081161,0.012449,0.012017
validation,T-blend,20,2.5,pooled,8382,0.010499,0.0090341,0.012185,0.012017
validation,T-blend,20,3,up,8382,0.0053686,0.0039162,0.0070651,0.0066384
validation,T-blend,20,3,down,8382,0.006681,0.0048783,0.0086163,0.0066384
validation,T-blend,20,3,pooled,8382,0.0060248,0.0048363,0.0072965,0.0066384
validation,T-blend,20,3.5,up,8382,0.0034598,0.0023932,0.0047927,0.0039209
validation,T-blend,20,3.5,down,8382,0.0041756,0.0027561,0.0057266,0.0039209
validation,T-blend,20,3.5,pooled,8382,0.0038177,0.0029543,0.0047882,0.0039209
validation,T-blend,15,1,up,8382,0.12121,0.11513,0.12822,0.12124
validation,T-blend,15,1,down,8382,0.12229,0.11504,0.12943,0.12124
validation,T-blend,15,1,pooled,8382,0.12175,0.11694,0.12663,0.12124
validation,T-blend,15,1.5,up,8382,0.046051,0.041881,0.05066,0.053109
validation,T-blend,15,1.5,down,8382,0.051062,0.045941,0.056021,0.053109
validation,T-blend,15,1.5,pooled,8382,0.048556,0.045249,0.052084,0.053109
validation,T-blend,15,2,up,8382,0.020162,0.017133,0.023203,0.024236
validation,T-blend,15,2,down,8382,0.023503,0.020231,0.026846,0.024236
validation,T-blend,15,2,pooled,8382,0.021832,0.019694,0.02404,0.024236
validation,T-blend,15,2.5,up,8382,0.010021,0.0080893,0.012258,0.011851
validation,T-blend,15,2.5,down,8382,0.011215,0.0088647,0.01356,0.011851
validation,T-blend,15,2.5,pooled,8382,0.010618,0.0091687,0.012166,0.011851
validation,T-blend,15,3,up,8382,0.0062038,0.0046538,0.0081263,0.0062291
validation,T-blend,15,3,down,8382,0.0060845,0.0045467,0.0079265,0.0062291
validation,T-blend,15,3,pooled,8382,0.0061441,0.0050558,0.0073706,0.0062291
validation,T-blend,15,3.5,up,8382,0.0036984,0.0025084,0.0051168,0.0034977
validation,T-blend,15,3.5,down,8382,0.0041756,0.0028807,0.0056622,0.0034977
validation,T-blend,15,3.5,pooled,8382,0.003937,0.0030523,0.0050094,0.0034977
validation,T-blend,10,1,up,8382,0.12563,0.11858,0.13308,0.12279
validation,T-blend,10,1,down,8382,0.11859,0.11153,0.1259,0.12279
validation,T-blend,10,1,pooled,8382,0.12211,0.11731,0.12697,0.12279
validation,T-blend,10,1.5,up,8382,0.054164,0.049635,0.059399,0.053751
validation,T-blend,10,1.5,down,8382,0.052732,0.048199,0.057441,0.053751
validation,T-blend,10,1.5,pooled,8382,0.053448,0.050196,0.057027,0.053751
validation,T-blend,10,2,up,8382,0.021713,0.01884,0.025201,0.024397
validation,T-blend,10,2,down,8382,0.025173,0.021962,0.028436,0.024397
validation,T-blend,10,2,pooled,8382,0.023443,0.021265,0.025836,0.024397
validation,T-blend,10,2.5,up,8382,0.010141,0.0080739,0.012681,0.011831
validation,T-blend,10,2.5,down,8382,0.011692,0.0095705,0.014022,0.011831
validation,T-blend,10,2.5,pooled,8382,0.010916,0.0095166,0.012507,0.011831
validation,T-blend,10,3,up,8382,0.0047721,0.0033334,0.0065602,0.0061549
validation,T-blend,10,3,down,8382,0.0070389,0.0053614,0.0087207,0.0061549
validation,T-blend,10,3,pooled,8382,0.0059055,0.0048287,0.0070231,0.0061549
validation,T-blend,10,3.5,up,8382,0.0033405,0.0021602,0.0046991,0.0034167
validation,T-blend,10,3.5,down,8382,0.0047721,0.0033389,0.006384,0.0034167
validation,T-blend,10,3.5,pooled,8382,0.0040563,0.0031943,0.0050674,0.0034167
validation,T-blend,5,1,up,8382,0.12336,0.11634,0.13051,0.12424
validation,T-blend,5,1,down,8382,0.12479,0.11765,0.13265,0.12424
validation,T-blend,5,1,pooled,8382,0.12408,0.11925,0.12876,0.12424
validation,T-blend,5,1.5,up,8382,0.049869,0.045438,0.054583,0.05433
validation,T-blend,5,1.5,down,8382,0.051658,0.046792,0.056631,0.05433
validation,T-blend,5,1.5,pooled,8382,0.050764,0.047336,0.054252,0.05433
validation,T-blend,5,2,up,8382,0.021355,0.018134,0.024557,0.02447
validation,T-blend,5,2,down,8382,0.023741,0.020813,0.026865,0.02447
validation,T-blend,5,2,pooled,8382,0.022548,0.020198,0.02481,0.02447
validation,T-blend,5,2.5,up,8382,0.0091864,0.0071453,0.011331,0.011728
validation,T-blend,5,2.5,down,8382,0.011095,0.009012,0.013317,0.011728
validation,T-blend,5,2.5,pooled,8382,0.010141,0.0087189,0.011614,0.011728
validation,T-blend,5,3,up,8382,0.00513,0.0035765,0.0066955,0.0060218
validation,T-blend,5,3,down,8382,0.0059652,0.0043001,0.0077284,0.0060218
validation,T-blend,5,3,pooled,8382,0.0055476,0.0044928,0.0066692,0.0060218
validation,T-blend,5,3.5,up,8382,0.0029826,0.0019033,0.0041852,0.0032995
validation,T-blend,5,3.5,down,8382,0.0029826,0.001794,0.0042832,0.0032995
validation,T-blend,5,3.5,pooled,8382,0.0029826,0.0021927,0.003834,0.0032995
validation,T-blend,3,1,up,8382,0.12539,0.11922,0.13182,0.12452
validation,T-blend,3,1,down,8382,0.12586,0.11883,0.13292,0.12452
validation,T-blend,3,1,pooled,8382,0.12563,0.12104,0.13037,0.12452
validation,T-blend,3,1.5,up,8382,0.0513,0.046711,0.055994,0.054436
validation,T-blend,3,1.5,down,8382,0.057385,0.05285,0.062366,0.054436
validation,T-blend,3,1.5,pooled,8382,0.054343,0.051177,0.057693,0.054436
validation,T-blend,3,2,up,8382,0.023622,0.020308,0.02705,0.024476
validation,T-blend,3,2,down,8382,0.023861,0.020771,0.026947,0.024476
validation,T-blend,3,2,pooled,8382,0.023741,0.021439,0.025964,0.024476
validation,T-blend,3,2.5,up,8382,0.011572,0.0093202,0.014384,0.011701
validation,T-blend,3,2.5,down,8382,0.01026,0.0081974,0.012307,0.011701
validation,T-blend,3,2.5,pooled,8382,0.010916,0.0094342,0.0125,0.011701
validation,T-blend,3,3,up,8382,0.0056073,0.0040255,0.0073556,0.0059912
validation,T-blend,3,3,down,8382,0.0057266,0.0041618,0.0074052,0.0059912
validation,T-blend,3,3,pooled,8382,0.0056669,0.0045235,0.0068201,0.0059912
validation,T-blend,3,3.5,up,8382,0.0034598,0.0022746,0.0047429,0.0032741
validation,T-blend,3,3.5,down,8382,0.0033405,0.0021404,0.0046534,0.0032741
validation,T-blend,3,3.5,pooled,8382,0.0034001,0.0025734,0.004292,0.0032741
validation,T-blend,2,1,up,8382,0.12252,0.11593,0.12996,0.12036
validation,T-blend,2,1,down,8382,0.12264,0.11584,0.12988,0.12036
validation,T-blend,2,1,pooled,8382,0.12258,0.11765,0.12752,0.12036
validation,T-blend,2,1.5,up,8382,0.056788,0.051844,0.061602,0.052758
validation,T-blend,2,1.5,down,8382,0.053686,0.048933,0.059111,0.052758
validation,T-blend,2,1.5,pooled,8382,0.055237,0.051804,0.058747,0.052758
validation,T-blend,2,2,up,8382,0.024934,0.021591,0.028126,0.024196
validation,T-blend,2,2,down,8382,0.026127,0.022729,0.029721,0.024196
validation,T-blend,2,2,pooled,8382,0.025531,0.023105,0.028117,0.024196
validation,T-blend,2,2.5,up,8382,0.011334,0.0090517,0.013684,0.011919
validation,T-blend,2,2.5,down,8382,0.012765,0.010278,0.015358,0.011919
validation,T-blend,2,2.5,pooled,8382,0.01205,0.01041,0.013779,0.011919
validation,T-blend,2,3,up,8382,0.0064424,0.0047641,0.0082136,0.0063146
validation,T-blend,2,3,down,8382,0.006681,0.0049994,0.0085161,0.0063146
validation,T-blend,2,3,pooled,8382,0.0065617,0.0054014,0.0078204,0.0063146
validation,T-blend,2,3.5,up,8382,0.0033405,0.0021474,0.0046791,0.0035724
validation,T-blend,2,3.5,down,8382,0.0040563,0.0028283,0.0054762,0.0035724
validation,T-blend,2,3.5,pooled,8382,0.0036984,0.0028235,0.0046731,0.0035724
validation,MIX-blend,60,1,up,8382,0.11906,0.11192,0.12657,0.11679
validation,MIX-blend,60,1,down,8382,0.11382,0.10687,0.1208,0.11679
validation,MIX-blend,60,1,pooled,8382,0.11644,0.11111,0.1215,0.11679
validation,MIX-blend,60,1.5,up,8382,0.049272,0.044197,0.054302,0.055142
validation,MIX-blend,60,1.5,down,8382,0.05142,0.046361,0.056552,0.055142
validation,MIX-blend,60,1.5,pooled,8382,0.050346,0.046895,0.053674,0.055142
validation,MIX-blend,60,2,up,8382,0.025412,0.021832,0.029014,0.027063
validation,MIX-blend,60,2,down,8382,0.024696,0.021656,0.028116,0.027063
validation,MIX-blend,60,2,pooled,8382,0.025054,0.022635,0.027533,0.027063
validation,MIX-blend,60,2.5,up,8382,0.012885,0.01036,0.015275,0.013846
validation,MIX-blend,60,2.5,down,8382,0.013004,0.010602,0.015505,0.013846
validation,MIX-blend,60,2.5,pooled,8382,0.012944,0.011296,0.01472,0.013846
validation,MIX-blend,60,3,up,8382,0.0088284,0.0068629,0.010858,0.0073688
validation,MIX-blend,60,3,down,8382,0.0068003,0.0050251,0.0086745,0.0073688
validation,MIX-blend,60,3,pooled,8382,0.0078144,0.0064707,0.0091304,0.0073688
validation,MIX-blend,60,3.5,up,8382,0.0047721,0.0033722,0.0061644,0.0040648
validation,MIX-blend,60,3.5,down,8382,0.0045335,0.0031102,0.0060491,0.0040648
validation,MIX-blend,60,3.5,pooled,8382,0.0046528,0.0036355,0.005681,0.0040648
validation,MIX-blend,45,1,up,8382,0.11393,0.10792,0.12069,0.11886
validation,MIX-blend,45,1,down,8382,0.10976,0.10314,0.11625,0.11886
validation,MIX-blend,45,1,pooled,8382,0.11185,0.1075,0.1165,0.11886
validation,MIX-blend,45,1.5,up,8382,0.045216,0.040845,0.04986,0.055777
validation,MIX-blend,45,1.5,down,8382,0.050823,0.045903,0.055792,0.055777
validation,MIX-blend,45,1.5,pooled,8382,0.04802,0.044941,0.051209,0.055777
validation,MIX-blend,45,2,up,8382,0.022429,0.019412,0.025629,0.027053
validation,MIX-blend,45,2,down,8382,0.023503,0.020098,0.026952,0.027053
validation,MIX-blend,45,2,pooled,8382,0.022966,0.020727,0.025408,0.027053
validation,MIX-blend,45,2.5,up,8382,0.01205,0.009682,0.014455,0.013637
validation,MIX-blend,45,2.5,down,8382,0.010618,0.0083421,0.013004,0.013637
validation,MIX-blend,45,2.5,pooled,8382,0.011334,0.0096165,0.013056,0.013637
validation,MIX-blend,45,3,up,8382,0.0070389,0.0053424,0.00884,0.007138
validation,MIX-blend,45,3,down,8382,0.0056073,0.003965,0.0073935,0.007138
validation,MIX-blend,45,3,pooled,8382,0.0063231,0.005057,0.0076147,0.007138
validation,MIX-blend,45,3.5,up,8382,0.0047721,0.0033429,0.006343,0.0038693
validation,MIX-blend,45,3.5,down,8382,0.002744,0.0015498,0.0040692,0.0038693
validation,MIX-blend,45,3.5,pooled,8382,0.0037581,0.0027522,0.0047711,0.0038693
validation,MIX-blend,30,1,up,8382,0.11238,0.10597,0.11901,0.12219
validation,MIX-blend,30,1,down,8382,0.1199,0.11334,0.1264,0.12219
validation,MIX-blend,30,1,pooled,8382,0.11614,0.11159,0.12105,0.12219
validation,MIX-blend,30,1.5,up,8382,0.042114,0.037947,0.046287,0.056766
validation,MIX-blend,30,1.5,down,8382,0.050346,0.04553,0.055153,0.056766
validation,MIX-blend,30,1.5,pooled,8382,0.04623,0.043059,0.049516,0.056766
validation,MIX-blend,30,2,up,8382,0.020401,0.017426,0.023271,0.026992
validation,MIX-blend,30,2,down,8382,0.023383,0.019898,0.027193,0.026992
validation,MIX-blend,30,2,pooled,8382,0.021892,0.019695,0.024452,0.026992
validation,MIX-blend,30,2.5,up,8382,0.01205,0.0099056,0.014368,0.013264
validation,MIX-blend,30,2.5,down,8382,0.013362,0.010871,0.01611,0.013264
validation,MIX-blend,30,2.5,pooled,8382,0.012706,0.010983,0.014533,0.013264
validation,MIX-blend,30,3,up,8382,0.0073968,0.0056139,0.0094475,0.0067469
validation,MIX-blend,30,3,down,8382,0.0065617,0.0047627,0.0083639,0.0067469
validation,MIX-blend,30,3,pooled,8382,0.0069792,0.0057014,0.0082778,0.0067469
validation,MIX-blend,30,3.5,up,8382,0.0041756,0.0029723,0.0055993,0.0035485
validation,MIX-blend,30,3.5,down,8382,0.0036984,0.0022808,0.0051277,0.0035485
validation,MIX-blend,30,3.5,pooled,8382,0.003937,0.0029405,0.0049716,0.0035485
validation,MIX-blend,20,1,up,8382,0.11322,0.10667,0.12072,0.12046
validation,MIX-blend,20,1,down,8382,0.11572,0.10915,0.12307,0.12046
validation,MIX-blend,20,1,pooled,8382,0.11447,0.10994,0.11969,0.12046
validation,MIX-blend,20,1.5,up,8382,0.048556,0.043813,0.053264,0.056257
validation,MIX-blend,20,1.5,down,8382,0.047363,0.043057,0.052047,0.056257
validation,MIX-blend,20,1.5,pooled,8382,0.04796,0.044843,0.051665,0.056257
validation,MIX-blend,20,2,up,8382,0.021713,0.018728,0.024941,0.027036
validation,MIX-blend,20,2,down,8382,0.021236,0.018162,0.024688,0.027036
validation,MIX-blend,20,2,pooled,8382,0.021475,0.019265,0.023825,0.027036
validation,MIX-blend,20,2.5,up,8382,0.010857,0.0086708,0.013279,0.013468
validation,MIX-blend,20,2.5,down,8382,0.01026,0.008212,0.012596,0.013468
validation,MIX-blend,20,2.5,pooled,8382,0.010558,0.0090869,0.012229,0.013468
validation,MIX-blend,20,3,up,8382,0.0057266,0.0041831,0.0074765,0.0069564
validation,MIX-blend,20,3,down,8382,0.0069196,0.005091,0.008901,0.0069564
validation,MIX-blend,20,3,pooled,8382,0.0063231,0.005137,0.0076784,0.0069564
validation,MIX-blend,20,3.5,up,8382,0.0036984,0.0025221,0.0051474,0.0037178
validation,MIX-blend,20,3.5,down,8382,0.0044142,0.0029888,0.0059412,0.0037178
validation,MIX-blend,20,3.5,pooled,8382,0.0040563,0.0031518,0.0050352,0.0037178
validation,MIX-blend,15,1,up,8382,0.11716,0.11119,0.12418,0.12513
validation,MIX-blend,15,1,down,8382,0.1193,0.1123,0.12621,0.12513
validation,MIX-blend,15,1,pooled,8382,0.11823,0.11345,0.12308,0.12513
validation,MIX-blend,15,1.5,up,8382,0.044619,0.040486,0.049197,0.057626
validation,MIX-blend,15,1.5,down,8382,0.049034,0.044043,0.053877,0.057626
validation,MIX-blend,15,1.5,pooled,8382,0.046827,0.043525,0.050368,0.057626
validation,MIX-blend,15,2,up,8382,0.019208,0.016317,0.022278,0.026915
validation,MIX-blend,15,2,down,8382,0.021355,0.018255,0.024429,0.026915
validation,MIX-blend,15,2,pooled,8382,0.020282,0.018223,0.02234,0.026915
validation,MIX-blend,15,2.5,up,8382,0.0095443,0.007617,0.011674,0.012916
validation,MIX-blend,15,2.5,down,8382,0.010499,0.0082634,0.012758,0.012916
validation,MIX-blend,15,2.5,pooled,8382,0.010021,0.0086711,0.011486,0.012916
validation,MIX-blend,15,3,up,8382,0.0058459,0.0042845,0.0077338,0.0063917
validation,MIX-blend,15,3,down,8382,0.0058459,0.0044021,0.0076109,0.0063917
validation,MIX-blend,15,3,pooled,8382,0.0058459,0.0047789,0.0071149,0.0063917
validation,MIX-blend,15,3.5,up,8382,0.0036984,0.0025084,0.0051168,0.0032621
validation,MIX-blend,15,3.5,down,8382,0.0040563,0.0027606,0.0054892,0.0032621
validation,MIX-blend,15,3.5,pooled,8382,0.0038774,0.0030227,0.0049121,0.0032621
validation,MIX-blend,10,1,up,8382,0.12467,0.11757,0.13201,0.12653
validation,MIX-blend,10,1,down,8382,0.11751,0.11032,0.12465,0.12653
validation,MIX-blend,10,1,pooled,8382,0.12109,0.11622,0.12599,0.12653
validation,MIX-blend,10,1.5,up,8382,0.05309,0.04861,0.058266,0.058032
validation,MIX-blend,10,1.5,down,8382,0.052493,0.047906,0.057323,0.058032
validation,MIX-blend,10,1.5,pooled,8382,0.052792,0.049597,0.056241,0.058032
validation,MIX-blend,10,2,up,8382,0.021236,0.018377,0.024734,0.026867
validation,MIX-blend,10,2,down,8382,0.024934,0.021778,0.028256,0.026867
validation,MIX-blend,10,2,pooled,8382,0.023085,0.020999,0.025451,0.026867
validation,MIX-blend,10,2.5,up,8382,0.010141,0.0080712,0.012669,0.01274
validation,MIX-blend,10,2.5,down,8382,0.011572,0.0094407,0.013891,0.01274
validation,MIX-blend,10,2.5,pooled,8382,0.010857,0.0094624,0.012447,0.01274
validation,MIX-blend,10,3,up,8382,0.0047721,0.003319,0.0064425,0.0062166
validation,MIX-blend,10,3,down,8382,0.0070389,0.0053657,0.0087257,0.0062166
validation,MIX-blend,10,3,pooled,8382,0.0059055,0.0048146,0.0070309,0.0062166
validation,MIX-blend,10,3.5,up,8382,0.0033405,0.0021602,0.0046991,0.0031235
validation,MIX-blend,10,3.5,down,8382,0.0046528,0.0032294,0.0062114,0.0031235
validation,MIX-blend,10,3.5,pooled,8382,0.0039967,0.0031541,0.0049882,0.0031235
validation,MIX-blend,5,1,up,8382,0.12336,0.11649,0.13058,0.12725
validation,MIX-blend,5,1,down,8382,0.12491,0.11761,0.13272,0.12725
validation,MIX-blend,5,1,pooled,8382,0.12414,0.11937,0.12906,0.12725
validation,MIX-blend,5,1.5,up,8382,0.049869,0.045389,0.054664,0.058226
validation,MIX-blend,5,1.5,down,8382,0.051539,0.046798,0.056469,0.058226
validation,MIX-blend,5,1.5,pooled,8382,0.050704,0.047276,0.054067,0.058226
validation,MIX-blend,5,2,up,8382,0.021475,0.018236,0.024685,0.026816
validation,MIX-blend,5,2,down,8382,0.023861,0.020899,0.026944,0.026816
validation,MIX-blend,5,2,pooled,8382,0.022668,0.020346,0.024884,0.026816
validation,MIX-blend,5,2.5,up,8382,0.0093057,0.0072519,0.011489,0.01263
validation,MIX-blend,5,2.5,down,8382,0.010857,0.0087642,0.013079,0.01263
validation,MIX-blend,5,2.5,pooled,8382,0.010081,0.0086299,0.011566,0.01263
validation,MIX-blend,5,3,up,8382,0.00513,0.0035765,0.0066955,0.0061172
validation,MIX-blend,5,3,down,8382,0.0063231,0.0046633,0.0082097,0.0061172
validation,MIX-blend,5,3,pooled,8382,0.0057266,0.0047009,0.0067827,0.0061172
validation,MIX-blend,5,3.5,up,8382,0.0029826,0.0019033,0.0041852,0.003051
validation,MIX-blend,5,3.5,down,8382,0.0031019,0.0019106,0.0044075,0.003051
validation,MIX-blend,5,3.5,pooled,8382,0.0030422,0.0022536,0.0038936,0.003051
validation,MIX-blend,3,1,up,8382,0.12539,0.1192,0.13193,0.12684
validation,MIX-blend,3,1,down,8382,0.12575,0.11876,0.13291,0.12684
validation,MIX-blend,3,1,pooled,8382,0.12557,0.12109,0.13037,0.12684
validation,MIX-blend,3,1.5,up,8382,0.051539,0.047026,0.056225,0.058104
validation,MIX-blend,3,1.5,down,8382,0.057623,0.052998,0.06262,0.058104
validation,MIX-blend,3,1.5,pooled,8382,0.054581,0.05139,0.057946,0.058104
validation,MIX-blend,3,2,up,8382,0.023741,0.020479,0.027175,0.026823
validation,MIX-blend,3,2,down,8382,0.02398,0.02089,0.027008,0.026823
validation,MIX-blend,3,2,pooled,8382,0.023861,0.021571,0.026092,0.026823
validation,MIX-blend,3,2.5,up,8382,0.011572,0.0093202,0.014384,0.012675
validation,MIX-blend,3,2.5,down,8382,0.01026,0.0081974,0.012307,0.012675
validation,MIX-blend,3,2.5,pooled,8382,0.010916,0.0094342,0.0125,0.012675
validation,MIX-blend,3,3,up,8382,0.0057266,0.0041636,0.0074335,0.006165
validation,MIX-blend,3,3,down,8382,0.0057266,0.0041618,0.0074052,0.006165
validation,MIX-blend,3,3,pooled,8382,0.0057266,0.004553,0.0069176,0.006165
validation,MIX-blend,3,3.5,up,8382,0.0033405,0.00216,0.0045477,0.0030908
validation,MIX-blend,3,3.5,down,8382,0.0033405,0.0021404,0.0046534,0.0030908
validation,MIX-blend,3,3.5,pooled,8382,0.0033405,0.0025068,0.0042107,0.0030908
validation,MIX-blend,2,1,up,8382,0.12384,0.11727,0.13142,0.12358
validation,MIX-blend,2,1,down,8382,0.12431,0.11738,0.13168,0.12358
validation,MIX-blend,2,1,pooled,8382,0.12408,0.11927,0.12904,0.12358
validation,MIX-blend,2,1.5,up,8382,0.057385,0.052336,0.062233,0.05718
validation,MIX-blend,2,1.5,down,8382,0.054402,0.049407,0.05989,0.05718
validation,MIX-blend,2,1.5,pooled,8382,0.055894,0.052624,0.05956,0.05718
validation,MIX-blend,2,2,up,8382,0.025292,0.022036,0.028674,0.026972
validation,MIX-blend,2,2,down,8382,0.026724,0.023431,0.030257,0.026972
validation,MIX-blend,2,2,pooled,8382,0.026008,0.023501,0.028548,0.026972
validation,MIX-blend,2,2.5,up,8382,0.011572,0.0092083,0.013854,0.013113
validation,MIX-blend,2,2.5,down,8382,0.012885,0.010408,0.015529,0.013113
validation,MIX-blend,2,2.5,pooled,8382,0.012229,0.010601,0.013993,0.013113
validation,MIX-blend,2,3,up,8382,0.0065617,0.0048902,0.0084516,0.0065866
validation,MIX-blend,2,3,down,8382,0.0069196,0.0052135,0.008792,0.0065866
validation,MIX-blend,2,3,pooled,8382,0.0067406,0.0055622,0.0080079,0.0065866
validation,MIX-blend,2,3.5,up,8382,0.0033405,0.0021474,0.0046791,0.0034154
validation,MIX-blend,2,3.5,down,8382,0.0040563,0.0028283,0.0054762,0.0034154
validation,MIX-blend,2,3.5,pooled,8382,0.0036984,0.0028235,0.0046731,0.0034154
validation,EMP-blend,60,1,up,8382,0.11238,0.1053,0.12026,0.10713
validation,EMP-blend,60,1,down,8382,0.10821,0.10137,0.11506,0.10713
validation,EMP-blend,60,1,pooled,8382,0.1103,0.10495,0.11541,0.10713
validation,EMP-blend,60,1.5,up,8382,0.046767,0.042033,0.051621,0.046875
validation,EMP-blend,60,1.5,down,8382,0.048318,0.043235,0.053268,0.046875
validation,EMP-blend,60,1.5,pooled,8382,0.047542,0.044116,0.050907,0.046875
validation,EMP-blend,60,2,up,8382,0.023383,0.020138,0.026899,0.025124
validation,EMP-blend,60,2,down,8382,0.023026,0.019945,0.02634,0.025124
validation,EMP-blend,60,2,pooled,8382,0.023204,0.020948,0.025626,0.025124
validation,EMP-blend,60,2.5,up,8382,0.01193,0.0095464,0.014228,0.013808
validation,EMP-blend,60,2.5,down,8382,0.011811,0.0094849,0.014448,0.013808
validation,EMP-blend,60,2.5,pooled,8382,0.011871,0.010281,0.013606,0.013808
validation,EMP-blend,60,3,up,8382,0.0082319,0.0062943,0.010177,0.0085944
validation,EMP-blend,60,3,down,8382,0.0064424,0.0047561,0.0082494,0.0085944
validation,EMP-blend,60,3,pooled,8382,0.0073372,0.0059982,0.0086466,0.0085944
validation,EMP-blend,60,3.5,up,8382,0.0046528,0.0032525,0.0060557,0.0054026
validation,EMP-blend,60,3.5,down,8382,0.0041756,0.0027644,0.005674,0.0054026
validation,EMP-blend,60,3.5,pooled,8382,0.0044142,0.0033924,0.0054323,0.0054026
validation,EMP-blend,45,1,up,8382,0.11107,0.1051,0.11794,0.11065
validation,EMP-blend,45,1,down,8382,0.10666,0.10007,0.11336,0.11065
validation,EMP-blend,45,1,pooled,8382,0.10886,0.10438,0.11351,0.11065
validation,EMP-blend,45,1.5,up,8382,0.043784,0.039459,0.048482,0.047851
validation,EMP-blend,45,1.5,down,8382,0.049034,0.043974,0.053784,0.047851
validation,EMP-blend,45,1.5,pooled,8382,0.046409,0.043255,0.049561,0.047851
validation,EMP-blend,45,2,up,8382,0.021117,0.018247,0.024047,0.023227
validation,EMP-blend,45,2,down,8382,0.02219,0.01887,0.025623,0.023227
validation,EMP-blend,45,2,pooled,8382,0.021654,0.019531,0.024008,0.023227
validation,EMP-blend,45,2.5,up,8382,0.011334,0.0090732,0.013657,0.013378
validation,EMP-blend,45,2.5,down,8382,0.010141,0.0079,0.012526,0.013378
validation,EMP-blend,45,2.5,pooled,8382,0.010737,0.0091049,0.012435,0.013378
validation,EMP-blend,45,3,up,8382,0.0070389,0.0053424,0.00884,0.0085677
validation,EMP-blend,45,3,down,8382,0.0053686,0.0037386,0.0071177,0.0085677
validation,EMP-blend,45,3,pooled,8382,0.0062038,0.0049974,0.0074379,0.0085677
validation,EMP-blend,45,3.5,up,8382,0.0046528,0.0032292,0.006126,0.0054361
validation,EMP-blend,45,3.5,down,8382,0.0026247,0.0014367,0.0039302,0.0054361
validation,EMP-blend,45,3.5,pooled,8382,0.0036387,0.0026674,0.004641,0.0054361
validation,EMP-blend,30,1,up,8382,0.11143,0.10492,0.11807,0.11563
validation,EMP-blend,30,1,down,8382,0.11942,0.11307,0.12604,0.11563
validation,EMP-blend,30,1,pooled,8382,0.11543,0.11083,0.12025,0.11563
validation,EMP-blend,30,1.5,up,8382,0.041995,0.037844,0.046136,0.048338
validation,EMP-blend,30,1.5,down,8382,0.050227,0.045374,0.055031,0.048338
validation,EMP-blend,30,1.5,pooled,8382,0.046111,0.042912,0.049342,0.048338
validation,EMP-blend,30,2,up,8382,0.019924,0.016866,0.022764,0.022629
validation,EMP-blend,30,2,down,8382,0.022906,0.019542,0.026662,0.022629
validation,EMP-blend,30,2,pooled,8382,0.021415,0.019313,0.023753,0.022629
validation,EMP-blend,30,2.5,up,8382,0.01205,0.0099056,0.014368,0.012382
validation,EMP-blend,30,2.5,down,8382,0.013362,0.010871,0.01611,0.012382
validation,EMP-blend,30,2.5,pooled,8382,0.012706,0.010983,0.014533,0.012382
validation,EMP-blend,30,3,up,8382,0.0073968,0.0056139,0.0094475,0.0076073
validation,EMP-blend,30,3,down,8382,0.0063231,0.0045135,0.0081078,0.0076073
validation,EMP-blend,30,3,pooled,8382,0.0068599,0.005581,0.0081403,0.0076073
validation,EMP-blend,30,3.5,up,8382,0.0041756,0.0029723,0.0055993,0.0044192
validation,EMP-blend,30,3.5,down,8382,0.0035791,0.0022554,0.005021,0.0044192
validation,EMP-blend,30,3.5,pooled,8382,0.0038774,0.002916,0.0049374,0.0044192
validation,EMP-blend,20,1,up,8382,0.11024,0.1036,0.11761,0.1158
validation,EMP-blend,20,1,down,8382,0.11262,0.10616,0.1198,0.1158
validation,EMP-blend,20,1,pooled,8382,0.11143,0.10707,0.11637,0.1158
validation,EMP-blend,20,1.5,up,8382,0.04629,0.041723,0.050956,0.048896
validation,EMP-blend,20,1.5,down,8382,0.045455,0.041439,0.049862,0.048896
validation,EMP-blend,20,1.5,pooled,8382,0.045872,0.042872,0.04932,0.048896
validation,EMP-blend,20,2,up,8382,0.020878,0.017831,0.024173,0.023221
validation,EMP-blend,20,2,down,8382,0.020043,0.016943,0.023283,0.023221
validation,EMP-blend,20,2,pooled,8382,0.020461,0.018338,0.022792,0.023221
validation,EMP-blend,20,2.5,up,8382,0.010737,0.0086009,0.013041,0.0121
validation,EMP-blend,20,2.5,down,8382,0.010141,0.0081161,0.012449,0.0121
validation,EMP-blend,20,2.5,pooled,8382,0.010439,0.0089691,0.012138,0.0121
validation,EMP-blend,20,3,up,8382,0.0052493,0.0038231,0.006899,0.00689
validation,EMP-blend,20,3,down,8382,0.006681,0.0048783,0.0086163,0.00689
validation,EMP-blend,20,3,pooled,8382,0.0059652,0.0047786,0.0072214,0.00689
validation,EMP-blend,20,3.5,up,8382,0.0033405,0.0022627,0.0046743,0.0044594
validation,EMP-blend,20,3.5,down,8382,0.0038177,0.0026125,0.0052582,0.0044594
validation,EMP-blend,20,3.5,pooled,8382,0.0035791,0.0027535,0.0044842,0.0044594
validation,EMP-blend,15,1,up,8382,0.11716,0.11119,0.12418,0.11928
validation,EMP-blend,15,1,down,8382,0.1193,0.1123,0.12621,0.11928
validation,EMP-blend,15,1,pooled,8382,0.11823,0.11345,0.12308,0.11928
validation,EMP-blend,15,1.5,up,8382,0.044619,0.040486,0.049197,0.046553
validation,EMP-blend,15,1.5,down,8382,0.049034,0.044043,0.053877,0.046553
validation,EMP-blend,15,1.5,pooled,8382,0.046827,0.043525,0.050368,0.046553
validation,EMP-blend,15,2,up,8382,0.019208,0.016317,0.022278,0.020842
validation,EMP-blend,15,2,down,8382,0.021355,0.018255,0.024429,0.020842
validation,EMP-blend,15,2,pooled,8382,0.020282,0.018223,0.02234,0.020842
validation,EMP-blend,15,2.5,up,8382,0.0095443,0.007617,0.011674,0.01156
validation,EMP-blend,15,2.5,down,8382,0.010499,0.0082634,0.012758,0.01156
validation,EMP-blend,15,2.5,pooled,8382,0.010021,0.0086711,0.011486,0.01156
validation,EMP-blend,15,3,up,8382,0.0058459,0.0042845,0.0077338,0.0062977
validation,EMP-blend,15,3,down,8382,0.0058459,0.0044021,0.0076109,0.0062977
validation,EMP-blend,15,3,pooled,8382,0.0058459,0.0047789,0.0071149,0.0062977
validation,EMP-blend,15,3.5,up,8382,0.0036984,0.0025084,0.0051168,0.0040593
validation,EMP-blend,15,3.5,down,8382,0.0040563,0.0027606,0.0054892,0.0040593
validation,EMP-blend,15,3.5,pooled,8382,0.0038774,0.0030227,0.0049121,0.0040593
validation,EMP-blend,10,1,up,8382,0.12419,0.11718,0.13165,0.12329
validation,EMP-blend,10,1,down,8382,0.11692,0.10975,0.12406,0.12329
validation,EMP-blend,10,1,pooled,8382,0.12056,0.11563,0.12542,0.12329
validation,EMP-blend,10,1.5,up,8382,0.052851,0.048299,0.058051,0.050321
validation,EMP-blend,10,1.5,down,8382,0.052136,0.04755,0.056768,0.050321
validation,EMP-blend,10,1.5,pooled,8382,0.052493,0.04924,0.05591,0.050321
validation,EMP-blend,10,2,up,8382,0.020997,0.018184,0.02447,0.021368
validation,EMP-blend,10,2,down,8382,0.024934,0.021778,0.028256,0.021368
validation,EMP-blend,10,2,pooled,8382,0.022966,0.020831,0.025316,0.021368
validation,EMP-blend,10,2.5,up,8382,0.0099022,0.0078209,0.012422,0.0099239
validation,EMP-blend,10,2.5,down,8382,0.011572,0.0094407,0.013891,0.0099239
validation,EMP-blend,10,2.5,pooled,8382,0.010737,0.0093548,0.012327,0.0099239
validation,EMP-blend,10,3,up,8382,0.0045335,0.0031003,0.0062023,0.0054435
validation,EMP-blend,10,3,down,8382,0.0069196,0.0052722,0.0085737,0.0054435
validation,EMP-blend,10,3,pooled,8382,0.0057266,0.0046614,0.0068191,0.0054435
validation,EMP-blend,10,3.5,up,8382,0.0033405,0.0021602,0.0046991,0.0039326
validation,EMP-blend,10,3.5,down,8382,0.0046528,0.0032294,0.0062114,0.0039326
validation,EMP-blend,10,3.5,pooled,8382,0.0039967,0.0031541,0.0049882,0.0039326
validation,EMP-blend,5,1,up,8382,0.12288,0.11575,0.13003,0.12771
validation,EMP-blend,5,1,down,8382,0.12431,0.11716,0.13216,0.12771
validation,EMP-blend,5,1,pooled,8382,0.1236,0.11877,0.12852,0.12771
validation,EMP-blend,5,1.5,up,8382,0.04963,0.045187,0.054457,0.055612
validation,EMP-blend,5,1.5,down,8382,0.050942,0.046387,0.055795,0.055612
validation,EMP-blend,5,1.5,pooled,8382,0.050286,0.046923,0.053588,0.055612
validation,EMP-blend,5,2,up,8382,0.021236,0.017996,0.024469,0.023196
validation,EMP-blend,5,2,down,8382,0.023741,0.020813,0.026865,0.023196
validation,EMP-blend,5,2,pooled,8382,0.022489,0.02011,0.024741,0.023196
validation,EMP-blend,5,2.5,up,8382,0.0091864,0.0071453,0.011331,0.010956
validation,EMP-blend,5,2.5,down,8382,0.010857,0.0087642,0.013079,0.010956
validation,EMP-blend,5,2.5,pooled,8382,0.010021,0.008607,0.011533,0.010956
validation,EMP-blend,5,3,up,8382,0.0050107,0.0035514,0.0065586,0.0056695
validation,EMP-blend,5,3,down,8382,0.0059652,0.0043001,0.0077284,0.0056695
validation,EMP-blend,5,3,pooled,8382,0.005488,0.0044701,0.0065489,0.0056695
validation,EMP-blend,5,3.5,up,8382,0.0029826,0.0019033,0.0041852,0.003185
validation,EMP-blend,5,3.5,down,8382,0.0029826,0.001794,0.0042832,0.003185
validation,EMP-blend,5,3.5,pooled,8382,0.0029826,0.0021927,0.003834,0.003185
validation,EMP-blend,3,1,up,8382,0.12539,0.1192,0.13193,0.13217
validation,EMP-blend,3,1,down,8382,0.12575,0.11876,0.13291,0.13217
validation,EMP-blend,3,1,pooled,8382,0.12557,0.12109,0.13037,0.13217
validation,EMP-blend,3,1.5,up,8382,0.05142,0.046873,0.056113,0.058162
validation,EMP-blend,3,1.5,down,8382,0.057385,0.05285,0.062366,0.058162
validation,EMP-blend,3,1.5,pooled,8382,0.054402,0.051225,0.057752,0.058162
validation,EMP-blend,3,2,up,8382,0.023622,0.020308,0.02705,0.025919
validation,EMP-blend,3,2,down,8382,0.02398,0.02089,0.027008,0.025919
validation,EMP-blend,3,2,pooled,8382,0.023801,0.021511,0.026033,0.025919
validation,EMP-blend,3,2.5,up,8382,0.011572,0.0093202,0.014384,0.012278
validation,EMP-blend,3,2.5,down,8382,0.01026,0.0081974,0.012307,0.012278
validation,EMP-blend,3,2.5,pooled,8382,0.010916,0.0094342,0.0125,0.012278
validation,EMP-blend,3,3,up,8382,0.0056073,0.0040255,0.0073556,0.005442
validation,EMP-blend,3,3,down,8382,0.0057266,0.0041618,0.0074052,0.005442
validation,EMP-blend,3,3,pooled,8382,0.0056669,0.0045235,0.0068201,0.005442
validation,EMP-blend,3,3.5,up,8382,0.0033405,0.00216,0.0045477,0.003239
validation,EMP-blend,3,3.5,down,8382,0.0033405,0.0021404,0.0046534,0.003239
validation,EMP-blend,3,3.5,pooled,8382,0.0033405,0.0025068,0.0042107,0.003239
validation,EMP-blend,2,1,up,8382,0.12384,0.11727,0.13142,0.13248
validation,EMP-blend,2,1,down,8382,0.12431,0.11738,0.13168,0.13248
validation,EMP-blend,2,1,pooled,8382,0.12408,0.11927,0.12904,0.13248
validation,EMP-blend,2,1.5,up,8382,0.057385,0.052336,0.062233,0.060354
validation,EMP-blend,2,1.5,down,8382,0.054402,0.049407,0.05989,0.060354
validation,EMP-blend,2,1.5,pooled,8382,0.055894,0.052624,0.05956,0.060354
validation,EMP-blend,2,2,up,8382,0.025292,0.022036,0.028674,0.027384
validation,EMP-blend,2,2,down,8382,0.026724,0.023431,0.030257,0.027384
validation,EMP-blend,2,2,pooled,8382,0.026008,0.023501,0.028548,0.027384
validation,EMP-blend,2,2.5,up,8382,0.011572,0.0092083,0.013854,0.012991
validation,EMP-blend,2,2.5,down,8382,0.012885,0.010408,0.015529,0.012991
validation,EMP-blend,2,2.5,pooled,8382,0.012229,0.010601,0.013993,0.012991
validation,EMP-blend,2,3,up,8382,0.0065617,0.0048902,0.0084516,0.0064949
validation,EMP-blend,2,3,down,8382,0.0069196,0.0052135,0.008792,0.0064949
validation,EMP-blend,2,3,pooled,8382,0.0067406,0.0055622,0.0080079,0.0064949
validation,EMP-blend,2,3.5,up,8382,0.0033405,0.0021474,0.0046791,0.0030278
validation,EMP-blend,2,3.5,down,8382,0.0040563,0.0028283,0.0054762,0.0030278
validation,EMP-blend,2,3.5,pooled,8382,0.0036984,0.0028235,0.0046731,0.0030278
test,G-raw-2h,60,1,up,15005,0.12616,0.12065,0.1314,0.15866
test,G-raw-2h,60,1,down,15005,0.12682,0.12134,0.13174,0.15866
test,G-raw-2h,60,1,pooled,15005,0.12649,0.12299,0.12995,0.15866
test,G-raw-2h,60,1.5,up,15005,0.058381,0.054368,0.06228,0.066807
test,G-raw-2h,60,1.5,down,15005,0.062113,0.058129,0.066148,0.066807
test,G-raw-2h,60,1.5,pooled,15005,0.060247,0.057649,0.062989,0.066807
test,G-raw-2h,60,2,up,15005,0.027391,0.024757,0.03017,0.02275
test,G-raw-2h,60,2,down,15005,0.032856,0.030032,0.035745,0.02275
test,G-raw-2h,60,2,pooled,15005,0.030123,0.028349,0.031881,0.02275
test,G-raw-2h,60,2.5,up,15005,0.015595,0.013676,0.017853,0.0062097
test,G-raw-2h,60,2.5,down,15005,0.016728,0.014801,0.01876,0.0062097
test,G-raw-2h,60,2.5,pooled,15005,0.016161,0.014919,0.017493,0.0062097
test,G-raw-2h,60,3,up,15005,0.010263,0.0087499,0.011928,0.0013499
test,G-raw-2h,60,3,down,15005,0.0099967,0.0083476,0.01151,0.0013499
test,G-raw-2h,60,3,pooled,15005,0.01013,0.0090827,0.011176,0.0013499
test,G-raw-2h,60,3.5,up,15005,0.0067977,0.005452,0.0083392,0.00023263
test,G-raw-2h,60,3.5,down,15005,0.0063312,0.0051237,0.007594,0.00023263
test,G-raw-2h,60,3.5,pooled,15005,0.0065645,0.0056681,0.0074815,0.00023263
test,G-raw-2h,45,1,up,15005,0.11903,0.11405,0.12407,0.15866
test,G-raw-2h,45,1,down,15005,0.12443,0.11915,0.12997,0.15866
test,G-raw-2h,45,1,pooled,15005,0.12173,0.11836,0.12526,0.15866
test,G-raw-2h,45,1.5,up,15005,0.055781,0.05196,0.059484,0.066807
test,G-raw-2h,45,1.5,down,15005,0.059713,0.056029,0.063587,0.066807
test,G-raw-2h,45,1.5,pooled,15005,0.057747,0.055344,0.060194,0.066807
test,G-raw-2h,45,2,up,15005,0.027857,0.025272,0.030698,0.02275
test,G-raw-2h,45,2,down,15005,0.030257,0.027688,0.033041,0.02275
test,G-raw-2h,45,2,pooled,15005,0.029057,0.027364,0.030884,0.02275
test,G-raw-2h,45,2.5,up,15005,0.014862,0.012994,0.017007,0.0062097
test,G-raw-2h,45,2.5,down,15005,0.016928,0.015048,0.018916,0.0062097
test,G-raw-2h,45,2.5,pooled,15005,0.015895,0.014628,0.017196,0.0062097
test,G-raw-2h,45,3,up,15005,0.0086638,0.0072009,0.010202,0.0013499
test,G-raw-2h,45,3,down,15005,0.0098634,0.0083883,0.011324,0.0013499
test,G-raw-2h,45,3,pooled,15005,0.0092636,0.0082726,0.010231,0.0013499
test,G-raw-2h,45,3.5,up,15005,0.0058647,0.0046628,0.0072086,0.00023263
test,G-raw-2h,45,3.5,down,15005,0.0059314,0.0048578,0.0071453,0.00023263
test,G-raw-2h,45,3.5,pooled,15005,0.005898,0.0050965,0.0066984,0.00023263
test,G-raw-2h,30,1,up,15005,0.11836,0.11337,0.12361,0.15866
test,G-raw-2h,30,1,down,15005,0.12096,0.11564,0.12657,0.15866
test,G-raw-2h,30,1,pooled,15005,0.11966,0.11634,0.12287,0.15866
test,G-raw-2h,30,1.5,up,15005,0.054382,0.050805,0.058116,0.066807
test,G-raw-2h,30,1.5,down,15005,0.057181,0.053326,0.061181,0.066807
test,G-raw-2h,30,1.5,pooled,15005,0.055781,0.053355,0.058318,0.066807
test,G-raw-2h,30,2,up,15005,0.027724,0.024973,0.030496,0.02275
test,G-raw-2h,30,2,down,15005,0.029257,0.026601,0.032047,0.02275
test,G-raw-2h,30,2,pooled,15005,0.028491,0.026651,0.030314,0.02275
test,G-raw-2h,30,2.5,up,15005,0.014528,0.012597,0.01648,0.0062097
test,G-raw-2h,30,2.5,down,15005,0.016994,0.015069,0.018939,0.0062097
test,G-raw-2h,30,2.5,pooled,15005,0.015761,0.014444,0.017031,0.0062097
test,G-raw-2h,30,3,up,15005,0.0090636,0.0075983,0.01058,0.0013499
test,G-raw-2h,30,3,down,15005,0.01093,0.0093357,0.012496,0.0013499
test,G-raw-2h,30,3,pooled,15005,0.0099967,0.0089339,0.010997,0.0013499
test,G-raw-2h,30,3.5,up,15005,0.0057314,0.0046067,0.0069275,0.00023263
test,G-raw-2h,30,3.5,down,15005,0.0066644,0.0054025,0.0079429,0.00023263
test,G-raw-2h,30,3.5,pooled,15005,0.0061979,0.0053333,0.0069898,0.00023263
test,G-raw-2h,20,1,up,15005,0.1109,0.10579,0.11606,0.15866
test,G-raw-2h,20,1,down,15005,0.1067,0.1014,0.11202,0.15866
test,G-raw-2h,20,1,pooled,15005,0.1088,0.10516,0.11222,0.15866
test,G-raw-2h,20,1.5,up,15005,0.048584,0.04517,0.052256,0.066807
test,G-raw-2h,20,1.5,down,15005,0.046851,0.043281,0.050396,0.066807
test,G-raw-2h,20,1.5,pooled,15005,0.047717,0.045378,0.050108,0.066807
test,G-raw-2h,20,2,up,15005,0.023992,0.021469,0.026461,0.02275
test,G-raw-2h,20,2,down,15005,0.024125,0.021516,0.026849,0.02275
test,G-raw-2h,20,2,pooled,15005,0.024059,0.022286,0.025827,0.02275
test,G-raw-2h,20,2.5,up,15005,0.012463,0.010654,0.014303,0.0062097
test,G-raw-2h,20,2.5,down,15005,0.012329,0.010537,0.014137,0.0062097
test,G-raw-2h,20,2.5,pooled,15005,0.012396,0.011153,0.013708,0.0062097
test,G-raw-2h,20,3,up,15005,0.0068644,0.0055917,0.0081426,0.0013499
test,G-raw-2h,20,3,down,15005,0.0067311,0.0054623,0.0080528,0.0013499
test,G-raw-2h,20,3,pooled,15005,0.0067977,0.0058901,0.0076789,0.0013499
test,G-raw-2h,20,3.5,up,15005,0.0042652,0.0033275,0.0052576,0.00023263
test,G-raw-2h,20,3.5,down,15005,0.0038654,0.0029327,0.0049258,0.00023263
test,G-raw-2h,20,3.5,pooled,15005,0.0040653,0.0034008,0.0047659,0.00023263
test,G-raw-2h,15,1,up,15005,0.10916,0.1043,0.11431,0.15866
test,G-raw-2h,15,1,down,15005,0.1087,0.10331,0.11403,0.15866
test,G-raw-2h,15,1,pooled,15005,0.10893,0.10537,0.11254,0.15866
test,G-raw-2h,15,1.5,up,15005,0.045252,0.042015,0.048865,0.066807
test,G-raw-2h,15,1.5,down,15005,0.045052,0.041539,0.048885,0.066807
test,G-raw-2h,15,1.5,pooled,15005,0.045152,0.042843,0.0477,0.066807
test,G-raw-2h,15,2,up,15005,0.023059,0.020814,0.025513,0.02275
test,G-raw-2h,15,2,down,15005,0.021859,0.019565,0.024145,0.02275
test,G-raw-2h,15,2,pooled,15005,0.022459,0.020841,0.024202,0.02275
test,G-raw-2h,15,2.5,up,15005,0.012396,0.010665,0.014198,0.0062097
test,G-raw-2h,15,2.5,down,15005,0.011996,0.01033,0.013794,0.0062097
test,G-raw-2h,15,2.5,pooled,15005,0.012196,0.010969,0.01348,0.0062097
test,G-raw-2h,15,3,up,15005,0.0061313,0.0048728,0.0074633,0.0013499
test,G-raw-2h,15,3,down,15005,0.0057981,0.0046567,0.0071473,0.0013499
test,G-raw-2h,15,3,pooled,15005,0.0059647,0.0050658,0.0068781,0.0013499
test,G-raw-2h,15,3.5,up,15005,0.003932,0.0029986,0.0049367,0.00023263
test,G-raw-2h,15,3.5,down,15005,0.0037987,0.0029304,0.0048538,0.00023263
test,G-raw-2h,15,3.5,pooled,15005,0.0038654,0.0032361,0.0045343,0.00023263
test,G-raw-2h,10,1,up,15005,0.1039,0.099112,0.10895,0.15866
test,G-raw-2h,10,1,down,15005,0.1029,0.098313,0.10761,0.15866
test,G-raw-2h,10,1,pooled,15005,0.1034,0.1003,0.10672,0.15866
test,G-raw-2h,10,1.5,up,15005,0.046185,0.042846,0.049754,0.066807
test,G-raw-2h,10,1.5,down,15005,0.041853,0.038899,0.044893,0.066807
test,G-raw-2h,10,1.5,pooled,15005,0.044019,0.041771,0.046094,0.066807
test,G-raw-2h,10,2,up,15005,0.019793,0.01766,0.022065,0.02275
test,G-raw-2h,10,2,down,15005,0.019593,0.01745,0.0217,0.02275
test,G-raw-2h,10,2,pooled,15005,0.019693,0.018223,0.021166,0.02275
test,G-raw-2h,10,2.5,up,15005,0.010263,0.0086585,0.011822,0.0062097
test,G-raw-2h,10,2.5,down,15005,0.01013,0.0086371,0.011719,0.0062097
test,G-raw-2h,10,2.5,pooled,15005,0.010197,0.0091054,0.011267,0.0062097
test,G-raw-2h,10,3,up,15005,0.0055315,0.0044669,0.0066084,0.0013499
test,G-raw-2h,10,3,down,15005,0.0059314,0.0047326,0.0071362,0.0013499
test,G-raw-2h,10,3,pooled,15005,0.0057314,0.0048895,0.0065304,0.0013499
test,G-raw-2h,10,3.5,up,15005,0.0030656,0.0022029,0.0039323,0.00023263
test,G-raw-2h,10,3.5,down,15005,0.0033322,0.0024547,0.004261,0.00023263
test,G-raw-2h,10,3.5,pooled,15005,0.0031989,0.0026258,0.0037697,0.00023263
test,G-raw-2h,5,1,up,15005,0.087837,0.083427,0.092648,0.15866
test,G-raw-2h,5,1,down,15005,0.092303,0.087368,0.097123,0.15866
test,G-raw-2h,5,1,pooled,15005,0.09007,0.086829,0.093381,0.15866
test,G-raw-2h,5,1.5,up,15005,0.037388,0.034545,0.040675,0.066807
test,G-raw-2h,5,1.5,down,15005,0.035122,0.03223,0.038193,0.066807
test,G-raw-2h,5,1.5,pooled,15005,0.036255,0.034242,0.038391,0.066807
test,G-raw-2h,5,2,up,15005,0.015128,0.013196,0.017074,0.02275
test,G-raw-2h,5,2,down,15005,0.016195,0.014211,0.018161,0.02275
test,G-raw-2h,5,2,pooled,15005,0.015661,0.014286,0.017061,0.02275
test,G-raw-2h,5,2.5,up,15005,0.0076641,0.00626,0.0090626,0.0062097
test,G-raw-2h,5,2.5,down,15005,0.0075975,0.0062628,0.0091291,0.0062097
test,G-raw-2h,5,2.5,pooled,15005,0.0076308,0.006687,0.0086042,0.0062097
test,G-raw-2h,5,3,up,15005,0.0043319,0.0034664,0.0053398,0.0013499
test,G-raw-2h,5,3,down,15005,0.003932,0.0029944,0.0049967,0.0013499
test,G-raw-2h,5,3,pooled,15005,0.004132,0.0034662,0.0048127,0.0013499
test,G-raw-2h,5,3.5,up,15005,0.0028657,0.0021311,0.0037364,0.00023263
test,G-raw-2h,5,3.5,down,15005,0.0021993,0.0014671,0.0030594,0.00023263
test,G-raw-2h,5,3.5,pooled,15005,0.0025325,0.0020017,0.003128,0.00023263
test,G-raw-2h,3,1,up,15005,0.08004,0.075936,0.084315,0.15866
test,G-raw-2h,3,1,down,15005,0.084105,0.079383,0.088782,0.15866
test,G-raw-2h,3,1,pooled,15005,0.082073,0.079067,0.085102,0.15866
test,G-raw-2h,3,1.5,up,15005,0.032522,0.029992,0.035367,0.066807
test,G-raw-2h,3,1.5,down,15005,0.032589,0.029844,0.035376,0.066807
test,G-raw-2h,3,1.5,pooled,15005,0.032556,0.03068,0.034479,0.066807
test,G-raw-2h,3,2,up,15005,0.014662,0.012831,0.016591,0.02275
test,G-raw-2h,3,2,down,15005,0.013862,0.012178,0.015869,0.02275
test,G-raw-2h,3,2,pooled,15005,0.014262,0.01301,0.015586,0.02275
test,G-raw-2h,3,2.5,up,15005,0.0079307,0.0067141,0.0092558,0.0062097
test,G-raw-2h,3,2.5,down,15005,0.0064645,0.0052634,0.0078033,0.0062097
test,G-raw-2h,3,2.5,pooled,15005,0.0071976,0.0063939,0.0081227,0.0062097
test,G-raw-2h,3,3,up,15005,0.0045318,0.0035916,0.0055451,0.0013499
test,G-raw-2h,3,3,down,15005,0.0035322,0.0026036,0.0045261,0.0013499
test,G-raw-2h,3,3,pooled,15005,0.004032,0.0033963,0.0047689,0.0013499
test,G-raw-2h,3,3.5,up,15005,0.0021993,0.0015298,0.0029372,0.00023263
test,G-raw-2h,3,3.5,down,15005,0.002066,0.0013965,0.002801,0.00023263
test,G-raw-2h,3,3.5,pooled,15005,0.0021326,0.0016322,0.0026658,0.00023263
test,G-raw-2h,2,1,up,15005,0.082039,0.077676,0.086077,0.15866
test,G-raw-2h,2,1,down,15005,0.077974,0.073468,0.082806,0.15866
test,G-raw-2h,2,1,pooled,15005,0.080007,0.076947,0.083233,0.15866
test,G-raw-2h,2,1.5,up,15005,0.03099,0.028284,0.033798,0.066807
test,G-raw-2h,2,1.5,down,15005,0.032256,0.029118,0.035339,0.066807
test,G-raw-2h,2,1.5,pooled,15005,0.031623,0.029615,0.033663,0.066807
test,G-raw-2h,2,2,up,15005,0.012929,0.011196,0.014764,0.02275
test,G-raw-2h,2,2,down,15005,0.014728,0.012736,0.016688,0.02275
test,G-raw-2h,2,2,pooled,15005,0.013829,0.012458,0.015118,0.02275
test,G-raw-2h,2,2.5,up,15005,0.0059314,0.0048554,0.0072041,0.0062097
test,G-raw-2h,2,2.5,down,15005,0.0072642,0.0059959,0.0086639,0.0062097
test,G-raw-2h,2,2.5,pooled,15005,0.0065978,0.0057398,0.0074921,0.0062097
test,G-raw-2h,2,3,up,15005,0.0033322,0.0024683,0.0042,0.0013499
test,G-raw-2h,2,3,down,15005,0.0033322,0.0024689,0.004265,0.0013499
test,G-raw-2h,2,3,pooled,15005,0.0033322,0.0027393,0.0039959,0.0013499
test,G-raw-2h,2,3.5,up,15005,0.001866,0.0012006,0.002599,0.00023263
test,G-raw-2h,2,3.5,down,15005,0.001866,0.0012022,0.0026553,0.00023263
test,G-raw-2h,2,3.5,pooled,15005,0.001866,0.0013994,0.0024353,0.00023263
test,G-blend,60,1,up,15005,0.11769,0.11232,0.12271,0.15866
test,G-blend,60,1,down,15005,0.11983,0.11437,0.12502,0.15866
test,G-blend,60,1,pooled,15005,0.11876,0.11508,0.12226,0.15866
test,G-blend,60,1.5,up,15005,0.050383,0.046858,0.05411,0.066807
test,G-blend,60,1.5,down,15005,0.052916,0.049343,0.056517,0.066807
test,G-blend,60,1.5,pooled,15005,0.051649,0.049234,0.05422,0.066807
test,G-blend,60,2,up,15005,0.021859,0.019434,0.024389,0.02275
test,G-blend,60,2,down,15005,0.023392,0.02089,0.026009,0.02275
test,G-blend,60,2,pooled,15005,0.022626,0.020997,0.024287,0.02275
test,G-blend,60,2.5,up,15005,0.011463,0.0097376,0.013262,0.0062097
test,G-blend,60,2.5,down,15005,0.011863,0.010205,0.013596,0.0062097
test,G-blend,60,2.5,pooled,15005,0.011663,0.010468,0.012833,0.0062097
test,G-blend,60,3,up,15005,0.0067311,0.0054601,0.0081318,0.0013499
test,G-blend,60,3,down,15005,0.0066644,0.0053264,0.0081225,0.0013499
test,G-blend,60,3,pooled,15005,0.0066978,0.0057574,0.0076797,0.0013499
test,G-blend,60,3.5,up,15005,0.004132,0.0031323,0.0051931,0.00023263
test,G-blend,60,3.5,down,15005,0.0043985,0.0033856,0.0054773,0.00023263
test,G-blend,60,3.5,pooled,15005,0.0042652,0.0035555,0.0049967,0.00023263
test,G-blend,45,1,up,15005,0.11376,0.10896,0.1188,0.15866
test,G-blend,45,1,down,15005,0.12363,0.11808,0.12886,0.15866
test,G-blend,45,1,pooled,15005,0.11869,0.1152,0.1221,0.15866
test,G-blend,45,1.5,up,15005,0.048917,0.045737,0.0524,0.066807
test,G-blend,45,1.5,down,15005,0.052849,0.048875,0.057055,0.066807
test,G-blend,45,1.5,pooled,15005,0.050883,0.048526,0.05349,0.066807
test,G-blend,45,2,up,15005,0.022326,0.019775,0.024902,0.02275
test,G-blend,45,2,down,15005,0.022726,0.020464,0.025236,0.02275
test,G-blend,45,2,pooled,15005,0.022526,0.020943,0.024279,0.02275
test,G-blend,45,2.5,up,15005,0.011529,0.0097897,0.013345,0.0062097
test,G-blend,45,2.5,down,15005,0.011729,0.010048,0.013422,0.0062097
test,G-blend,45,2.5,pooled,15005,0.011629,0.010505,0.012787,0.0062097
test,G-blend,45,3,up,15005,0.0057981,0.0046005,0.0070029,0.0013499
test,G-blend,45,3,down,15005,0.0065312,0.0053305,0.0078006,0.0013499
test,G-blend,45,3,pooled,15005,0.0061646,0.0053512,0.0070292,0.0013499
test,G-blend,45,3.5,up,15005,0.0033989,0.0024583,0.0044625,0.00023263
test,G-blend,45,3.5,down,15005,0.0036654,0.0027311,0.0047299,0.00023263
test,G-blend,45,3.5,pooled,15005,0.0035322,0.0028986,0.0042665,0.00023263
test,G-blend,30,1,up,15005,0.12203,0.11688,0.12712,0.15866
test,G-blend,30,1,down,15005,0.12403,0.11815,0.12988,0.15866
test,G-blend,30,1,pooled,15005,0.12303,0.11941,0.12643,0.15866
test,G-blend,30,1.5,up,15005,0.049983,0.046522,0.053726,0.066807
test,G-blend,30,1.5,down,15005,0.054249,0.050264,0.058287,0.066807
test,G-blend,30,1.5,pooled,15005,0.052116,0.04953,0.054793,0.066807
test,G-blend,30,2,up,15005,0.023192,0.020725,0.02552,0.02275
test,G-blend,30,2,down,15005,0.023859,0.021589,0.026543,0.02275
test,G-blend,30,2,pooled,15005,0.023525,0.02182,0.02525,0.02275
test,G-blend,30,2.5,up,15005,0.011929,0.01026,0.013664,0.0062097
test,G-blend,30,2.5,down,15005,0.011463,0.0097907,0.01324,0.0062097
test,G-blend,30,2.5,pooled,15005,0.011696,0.010558,0.012871,0.0062097
test,G-blend,30,3,up,15005,0.0061979,0.0049407,0.0074703,0.0013499
test,G-blend,30,3,down,15005,0.0056648,0.0045336,0.0069287,0.0013499
test,G-blend,30,3,pooled,15005,0.0059314,0.005122,0.0067982,0.0013499
test,G-blend,30,3.5,up,15005,0.0033989,0.0025321,0.0042701,0.00023263
test,G-blend,30,3.5,down,15005,0.0033322,0.0024663,0.004393,0.00023263
test,G-blend,30,3.5,pooled,15005,0.0033655,0.0027627,0.0040377,0.00023263
test,G-blend,20,1,up,15005,0.12336,0.11787,0.12863,0.15866
test,G-blend,20,1,down,15005,0.12103,0.11538,0.12691,0.15866
test,G-blend,20,1,pooled,15005,0.12219,0.11834,0.12581,0.15866
test,G-blend,20,1.5,up,15005,0.051383,0.047879,0.054973,0.066807
test,G-blend,20,1.5,down,15005,0.051383,0.047951,0.055453,0.066807
test,G-blend,20,1.5,pooled,15005,0.051383,0.049046,0.053964,0.066807
test,G-blend,20,2,up,15005,0.022726,0.020251,0.025357,0.02275
test,G-blend,20,2,down,15005,0.022926,0.020461,0.025513,0.02275
test,G-blend,20,2,pooled,15005,0.022826,0.02117,0.024672,0.02275
test,G-blend,20,2.5,up,15005,0.011529,0.0098868,0.013246,0.0062097
test,G-blend,20,2.5,down,15005,0.011529,0.0097873,0.013365,0.0062097
test,G-blend,20,2.5,pooled,15005,0.011529,0.010305,0.012771,0.0062097
test,G-blend,20,3,up,15005,0.0064645,0.0053279,0.007663,0.0013499
test,G-blend,20,3,down,15005,0.0052649,0.0040715,0.0064517,0.0013499
test,G-blend,20,3,pooled,15005,0.0058647,0.0050724,0.00676,0.0013499
test,G-blend,20,3.5,up,15005,0.0033989,0.0025211,0.0043394,0.00023263
test,G-blend,20,3.5,down,15005,0.002999,0.0021291,0.0039308,0.00023263
test,G-blend,20,3.5,pooled,15005,0.0031989,0.002529,0.0038974,0.00023263
test,G-blend,15,1,up,15005,0.12096,0.11566,0.12641,0.15866
test,G-blend,15,1,down,15005,0.12416,0.11876,0.1294,0.15866
test,G-blend,15,1,pooled,15005,0.12256,0.1192,0.12611,0.15866
test,G-blend,15,1.5,up,15005,0.049983,0.046475,0.0537,0.066807
test,G-blend,15,1.5,down,15005,0.049317,0.045542,0.053784,0.066807
test,G-blend,15,1.5,pooled,15005,0.04965,0.047088,0.05234,0.066807
test,G-blend,15,2,up,15005,0.022193,0.019805,0.024805,0.02275
test,G-blend,15,2,down,15005,0.02106,0.018602,0.023695,0.02275
test,G-blend,15,2,pooled,15005,0.021626,0.019964,0.023367,0.02275
test,G-blend,15,2.5,up,15005,0.010863,0.009266,0.012473,0.0062097
test,G-blend,15,2.5,down,15005,0.010397,0.0088866,0.012203,0.0062097
test,G-blend,15,2.5,pooled,15005,0.01063,0.0095031,0.01191,0.0062097
test,G-blend,15,3,up,15005,0.0059314,0.0047377,0.0071939,0.0013499
test,G-blend,15,3,down,15005,0.0055981,0.0045242,0.0067978,0.0013499
test,G-blend,15,3,pooled,15005,0.0057647,0.0049281,0.006657,0.0013499
test,G-blend,15,3.5,up,15005,0.0030656,0.002202,0.0039313,0.00023263
test,G-blend,15,3.5,down,15005,0.0025991,0.0018648,0.0034651,0.00023263
test,G-blend,15,3.5,pooled,15005,0.0028324,0.0022662,0.0034264,0.00023263
test,G-blend,10,1,up,15005,0.12049,0.11523,0.12631,0.15866
test,G-blend,10,1,down,15005,0.12269,0.11792,0.12785,0.15866
test,G-blend,10,1,pooled,15005,0.12159,0.1182,0.12508,0.15866
test,G-blend,10,1.5,up,15005,0.052116,0.04838,0.056282,0.066807
test,G-blend,10,1.5,down,15005,0.048784,0.045454,0.052418,0.066807
test,G-blend,10,1.5,pooled,15005,0.05045,0.048025,0.053175,0.066807
test,G-blend,10,2,up,15005,0.023192,0.020804,0.02588,0.02275
test,G-blend,10,2,down,15005,0.020327,0.018117,0.022555,0.02275
test,G-blend,10,2,pooled,15005,0.021759,0.020152,0.02344,0.02275
test,G-blend,10,2.5,up,15005,0.01053,0.0089236,0.01214,0.0062097
test,G-blend,10,2.5,down,15005,0.0097967,0.0082676,0.01133,0.0062097
test,G-blend,10,2.5,pooled,15005,0.010163,0.0090351,0.01123,0.0062097
test,G-blend,10,3,up,15005,0.0054648,0.0044002,0.0066616,0.0013499
test,G-blend,10,3,down,15005,0.0049317,0.003871,0.006006,0.0013499
test,G-blend,10,3,pooled,15005,0.0051983,0.0044289,0.0060246,0.0013499
test,G-blend,10,3.5,up,15005,0.0029324,0.0020657,0.0037918,0.00023263
test,G-blend,10,3.5,down,15005,0.0026658,0.0018639,0.0035291,0.00023263
test,G-blend,10,3.5,pooled,15005,0.0027991,0.0021995,0.0033958,0.00023263
test,G-blend,5,1,up,15005,0.11569,0.11093,0.12152,0.15866
test,G-blend,5,1,down,15005,0.12243,0.1171,0.12825,0.15866
test,G-blend,5,1,pooled,15005,0.11906,0.11565,0.12285,0.15866
test,G-blend,5,1.5,up,15005,0.04965,0.046431,0.053083,0.066807
test,G-blend,5,1.5,down,15005,0.05025,0.046887,0.053629,0.066807
test,G-blend,5,1.5,pooled,15005,0.04995,0.047652,0.0523,0.066807
test,G-blend,5,2,up,15005,0.023192,0.020909,0.025529,0.02275
test,G-blend,5,2,down,15005,0.021326,0.019149,0.023593,0.02275
test,G-blend,5,2,pooled,15005,0.022259,0.020522,0.023894,0.02275
test,G-blend,5,2.5,up,15005,0.01053,0.009051,0.012192,0.0062097
test,G-blend,5,2.5,down,15005,0.0093302,0.0078624,0.010881,0.0062097
test,G-blend,5,2.5,pooled,15005,0.00993,0.0088,0.011055,0.0062097
test,G-blend,5,3,up,15005,0.0054648,0.0043916,0.0065374,0.0013499
test,G-blend,5,3,down,15005,0.0052649,0.004069,0.0064539,0.0013499
test,G-blend,5,3,pooled,15005,0.0053649,0.004525,0.006243,0.0013499
test,G-blend,5,3.5,up,15005,0.0025991,0.0018611,0.0034027,0.00023263
test,G-blend,5,3.5,down,15005,0.0023326,0.0016004,0.0031361,0.00023263
test,G-blend,5,3.5,pooled,15005,0.0024658,0.0019016,0.0030005,0.00023263
test,G-blend,3,1,up,15005,0.11756,0.11242,0.12276,0.15866
test,G-blend,3,1,down,15005,0.11896,0.11375,0.12434,0.15866
test,G-blend,3,1,pooled,15005,0.11826,0.11501,0.12173,0.15866
test,G-blend,3,1.5,up,15005,0.048784,0.0454,0.052278,0.066807
test,G-blend,3,1.5,down,15005,0.051516,0.047894,0.0552,0.066807
test,G-blend,3,1.5,pooled,15005,0.05015,0.047897,0.052609,0.066807
test,G-blend,3,2,up,15005,0.021126,0.018724,0.023627,0.02275
test,G-blend,3,2,down,15005,0.023459,0.020998,0.025831,0.02275
test,G-blend,3,2,pooled,15005,0.022293,0.020552,0.024114,0.02275
test,G-blend,3,2.5,up,15005,0.0097967,0.0082722,0.011392,0.0062097
test,G-blend,3,2.5,down,15005,0.010996,0.0092759,0.012611,0.0062097
test,G-blend,3,2.5,pooled,15005,0.010397,0.0092548,0.011494,0.0062097
test,G-blend,3,3,up,15005,0.0060646,0.0049281,0.0072749,0.0013499
test,G-blend,3,3,down,15005,0.0049317,0.0038694,0.0060594,0.0013499
test,G-blend,3,3,pooled,15005,0.0054982,0.0047182,0.0063093,0.0013499
test,G-blend,3,3.5,up,15005,0.0040653,0.0030662,0.0051303,0.00023263
test,G-blend,3,3.5,down,15005,0.0025991,0.001799,0.0034609,0.00023263
test,G-blend,3,3.5,pooled,15005,0.0033322,0.0026741,0.0040332,0.00023263
test,G-blend,2,1,up,15005,0.11623,0.11116,0.1213,0.15866
test,G-blend,2,1,down,15005,0.11476,0.10939,0.12056,0.15866
test,G-blend,2,1,pooled,15005,0.11549,0.11179,0.11906,0.15866
test,G-blend,2,1.5,up,15005,0.049917,0.046104,0.05336,0.066807
test,G-blend,2,1.5,down,15005,0.051316,0.047873,0.055108,0.066807
test,G-blend,2,1.5,pooled,15005,0.050616,0.048232,0.053144,0.066807
test,G-blend,2,2,up,15005,0.021659,0.019254,0.023986,0.02275
test,G-blend,2,2,down,15005,0.024592,0.022134,0.027203,0.02275
test,G-blend,2,2,pooled,15005,0.023126,0.021432,0.024889,0.02275
test,G-blend,2,2.5,up,15005,0.01013,0.0084683,0.011871,0.0062097
test,G-blend,2,2.5,down,15005,0.011729,0.01012,0.01353,0.0062097
test,G-blend,2,2.5,pooled,15005,0.01093,0.0097019,0.012198,0.0062097
test,G-blend,2,3,up,15005,0.0054648,0.0044571,0.0066667,0.0013499
test,G-blend,2,3,down,15005,0.005998,0.0048104,0.007259,0.0013499
test,G-blend,2,3,pooled,15005,0.0057314,0.0049048,0.0066325,0.0013499
test,G-blend,2,3.5,up,15005,0.0031323,0.0022659,0.0041322,0.00023263
test,G-blend,2,3.5,down,15005,0.0023992,0.0016027,0.0032054,0.00023263
test,G-blend,2,3.5,pooled,15005,0.0027657,0.0021987,0.0033957,0.00023263
test,T-blend,60,1,up,15005,0.11836,0.11303,0.12352,0.1235
test,T-blend,60,1,down,15005,0.12029,0.11468,0.12555,0.1235
test,T-blend,60,1,pooled,15005,0.11933,0.11562,0.12285,0.1235
test,T-blend,60,1.5,up,15005,0.050516,0.047036,0.054245,0.054034
test,T-blend,60,1.5,down,15005,0.052916,0.049373,0.05657,0.054034
test,T-blend,60,1.5,pooled,15005,0.051716,0.04925,0.05432,0.054034
test,T-blend,60,2,up,15005,0.021993,0.01959,0.024527,0.024435
test,T-blend,60,2,down,15005,0.023459,0.020972,0.026011,0.024435
test,T-blend,60,2,pooled,15005,0.022726,0.021132,0.02436,0.024435
test,T-blend,60,2.5,up,15005,0.011596,0.0099114,0.01346,0.011783
test,T-blend,60,2.5,down,15005,0.012129,0.010447,0.013924,0.011783
test,T-blend,60,2.5,pooled,15005,0.011863,0.010668,0.013068,0.011783
test,T-blend,60,3,up,15005,0.0067977,0.0054815,0.0081865,0.006092
test,T-blend,60,3,down,15005,0.0067977,0.0054612,0.0082612,0.006092
test,T-blend,60,3,pooled,15005,0.0067977,0.0058673,0.0077921,0.006092
test,T-blend,60,3.5,up,15005,0.004132,0.0031323,0.0051931,0.0033609
test,T-blend,60,3.5,down,15005,0.0044652,0.0034598,0.0055354,0.0033609
test,T-blend,60,3.5,pooled,15005,0.0042986,0.0036038,0.0050201,0.0033609
test,T-blend,45,1,up,15005,0.11463,0.10981,0.1196,0.12472
test,T-blend,45,1,down,15005,0.12429,0.11864,0.12941,0.12472
test,T-blend,45,1,pooled,15005,0.11946,0.116,0.12274,0.12472
test,T-blend,45,1.5,up,15005,0.049384,0.04616,0.05284,0.054529
test,T-blend,45,1.5,down,15005,0.053249,0.049229,0.057517,0.054529
test,T-blend,45,1.5,pooled,15005,0.051316,0.04896,0.05391,0.054529
test,T-blend,45,2,up,15005,0.022393,0.019894,0.02495,0.024524
test,T-blend,45,2,down,15005,0.023259,0.020966,0.025713,0.024524
test,T-blend,45,2,pooled,15005,0.022826,0.021225,0.024571,0.024524
test,T-blend,45,2.5,up,15005,0.011663,0.0099186,0.013529,0.011726
test,T-blend,45,2.5,down,15005,0.011796,0.010181,0.013511,0.011726
test,T-blend,45,2.5,pooled,15005,0.011729,0.010583,0.012873,0.011726
test,T-blend,45,3,up,15005,0.0058647,0.0047219,0.0071257,0.0060027
test,T-blend,45,3,down,15005,0.0066644,0.0055189,0.0079356,0.0060027
test,T-blend,45,3,pooled,15005,0.0062646,0.0054035,0.0071543,0.0060027
test,T-blend,45,3.5,up,15005,0.0035322,0.0025943,0.0045945,0.0032769
test,T-blend,45,3.5,down,15005,0.0036654,0.0027311,0.0047299,0.0032769
test,T-blend,45,3.5,pooled,15005,0.0035988,0.0029646,0.0043307,0.0032769
test,T-blend,30,1,up,15005,0.12276,0.1176,0.12783,0.12895
test,T-blend,30,1,down,15005,0.12516,0.11924,0.13086,0.12895
test,T-blend,30,1,pooled,15005,0.12396,0.12029,0.12735,0.12895
test,T-blend,30,1.5,up,15005,0.050516,0.047019,0.054292,0.05621
test,T-blend,30,1.5,down,15005,0.054582,0.050537,0.058682,0.05621
test,T-blend,30,1.5,pooled,15005,0.052549,0.04991,0.055189,0.05621
test,T-blend,30,2,up,15005,0.023392,0.020918,0.025728,0.024731
test,T-blend,30,2,down,15005,0.024059,0.021761,0.02681,0.024731
test,T-blend,30,2,pooled,15005,0.023725,0.022058,0.025495,0.024731
test,T-blend,30,2.5,up,15005,0.012196,0.010529,0.013996,0.011425
test,T-blend,30,2.5,down,15005,0.011529,0.0098647,0.013319,0.011425
test,T-blend,30,2.5,pooled,15005,0.011863,0.010685,0.012993,0.011425
test,T-blend,30,3,up,15005,0.0063312,0.0050736,0.0076063,0.0056169
test,T-blend,30,3,down,15005,0.0057314,0.004596,0.0069992,0.0056169
test,T-blend,30,3,pooled,15005,0.0060313,0.0052012,0.0069421,0.0056169
test,T-blend,30,3.5,up,15005,0.0033989,0.0025321,0.0042701,0.0029404
test,T-blend,30,3.5,down,15005,0.0033322,0.0024663,0.004393,0.0029404
test,T-blend,30,3.5,pooled,15005,0.0033655,0.0027627,0.0040377,0.0029404
test,T-blend,20,1,up,15005,0.12356,0.11795,0.12875,0.12577
test,T-blend,20,1,down,15005,0.12149,0.11567,0.12727,0.12577
test,T-blend,20,1,pooled,15005,0.12253,0.11875,0.12605,0.12577
test,T-blend,20,1.5,up,15005,0.051583,0.048005,0.055172,0.054945
test,T-blend,20,1.5,down,15005,0.051583,0.048073,0.055663,0.054945
test,T-blend,20,1.5,pooled,15005,0.051583,0.04923,0.054164,0.054945
test,T-blend,20,2,up,15005,0.022859,0.020444,0.025467,0.024575
test,T-blend,20,2,down,15005,0.022992,0.020528,0.025602,0.024575
test,T-blend,20,2,pooled,15005,0.022926,0.021278,0.024767,0.024575
test,T-blend,20,2.5,up,15005,0.011529,0.0098868,0.013246,0.01165
test,T-blend,20,2.5,down,15005,0.011596,0.009835,0.013459,0.01165
test,T-blend,20,2.5,pooled,15005,0.011563,0.010339,0.01287,0.01165
test,T-blend,20,3,up,15005,0.0064645,0.0053279,0.007663,0.0059058
test,T-blend,20,3,down,15005,0.0052649,0.0040715,0.0064517,0.0059058
test,T-blend,20,3,pooled,15005,0.0058647,0.0050724,0.00676,0.0059058
test,T-blend,20,3.5,up,15005,0.0033989,0.0025211,0.0043394,0.0031925
test,T-blend,20,3.5,down,15005,0.002999,0.0021291,0.0039308,0.0031925
test,T-blend,20,3.5,pooled,15005,0.0031989,0.002529,0.0038974,0.0031925
test,T-blend,15,1,up,15005,0.12269,0.11771,0.12811,0.1302
test,T-blend,15,1,down,15005,0.12509,0.11975,0.13047,0.1302
test,T-blend,15,1,pooled,15005,0.12389,0.12052,0.12743,0.1302
test,T-blend,15,1.5,up,15005,0.051116,0.047546,0.054875,0.056701
test,T-blend,15,1.5,down,15005,0.05005,0.046192,0.054453,0.056701
test,T-blend,15,1.5,pooled,15005,0.050583,0.047961,0.053262,0.056701
test,T-blend,15,2,up,15005,0.022792,0.02039,0.025398,0.02478
test,T-blend,15,2,down,15005,0.021326,0.018899,0.023901,0.02478
test,T-blend,15,2,pooled,15005,0.022059,0.020353,0.023869,0.02478
test,T-blend,15,2.5,up,15005,0.01113,0.0095146,0.012733,0.011324
test,T-blend,15,2.5,down,15005,0.010663,0.0091142,0.012517,0.011324
test,T-blend,15,2.5,pooled,15005,0.010896,0.009751,0.012213,0.011324
test,T-blend,15,3,up,15005,0.0060646,0.0048606,0.0073367,0.0054954
test,T-blend,15,3,down,15005,0.0057981,0.0046719,0.0070631,0.0054954
test,T-blend,15,3,pooled,15005,0.0059314,0.005061,0.0068297,0.0054954
test,T-blend,15,3.5,up,15005,0.0031323,0.0022671,0.0039976,0.0028374
test,T-blend,15,3.5,down,15005,0.0026658,0.0018689,0.0035348,0.0028374
test,T-blend,15,3.5,pooled,15005,0.002899,0.0023307,0.0035004,0.0028374
test,T-blend,10,1,up,15005,0.12076,0.11555,0.12667,0.13016
test,T-blend,10,1,down,15005,0.12283,0.11806,0.12804,0.13016
test,T-blend,10,1,pooled,15005,0.12179,0.11838,0.12528,0.13016
test,T-blend,10,1.5,up,15005,0.052116,0.04838,0.056282,0.056687
test,T-blend,10,1.5,down,15005,0.048917,0.045677,0.052488,0.056687
test,T-blend,10,1.5,pooled,15005,0.050516,0.048097,0.053282,0.056687
test,T-blend,10,2,up,15005,0.023326,0.020946,0.026024,0.024788
test,T-blend,10,2,down,15005,0.02046,0.018248,0.022714,0.024788
test,T-blend,10,2,pooled,15005,0.021893,0.020281,0.023624,0.024788
test,T-blend,10,2.5,up,15005,0.01053,0.0089236,0.01214,0.011337
test,T-blend,10,2.5,down,15005,0.0097967,0.0082676,0.01133,0.011337
test,T-blend,10,2.5,pooled,15005,0.010163,0.0090351,0.01123,0.011337
test,T-blend,10,3,up,15005,0.0055315,0.0044537,0.0067347,0.0055063
test,T-blend,10,3,down,15005,0.0049317,0.003871,0.006006,0.0055063
test,T-blend,10,3,pooled,15005,0.0052316,0.0044625,0.0060315,0.0055063
test,T-blend,10,3.5,up,15005,0.0029324,0.0020657,0.0037918,0.0028445
test,T-blend,10,3.5,down,15005,0.0026658,0.0018639,0.0035291,0.0028445
test,T-blend,10,3.5,pooled,15005,0.0027991,0.0021995,0.0033958,0.0028445
test,T-blend,5,1,up,15005,0.11576,0.11093,0.12158,0.12799
test,T-blend,5,1,down,15005,0.12276,0.11749,0.1285,0.12799
test,T-blend,5,1,pooled,15005,0.11926,0.11587,0.1231,0.12799
test,T-blend,5,1.5,up,15005,0.049783,0.046516,0.053312,0.055835
test,T-blend,5,1.5,down,15005,0.050317,0.047023,0.053619,0.055835
test,T-blend,5,1.5,pooled,15005,0.05005,0.047738,0.052404,0.055835
test,T-blend,5,2,up,15005,0.023192,0.020909,0.025529,0.024703
test,T-blend,5,2,down,15005,0.021393,0.019235,0.023705,0.024703
test,T-blend,5,2,pooled,15005,0.022293,0.020555,0.023929,0.024703
test,T-blend,5,2.5,up,15005,0.010663,0.0091801,0.012323,0.011512
test,T-blend,5,2.5,down,15005,0.0093302,0.0078624,0.010881,0.011512
test,T-blend,5,2.5,pooled,15005,0.0099967,0.0088463,0.011139,0.011512
test,T-blend,5,3,up,15005,0.0055315,0.0044009,0.0067169,0.0057175
test,T-blend,5,3,down,15005,0.0052649,0.004069,0.0064539,0.0057175
test,T-blend,5,3,pooled,15005,0.0053982,0.0045348,0.0062951,0.0057175
test,T-blend,5,3.5,up,15005,0.0025991,0.0018611,0.0034027,0.0030239
test,T-blend,5,3.5,down,15005,0.0023326,0.0016004,0.0031361,0.0030239
test,T-blend,5,3.5,pooled,15005,0.0024658,0.0019016,0.0030005,0.0030239
test,T-blend,3,1,up,15005,0.11723,0.11215,0.12251,0.12403
test,T-blend,3,1,down,15005,0.11869,0.11341,0.12405,0.12403
test,T-blend,3,1,pooled,15005,0.11796,0.11475,0.12143,0.12403
test,T-blend,3,1.5,up,15005,0.048451,0.044963,0.051973,0.054239
test,T-blend,3,1.5,down,15005,0.051316,0.047695,0.05502,0.054239
test,T-blend,3,1.5,pooled,15005,0.049883,0.047587,0.052365,0.054239
test,T-blend,3,2,up,15005,0.020993,0.018612,0.023477,0.024439
test,T-blend,3,2,down,15005,0.023459,0.020998,0.025831,0.024439
test,T-blend,3,2,pooled,15005,0.022226,0.020467,0.024061,0.024439
test,T-blend,3,2.5,up,15005,0.0097301,0.0082683,0.011323,0.011722
test,T-blend,3,2.5,down,15005,0.010863,0.0091932,0.012465,0.011722
test,T-blend,3,2.5,pooled,15005,0.010297,0.0091486,0.01141,0.011722
test,T-blend,3,3,up,15005,0.0060646,0.0049281,0.0072749,0.0060258
test,T-blend,3,3,down,15005,0.0049317,0.0038694,0.0060594,0.0060258
test,T-blend,3,3,pooled,15005,0.0054982,0.0047182,0.0063093,0.0060258
test,T-blend,3,3.5,up,15005,0.0040653,0.0030662,0.0051303,0.0033072
test,T-blend,3,3.5,down,15005,0.0025991,0.001799,0.0034609,0.0033072
test,T-blend,3,3.5,pooled,15005,0.0033322,0.0026741,0.0040332,0.0033072
test,T-blend,2,1,up,15005,0.11589,0.11088,0.12099,0.12056
test,T-blend,2,1,down,15005,0.11436,0.10903,0.1201,0.12056
test,T-blend,2,1,pooled,15005,0.11513,0.1115,0.11883,0.12056
test,T-blend,2,1.5,up,15005,0.04925,0.045527,0.052741,0.052832
test,T-blend,2,1.5,down,15005,0.05105,0.047627,0.054804,0.052832
test,T-blend,2,1.5,pooled,15005,0.05015,0.047666,0.052721,0.052832
test,T-blend,2,2,up,15005,0.021393,0.019006,0.023731,0.024185
test,T-blend,2,2,down,15005,0.024459,0.021936,0.027137,0.024185
test,T-blend,2,2,pooled,15005,0.022926,0.021284,0.024676,0.024185
test,T-blend,2,2.5,up,15005,0.01013,0.0084683,0.011871,0.011881
test,T-blend,2,2.5,down,15005,0.011463,0.0099155,0.013235,0.011881
test,T-blend,2,2.5,pooled,15005,0.010796,0.0095824,0.012099,0.011881
test,T-blend,2,3,up,15005,0.0054648,0.0044571,0.0066667,0.0062783
test,T-blend,2,3,down,15005,0.0058647,0.0047295,0.0071211,0.0062783
test,T-blend,2,3,pooled,15005,0.0056648,0.0048653,0.0065645,0.0062783
test,T-blend,2,3.5,up,15005,0.0031323,0.0022659,0.0041322,0.0035443
test,T-blend,2,3.5,down,15005,0.0023326,0.001599,0.0031395,0.0035443
test,T-blend,2,3.5,pooled,15005,0.0027324,0.0021603,0.003364,0.0035443
test,MIX-blend,60,1,up,15005,0.11823,0.11271,0.12347,0.12735
test,MIX-blend,60,1,down,15005,0.12003,0.11459,0.12525,0.12735
test,MIX-blend,60,1,pooled,15005,0.11913,0.11537,0.12262,0.12735
test,MIX-blend,60,1.5,up,15005,0.050583,0.047011,0.054201,0.058259
test,MIX-blend,60,1.5,down,15005,0.053116,0.049596,0.056766,0.058259
test,MIX-blend,60,1.5,pooled,15005,0.051849,0.049465,0.054453,0.058259
test,MIX-blend,60,2,up,15005,0.021859,0.019434,0.024389,0.026821
test,MIX-blend,60,2,down,15005,0.023592,0.021097,0.026157,0.026821
test,MIX-blend,60,2,pooled,15005,0.022726,0.021096,0.024372,0.026821
test,MIX-blend,60,2.5,up,15005,0.011463,0.0097376,0.013262,0.012623
test,MIX-blend,60,2.5,down,15005,0.012263,0.010544,0.014044,0.012623
test,MIX-blend,60,2.5,pooled,15005,0.011863,0.010675,0.013063,0.012623
test,MIX-blend,60,3,up,15005,0.0067311,0.0054601,0.0081318,0.0061079
test,MIX-blend,60,3,down,15005,0.0067977,0.0055245,0.0081935,0.0061079
test,MIX-blend,60,3,pooled,15005,0.0067644,0.0058335,0.0077762,0.0061079
test,MIX-blend,60,3.5,up,15005,0.004132,0.0031323,0.0051931,0.0030418
test,MIX-blend,60,3.5,down,15005,0.0043985,0.0033856,0.0054773,0.0030418
test,MIX-blend,60,3.5,pooled,15005,0.0042652,0.0035555,0.0049967,0.0030418
test,MIX-blend,45,1,up,15005,0.11463,0.10983,0.11966,0.12828
test,MIX-blend,45,1,down,15005,0.12449,0.11891,0.1296,0.12828
test,MIX-blend,45,1,pooled,15005,0.11956,0.1161,0.12287,0.12828
test,MIX-blend,45,1.5,up,15005,0.049317,0.046189,0.052642,0.05852
test,MIX-blend,45,1.5,down,15005,0.053249,0.049246,0.057536,0.05852
test,MIX-blend,45,1.5,pooled,15005,0.051283,0.04891,0.053832,0.05852
test,MIX-blend,45,2,up,15005,0.022393,0.019894,0.02495,0.026775
test,MIX-blend,45,2,down,15005,0.022992,0.020771,0.025503,0.026775
test,MIX-blend,45,2,pooled,15005,0.022692,0.021121,0.024419,0.026775
test,MIX-blend,45,2.5,up,15005,0.011796,0.010051,0.013636,0.012496
test,MIX-blend,45,2.5,down,15005,0.011729,0.010048,0.013422,0.012496
test,MIX-blend,45,2.5,pooled,15005,0.011763,0.010623,0.012927,0.012496
test,MIX-blend,45,3,up,15005,0.0058647,0.0046732,0.0071354,0.0059865
test,MIX-blend,45,3,down,15005,0.0065978,0.0054568,0.007921,0.0059865
test,MIX-blend,45,3,pooled,15005,0.0062313,0.0053961,0.0071189,0.0059865
test,MIX-blend,45,3.5,up,15005,0.0033989,0.0024583,0.0044625,0.0029492
test,MIX-blend,45,3.5,down,15005,0.0037321,0.0027985,0.0047981,0.0029492
test,MIX-blend,45,3.5,pooled,15005,0.0035655,0.0029032,0.0042975,0.0029492
test,MIX-blend,30,1,up,15005,0.12269,0.11753,0.12769,0.13177
test,MIX-blend,30,1,down,15005,0.12476,0.11879,0.13056,0.13177
test,MIX-blend,30,1,pooled,15005,0.12373,0.11999,0.12713,0.13177
test,MIX-blend,30,1.5,up,15005,0.050383,0.046899,0.054125,0.05948
test,MIX-blend,30,1.5,down,15005,0.054582,0.050532,0.058683,0.05948
test,MIX-blend,30,1.5,pooled,15005,0.052483,0.04981,0.055179,0.05948
test,MIX-blend,30,2,up,15005,0.023392,0.020896,0.025767,0.026542
test,MIX-blend,30,2,down,15005,0.024192,0.021935,0.026942,0.026542
test,MIX-blend,30,2,pooled,15005,0.023792,0.022105,0.025569,0.026542
test,MIX-blend,30,2.5,up,15005,0.012063,0.010397,0.013843,0.011968
test,MIX-blend,30,2.5,down,15005,0.011529,0.0098811,0.013306,0.011968
test,MIX-blend,30,2.5,pooled,15005,0.011796,0.010647,0.012953,0.011968
test,MIX-blend,30,3,up,15005,0.0062646,0.0050553,0.0075475,0.0055085
test,MIX-blend,30,3,down,15005,0.0057314,0.0046003,0.0070107,0.0055085
test,MIX-blend,30,3,pooled,15005,0.005998,0.0051867,0.006893,0.0055085
test,MIX-blend,30,3.5,up,15005,0.0033989,0.0025321,0.0042701,0.0025996
test,MIX-blend,30,3.5,down,15005,0.0033322,0.0024663,0.004393,0.0025996
test,MIX-blend,30,3.5,pooled,15005,0.0033655,0.0027627,0.0040377,0.0025996
test,MIX-blend,20,1,up,15005,0.12389,0.11829,0.12921,0.12897
test,MIX-blend,20,1,down,15005,0.12203,0.11613,0.12787,0.12897
test,MIX-blend,20,1,pooled,15005,0.12296,0.11922,0.12653,0.12897
test,MIX-blend,20,1.5,up,15005,0.051716,0.048136,0.055316,0.058711
test,MIX-blend,20,1.5,down,15005,0.051716,0.048168,0.055786,0.058711
test,MIX-blend,20,1.5,pooled,15005,0.051716,0.049364,0.054279,0.058711
test,MIX-blend,20,2,up,15005,0.022859,0.020444,0.025467,0.026727
test,MIX-blend,20,2,down,15005,0.023126,0.020666,0.025694,0.026727
test,MIX-blend,20,2,pooled,15005,0.022992,0.021344,0.024805,0.026727
test,MIX-blend,20,2.5,up,15005,0.011596,0.0099416,0.013277,0.012389
test,MIX-blend,20,2.5,down,15005,0.011663,0.0098679,0.013505,0.012389
test,MIX-blend,20,2.5,pooled,15005,0.011629,0.010419,0.012967,0.012389
test,MIX-blend,20,3,up,15005,0.0064645,0.0053279,0.007663,0.0058904
test,MIX-blend,20,3,down,15005,0.0053316,0.0041383,0.0064812,0.0058904
test,MIX-blend,20,3,pooled,15005,0.005898,0.005079,0.0067713,0.0058904
test,MIX-blend,20,3.5,up,15005,0.0033989,0.0025211,0.0043394,0.002879
test,MIX-blend,20,3.5,down,15005,0.002999,0.0021291,0.0039308,0.002879
test,MIX-blend,20,3.5,pooled,15005,0.0031989,0.002529,0.0038974,0.002879
test,MIX-blend,15,1,up,15005,0.12136,0.11613,0.12687,0.13273
test,MIX-blend,15,1,down,15005,0.12469,0.1193,0.12994,0.13273
test,MIX-blend,15,1,pooled,15005,0.12303,0.11956,0.1265,0.13273
test,MIX-blend,15,1.5,up,15005,0.050716,0.047127,0.054471,0.059742
test,MIX-blend,15,1.5,down,15005,0.04965,0.045927,0.054121,0.059742
test,MIX-blend,15,1.5,pooled,15005,0.050183,0.047576,0.052911,0.059742
test,MIX-blend,15,2,up,15005,0.022393,0.020005,0.025062,0.026463
test,MIX-blend,15,2,down,15005,0.021193,0.018749,0.023811,0.026463
test,MIX-blend,15,2,pooled,15005,0.021793,0.020105,0.023564,0.026463
test,MIX-blend,15,2.5,up,15005,0.01093,0.0093441,0.012519,0.01181
test,MIX-blend,15,2.5,down,15005,0.010463,0.0089379,0.012269,0.01181
test,MIX-blend,15,2.5,pooled,15005,0.010696,0.0095658,0.011958,0.01181
test,MIX-blend,15,3,up,15005,0.005998,0.0047968,0.0072606,0.0053714
test,MIX-blend,15,3,down,15005,0.0055981,0.0045242,0.0067978,0.0053714
test,MIX-blend,15,3,pooled,15005,0.0057981,0.0049373,0.0066926,0.0053714
test,MIX-blend,15,3.5,up,15005,0.0031323,0.0022671,0.0039976,0.002503
test,MIX-blend,15,3.5,down,15005,0.0026658,0.0018689,0.0035348,0.002503
test,MIX-blend,15,3.5,pooled,15005,0.002899,0.0023307,0.0035004,0.002503
test,MIX-blend,10,1,up,15005,0.12063,0.11533,0.12642,0.13233
test,MIX-blend,10,1,down,15005,0.12276,0.11798,0.12797,0.13233
test,MIX-blend,10,1,pooled,15005,0.12169,0.11826,0.12515,0.13233
test,MIX-blend,10,1.5,up,15005,0.052116,0.04838,0.056282,0.059636
test,MIX-blend,10,1.5,down,15005,0.048784,0.045454,0.052418,0.059636
test,MIX-blend,10,1.5,pooled,15005,0.05045,0.048025,0.053175,0.059636
test,MIX-blend,10,2,up,15005,0.023192,0.020804,0.02588,0.026505
test,MIX-blend,10,2,down,15005,0.02046,0.018181,0.022653,0.026505
test,MIX-blend,10,2,pooled,15005,0.021826,0.020219,0.023539,0.026505
test,MIX-blend,10,2.5,up,15005,0.01053,0.0089236,0.01214,0.011883
test,MIX-blend,10,2.5,down,15005,0.0097967,0.0082676,0.01133,0.011883
test,MIX-blend,10,2.5,pooled,15005,0.010163,0.0090351,0.01123,0.011883
test,MIX-blend,10,3,up,15005,0.0055315,0.0044662,0.006728,0.0054315
test,MIX-blend,10,3,down,15005,0.0049317,0.003871,0.006006,0.0054315
test,MIX-blend,10,3,pooled,15005,0.0052316,0.0044339,0.0060606,0.0054315
test,MIX-blend,10,3.5,up,15005,0.0029324,0.0020657,0.0037918,0.0025429
test,MIX-blend,10,3.5,down,15005,0.0026658,0.0018639,0.0035291,0.0025429
test,MIX-blend,10,3.5,pooled,15005,0.0027991,0.0021995,0.0033958,0.0025429
test,MIX-blend,5,1,up,15005,0.11569,0.11093,0.12152,0.1301
test,MIX-blend,5,1,down,15005,0.12243,0.1171,0.12825,0.1301
test,MIX-blend,5,1,pooled,15005,0.11906,0.11565,0.12285,0.1301
test,MIX-blend,5,1.5,up,15005,0.049783,0.04653,0.053308,0.059023
test,MIX-blend,5,1.5,down,15005,0.050317,0.04699,0.053775,0.059023
test,MIX-blend,5,1.5,pooled,15005,0.05005,0.047725,0.052415,0.059023
test,MIX-blend,5,2,up,15005,0.023192,0.020909,0.025529,0.026662
test,MIX-blend,5,2,down,15005,0.021326,0.019149,0.023593,0.026662
test,MIX-blend,5,2,pooled,15005,0.022259,0.020522,0.023894,0.026662
test,MIX-blend,5,2.5,up,15005,0.010596,0.0090646,0.012307,0.012227
test,MIX-blend,5,2.5,down,15005,0.0093969,0.0078873,0.010983,0.012227
test,MIX-blend,5,2.5,pooled,15005,0.0099967,0.0088565,0.011144,0.012227
test,MIX-blend,5,3,up,15005,0.0054648,0.0043916,0.0065374,0.0057401
test,MIX-blend,5,3,down,15005,0.0052649,0.004069,0.0064539,0.0057401
test,MIX-blend,5,3,pooled,15005,0.0053649,0.004525,0.006243,0.0057401
test,MIX-blend,5,3.5,up,15005,0.0025991,0.0018611,0.0034027,0.0027667
test,MIX-blend,5,3.5,down,15005,0.0023326,0.0016004,0.0031361,0.0027667
test,MIX-blend,5,3.5,pooled,15005,0.0024658,0.0019016,0.0030005,0.0027667
test,MIX-blend,3,1,up,15005,0.11789,0.11276,0.12306,0.12654
test,MIX-blend,3,1,down,15005,0.11923,0.11396,0.12474,0.12654
test,MIX-blend,3,1,pooled,15005,0.11856,0.11529,0.12207,0.12654
test,MIX-blend,3,1.5,up,15005,0.04885,0.045476,0.05231,0.05802
test,MIX-blend,3,1.5,down,15005,0.051649,0.048094,0.055254,0.05802
test,MIX-blend,3,1.5,pooled,15005,0.05025,0.04799,0.052714,0.05802
test,MIX-blend,3,2,up,15005,0.021193,0.018745,0.023692,0.026836
test,MIX-blend,3,2,down,15005,0.023725,0.02133,0.026141,0.026836
test,MIX-blend,3,2,pooled,15005,0.022459,0.020714,0.02428,0.026836
test,MIX-blend,3,2.5,up,15005,0.0097967,0.0082722,0.011392,0.012714
test,MIX-blend,3,2.5,down,15005,0.01113,0.0094019,0.012744,0.012714
test,MIX-blend,3,2.5,pooled,15005,0.010463,0.0093538,0.011579,0.012714
test,MIX-blend,3,3,up,15005,0.0061313,0.00493,0.0073752,0.0062035
test,MIX-blend,3,3,down,15005,0.0049983,0.003932,0.006124,0.0062035
test,MIX-blend,3,3,pooled,15005,0.0055648,0.0047634,0.0064052,0.0062035
test,MIX-blend,3,3.5,up,15005,0.0040653,0.0030662,0.0051303,0.0031206
test,MIX-blend,3,3.5,down,15005,0.0026658,0.001866,0.0034685,0.0031206
test,MIX-blend,3,3.5,pooled,15005,0.0033655,0.0027337,0.0040732,0.0031206
test,MIX-blend,2,1,up,15005,0.11623,0.11116,0.1213,0.1232
test,MIX-blend,2,1,down,15005,0.11476,0.10939,0.12056,0.1232
test,MIX-blend,2,1,pooled,15005,0.11549,0.11179,0.11906,0.1232
test,MIX-blend,2,1.5,up,15005,0.049917,0.046104,0.05336,0.05706
test,MIX-blend,2,1.5,down,15005,0.051316,0.047873,0.055108,0.05706
test,MIX-blend,2,1.5,pooled,15005,0.050616,0.048232,0.053144,0.05706
test,MIX-blend,2,2,up,15005,0.021659,0.019254,0.023986,0.026964
test,MIX-blend,2,2,down,15005,0.024592,0.022134,0.027203,0.026964
test,MIX-blend,2,2,pooled,15005,0.023126,0.021432,0.024889,0.026964
test,MIX-blend,2,2.5,up,15005,0.01013,0.0084683,0.011871,0.013143
test,MIX-blend,2,2.5,down,15005,0.011729,0.01012,0.01353,0.013143
test,MIX-blend,2,2.5,pooled,15005,0.01093,0.0097019,0.012198,0.013143
test,MIX-blend,2,3,up,15005,0.0054648,0.0044571,0.0066667,0.0066248
test,MIX-blend,2,3,down,15005,0.005998,0.0048104,0.007259,0.0066248
test,MIX-blend,2,3,pooled,15005,0.0057314,0.0049048,0.0066325,0.0066248
test,MIX-blend,2,3.5,up,15005,0.0031323,0.0022659,0.0041322,0.0034505
test,MIX-blend,2,3.5,down,15005,0.0023992,0.0016027,0.0032054,0.0034505
test,MIX-blend,2,3.5,pooled,15005,0.0027657,0.0021987,0.0033957,0.0034505
test,EMP-blend,60,1,up,15005,0.11769,0.11232,0.12271,0.12395
test,EMP-blend,60,1,down,15005,0.11983,0.11437,0.12502,0.12395
test,EMP-blend,60,1,pooled,15005,0.11876,0.11508,0.12226,0.12395
test,EMP-blend,60,1.5,up,15005,0.050383,0.046858,0.05411,0.050853
test,EMP-blend,60,1.5,down,15005,0.052916,0.049343,0.056517,0.050853
test,EMP-blend,60,1.5,pooled,15005,0.051649,0.049234,0.05422,0.050853
test,EMP-blend,60,2,up,15005,0.021859,0.019434,0.024389,0.02256
test,EMP-blend,60,2,down,15005,0.023392,0.02089,0.026009,0.02256
test,EMP-blend,60,2,pooled,15005,0.022626,0.020997,0.024287,0.02256
test,EMP-blend,60,2.5,up,15005,0.011463,0.0097376,0.013262,0.011378
test,EMP-blend,60,2.5,down,15005,0.011863,0.010205,0.013596,0.011378
test,EMP-blend,60,2.5,pooled,15005,0.011663,0.010468,0.012833,0.011378
test,EMP-blend,60,3,up,15005,0.0067311,0.0054601,0.0081318,0.0065783
test,EMP-blend,60,3,down,15005,0.0066644,0.0053264,0.0081225,0.0065783
test,EMP-blend,60,3,pooled,15005,0.0066978,0.0057574,0.0076797,0.0065783
test,EMP-blend,60,3.5,up,15005,0.004132,0.0031323,0.0051931,0.0039034
test,EMP-blend,60,3.5,down,15005,0.0043985,0.0033856,0.0054773,0.0039034
test,EMP-blend,60,3.5,pooled,15005,0.0042652,0.0035555,0.0049967,0.0039034
test,EMP-blend,45,1,up,15005,0.11376,0.10896,0.1188,0.12234
test,EMP-blend,45,1,down,15005,0.12363,0.11808,0.12886,0.12234
test,EMP-blend,45,1,pooled,15005,0.11869,0.1152,0.1221,0.12234
test,EMP-blend,45,1.5,up,15005,0.048917,0.045737,0.0524,0.049485
test,EMP-blend,45,1.5,down,15005,0.052849,0.048875,0.057055,0.049485
test,EMP-blend,45,1.5,pooled,15005,0.050883,0.048526,0.05349,0.049485
test,EMP-blend,45,2,up,15005,0.022326,0.019775,0.024902,0.022179
test,EMP-blend,45,2,down,15005,0.022726,0.020464,0.025236,0.022179
test,EMP-blend,45,2,pooled,15005,0.022526,0.020943,0.024279,0.022179
test,EMP-blend,45,2.5,up,15005,0.011529,0.0097897,0.013345,0.011317
test,EMP-blend,45,2.5,down,15005,0.011729,0.010048,0.013422,0.011317
test,EMP-blend,45,2.5,pooled,15005,0.011629,0.010505,0.012787,0.011317
test,EMP-blend,45,3,up,15005,0.0057981,0.0046005,0.0070029,0.0060844
test,EMP-blend,45,3,down,15005,0.0065312,0.0053305,0.0078006,0.0060844
test,EMP-blend,45,3,pooled,15005,0.0061646,0.0053512,0.0070292,0.0060844
test,EMP-blend,45,3.5,up,15005,0.0033989,0.0024583,0.0044625,0.0039272
test,EMP-blend,45,3.5,down,15005,0.0036654,0.0027311,0.0047299,0.0039272
test,EMP-blend,45,3.5,pooled,15005,0.0035322,0.0028986,0.0042665,0.0039272
test,EMP-blend,30,1,up,15005,0.12203,0.11688,0.12712,0.12477
test,EMP-blend,30,1,down,15005,0.12403,0.11815,0.12988,0.12477
test,EMP-blend,30,1,pooled,15005,0.12303,0.11941,0.12643,0.12477
test,EMP-blend,30,1.5,up,15005,0.049983,0.046522,0.053726,0.050361
test,EMP-blend,30,1.5,down,15005,0.054249,0.050264,0.058287,0.050361
test,EMP-blend,30,1.5,pooled,15005,0.052116,0.04953,0.054793,0.050361
test,EMP-blend,30,2,up,15005,0.023192,0.020725,0.02552,0.02318
test,EMP-blend,30,2,down,15005,0.023859,0.021589,0.026543,0.02318
test,EMP-blend,30,2,pooled,15005,0.023525,0.02182,0.02525,0.02318
test,EMP-blend,30,2.5,up,15005,0.011929,0.01026,0.013664,0.012021
test,EMP-blend,30,2.5,down,15005,0.011463,0.0097907,0.01324,0.012021
test,EMP-blend,30,2.5,pooled,15005,0.011696,0.010558,0.012871,0.012021
test,EMP-blend,30,3,up,15005,0.0061979,0.0049407,0.0074703,0.0061625
test,EMP-blend,30,3,down,15005,0.0056648,0.0045336,0.0069287,0.0061625
test,EMP-blend,30,3,pooled,15005,0.0059314,0.005122,0.0067982,0.0061625
test,EMP-blend,30,3.5,up,15005,0.0033989,0.0025321,0.0042701,0.003297
test,EMP-blend,30,3.5,down,15005,0.0033322,0.0024663,0.004393,0.003297
test,EMP-blend,30,3.5,pooled,15005,0.0033655,0.0027627,0.0040377,0.003297
test,EMP-blend,20,1,up,15005,0.12336,0.11787,0.12863,0.12685
test,EMP-blend,20,1,down,15005,0.12103,0.11538,0.12691,0.12685
test,EMP-blend,20,1,pooled,15005,0.12219,0.11834,0.12581,0.12685
test,EMP-blend,20,1.5,up,15005,0.051383,0.047879,0.054973,0.053553
test,EMP-blend,20,1.5,down,15005,0.051383,0.047951,0.055453,0.053553
test,EMP-blend,20,1.5,pooled,15005,0.051383,0.049046,0.053964,0.053553
test,EMP-blend,20,2,up,15005,0.022726,0.020251,0.025357,0.023728
test,EMP-blend,20,2,down,15005,0.022926,0.020461,0.025513,0.023728
test,EMP-blend,20,2,pooled,15005,0.022826,0.02117,0.024672,0.023728
test,EMP-blend,20,2.5,up,15005,0.011529,0.0098868,0.013246,0.012178
test,EMP-blend,20,2.5,down,15005,0.011529,0.0097873,0.013365,0.012178
test,EMP-blend,20,2.5,pooled,15005,0.011529,0.010305,0.012771,0.012178
test,EMP-blend,20,3,up,15005,0.0064645,0.0053279,0.007663,0.0065447
test,EMP-blend,20,3,down,15005,0.0052649,0.0040715,0.0064517,0.0065447
test,EMP-blend,20,3,pooled,15005,0.0058647,0.0050724,0.00676,0.0065447
test,EMP-blend,20,3.5,up,15005,0.0033989,0.0025211,0.0043394,0.0035657
test,EMP-blend,20,3.5,down,15005,0.002999,0.0021291,0.0039308,0.0035657
test,EMP-blend,20,3.5,pooled,15005,0.0031989,0.002529,0.0038974,0.0035657
test,EMP-blend,15,1,up,15005,0.12096,0.11566,0.12641,0.1283
test,EMP-blend,15,1,down,15005,0.12416,0.11876,0.1294,0.1283
test,EMP-blend,15,1,pooled,15005,0.12256,0.1192,0.12611,0.1283
test,EMP-blend,15,1.5,up,15005,0.049983,0.046475,0.0537,0.052008
test,EMP-blend,15,1.5,down,15005,0.049317,0.045542,0.053784,0.052008
test,EMP-blend,15,1.5,pooled,15005,0.04965,0.047088,0.05234,0.052008
test,EMP-blend,15,2,up,15005,0.022193,0.019805,0.024805,0.022608
test,EMP-blend,15,2,down,15005,0.02106,0.018602,0.023695,0.022608
test,EMP-blend,15,2,pooled,15005,0.021626,0.019964,0.023367,0.022608
test,EMP-blend,15,2.5,up,15005,0.010863,0.009266,0.012473,0.011262
test,EMP-blend,15,2.5,down,15005,0.010397,0.0088866,0.012203,0.011262
test,EMP-blend,15,2.5,pooled,15005,0.01063,0.0095031,0.01191,0.011262
test,EMP-blend,15,3,up,15005,0.0059314,0.0047377,0.0071939,0.0063506
test,EMP-blend,15,3,down,15005,0.0055981,0.0045242,0.0067978,0.0063506
test,EMP-blend,15,3,pooled,15005,0.0057647,0.0049281,0.006657,0.0063506
test,EMP-blend,15,3.5,up,15005,0.0030656,0.002202,0.0039313,0.0035629
test,EMP-blend,15,3.5,down,15005,0.0025991,0.0018648,0.0034651,0.0035629
test,EMP-blend,15,3.5,pooled,15005,0.0028324,0.0022662,0.0034264,0.0035629
test,EMP-blend,10,1,up,15005,0.12049,0.11523,0.12631,0.1311
test,EMP-blend,10,1,down,15005,0.12269,0.11792,0.12785,0.1311
test,EMP-blend,10,1,pooled,15005,0.12159,0.1182,0.12508,0.1311
test,EMP-blend,10,1.5,up,15005,0.052116,0.04838,0.056282,0.055911
test,EMP-blend,10,1.5,down,15005,0.048784,0.045454,0.052418,0.055911
test,EMP-blend,10,1.5,pooled,15005,0.05045,0.048025,0.053175,0.055911
test,EMP-blend,10,2,up,15005,0.023192,0.020804,0.02588,0.024677
test,EMP-blend,10,2,down,15005,0.020327,0.018117,0.022555,0.024677
test,EMP-blend,10,2,pooled,15005,0.021759,0.020152,0.02344,0.024677
test,EMP-blend,10,2.5,up,15005,0.01053,0.0089236,0.01214,0.01136
test,EMP-blend,10,2.5,down,15005,0.0097967,0.0082676,0.01133,0.01136
test,EMP-blend,10,2.5,pooled,15005,0.010163,0.0090351,0.01123,0.01136
test,EMP-blend,10,3,up,15005,0.0054648,0.0044002,0.0066616,0.0052351
test,EMP-blend,10,3,down,15005,0.0049317,0.003871,0.006006,0.0052351
test,EMP-blend,10,3,pooled,15005,0.0051983,0.0044289,0.0060246,0.0052351
test,EMP-blend,10,3.5,up,15005,0.0029324,0.0020657,0.0037918,0.0029371
test,EMP-blend,10,3.5,down,15005,0.0026658,0.0018639,0.0035291,0.0029371
test,EMP-blend,10,3.5,pooled,15005,0.0027991,0.0021995,0.0033958,0.0029371
test,EMP-blend,5,1,up,15005,0.11569,0.11093,0.12152,0.12641
test,EMP-blend,5,1,down,15005,0.12243,0.1171,0.12825,0.12641
test,EMP-blend,5,1,pooled,15005,0.11906,0.11565,0.12285,0.12641
test,EMP-blend,5,1.5,up,15005,0.04965,0.046431,0.053083,0.054807
test,EMP-blend,5,1.5,down,15005,0.05025,0.046887,0.053629,0.054807
test,EMP-blend,5,1.5,pooled,15005,0.04995,0.047652,0.0523,0.054807
test,EMP-blend,5,2,up,15005,0.023192,0.020909,0.025529,0.024101
test,EMP-blend,5,2,down,15005,0.021326,0.019149,0.023593,0.024101
test,EMP-blend,5,2,pooled,15005,0.022259,0.020522,0.023894,0.024101
test,EMP-blend,5,2.5,up,15005,0.01053,0.009051,0.012192,0.011325
test,EMP-blend,5,2.5,down,15005,0.0093302,0.0078624,0.010881,0.011325
test,EMP-blend,5,2.5,pooled,15005,0.00993,0.0088,0.011055,0.011325
test,EMP-blend,5,3,up,15005,0.0054648,0.0043916,0.0065374,0.0056452
test,EMP-blend,5,3,down,15005,0.0052649,0.004069,0.0064539,0.0056452
test,EMP-blend,5,3,pooled,15005,0.0053649,0.004525,0.006243,0.0056452
test,EMP-blend,5,3.5,up,15005,0.0025991,0.0018611,0.0034027,0.0030642
test,EMP-blend,5,3.5,down,15005,0.0023326,0.0016004,0.0031361,0.0030642
test,EMP-blend,5,3.5,pooled,15005,0.0024658,0.0019016,0.0030005,0.0030642
test,EMP-blend,3,1,up,15005,0.11756,0.11242,0.12276,0.12534
test,EMP-blend,3,1,down,15005,0.11896,0.11375,0.12434,0.12534
test,EMP-blend,3,1,pooled,15005,0.11826,0.11501,0.12173,0.12534
test,EMP-blend,3,1.5,up,15005,0.048784,0.0454,0.052278,0.053016
test,EMP-blend,3,1.5,down,15005,0.051516,0.047894,0.0552,0.053016
test,EMP-blend,3,1.5,pooled,15005,0.05015,0.047897,0.052609,0.053016
test,EMP-blend,3,2,up,15005,0.021126,0.018724,0.023627,0.023621
test,EMP-blend,3,2,down,15005,0.023459,0.020998,0.025831,0.023621
test,EMP-blend,3,2,pooled,15005,0.022293,0.020552,0.024114,0.023621
test,EMP-blend,3,2.5,up,15005,0.0097967,0.0082722,0.011392,0.010698
test,EMP-blend,3,2.5,down,15005,0.010996,0.0092759,0.012611,0.010698
test,EMP-blend,3,2.5,pooled,15005,0.010397,0.0092548,0.011494,0.010698
test,EMP-blend,3,3,up,15005,0.0060646,0.0049281,0.0072749,0.0058391
test,EMP-blend,3,3,down,15005,0.0049317,0.0038694,0.0060594,0.0058391
test,EMP-blend,3,3,pooled,15005,0.0054982,0.0047182,0.0063093,0.0058391
test,EMP-blend,3,3.5,up,15005,0.0040653,0.0030662,0.0051303,0.0039311
test,EMP-blend,3,3.5,down,15005,0.0025991,0.001799,0.0034609,0.0039311
test,EMP-blend,3,3.5,pooled,15005,0.0033322,0.0026741,0.0040332,0.0039311
test,EMP-blend,2,1,up,15005,0.11623,0.11116,0.1213,0.12498
test,EMP-blend,2,1,down,15005,0.11476,0.10939,0.12056,0.12498
test,EMP-blend,2,1,pooled,15005,0.11549,0.11179,0.11906,0.12498
test,EMP-blend,2,1.5,up,15005,0.049917,0.046104,0.05336,0.054701
test,EMP-blend,2,1.5,down,15005,0.051316,0.047873,0.055108,0.054701
test,EMP-blend,2,1.5,pooled,15005,0.050616,0.048232,0.053144,0.054701
test,EMP-blend,2,2,up,15005,0.021659,0.019254,0.023986,0.023476
test,EMP-blend,2,2,down,15005,0.024592,0.022134,0.027203,0.023476
test,EMP-blend,2,2,pooled,15005,0.023126,0.021432,0.024889,0.023476
test,EMP-blend,2,2.5,up,15005,0.01013,0.0084683,0.011871,0.010991
test,EMP-blend,2,2.5,down,15005,0.011729,0.01012,0.01353,0.010991
test,EMP-blend,2,2.5,pooled,15005,0.01093,0.0097019,0.012198,0.010991
test,EMP-blend,2,3,up,15005,0.0054648,0.0044571,0.0066667,0.0058919
test,EMP-blend,2,3,down,15005,0.005998,0.0048104,0.007259,0.0058919
test,EMP-blend,2,3,pooled,15005,0.0057314,0.0049048,0.0066325,0.0058919
test,EMP-blend,2,3.5,up,15005,0.0031323,0.0022659,0.0041322,0.0033466
test,EMP-blend,2,3.5,down,15005,0.0023992,0.0016027,0.0032054,0.0033466
test,EMP-blend,2,3.5,pooled,15005,0.0027657,0.0021987,0.0033957,0.0033466
